centroid_x_m,centroid_y_m,cell_id,qnr,qname,knr,kname,pop_total,pop_60plus,pop_80plus,share_60plus,share_80plus,hh_total,hh_einpersonen,share_einpersonen,pop_szenario_now,pop_szenario_future,growth_10y,dist_nearest_spitex_m,n_spitex_1000m,dist_nearest_oev_m,n_oev_stops_500m,demand_score,undersupply_score,accessibility_score,growth_score
2682524.694,1242284.105,0,21,Wollishofen,2,Kreis 2,22029.0,4145.0,1095.0,0.188161060420355,0.049707204139997276,10273,4223,0.41107758201109706,22000.0,23830.0,0.08318181818181818,1425.7623577759327,0,707.8900342997504,0,0.3543681184503833,0.46075087930301745,0.6323054982132288,0.1616044881170646
2682324.694,1242484.105,1,21,Wollishofen,2,Kreis 2,22029.0,4145.0,1095.0,0.188161060420355,0.049707204139997276,10273,4223,0.41107758201109706,22000.0,23830.0,0.08318181818181818,1145.217141353823,0,733.2616863445414,0,0.3543681184503833,0.36998290262870326,0.6190117100716057,0.1616044881170646
2682524.694,1242484.105,2,21,Wollishofen,2,Kreis 2,22029.0,4145.0,1095.0,0.188161060420355,0.049707204139997276,10273,4223,0.41107758201109706,22000.0,23830.0,0.08318181818181818,1275.222451516101,0,565.9949652257467,0,0.3543681184503833,0.41204499554491897,0.7066531592674112,0.1616044881170646
2682524.694,1242684.105,3,21,Wollishofen,2,Kreis 2,22029.0,4145.0,1095.0,0.188161060420355,0.049707204139997276,10273,4223,0.41107758201109706,22000.0,23830.0,0.08318181818181818,1139.9939915853427,0,468.60676548774535,2,0.3543681184503833,0.3682929977271043,0.7576809004852665,0.1616044881170646
2682924.694,1242684.105,4,21,Wollishofen,2,Kreis 2,22029.0,4145.0,1095.0,0.188161060420355,0.049707204139997276,10273,4223,0.41107758201109706,22000.0,23830.0,0.08318181818181818,1472.7275039364567,0,157.94777827178842,2,0.3543681184503833,0.47594604586322775,0.9204544854709558,0.1616044881170646
2682724.694,1242684.105,5,21,Wollishofen,2,Kreis 2,22029.0,4145.0,1095.0,0.188161060420355,0.049707204139997276,10273,4223,0.41107758201109706,22000.0,23830.0,0.08318181818181818,1301.636009355455,0,286.82730110807165,2,0.3543681184503833,0.420590873576362,0.8529264794367261,0.1616044881170646
2682524.694,1242884.105,6,21,Wollishofen,2,Kreis 2,22029.0,4145.0,1095.0,0.188161060420355,0.049707204139997276,10273,4223,0.41107758201109706,22000.0,23830.0,0.08318181818181818,1026.148284046039,0,322.6006829828838,3,0.3543681184503833,0.331459204379331,0.8341825774269722,0.1616044881170646
2682724.694,1242884.105,7,21,Wollishofen,2,Kreis 2,22029.0,4145.0,1095.0,0.188161060420355,0.049707204139997276,10273,4223,0.41107758201109706,22000.0,23830.0,0.08318181818181818,1203.183402832146,0,200.34542335917885,3,0.3543681184503833,0.3887373848361103,0.8982397195384704,0.1616044881170646
2682924.694,1242884.105,8,21,Wollishofen,2,Kreis 2,22029.0,4145.0,1095.0,0.188161060420355,0.049707204139997276,10273,4223,0.41107758201109706,22000.0,23830.0,0.08318181818181818,1386.4776597013217,0,64.72635213718283,2,0.3543681184503833,0.4480406552472679,0.9692989945752749,0.1616044881170646
2682724.694,1243084.105,9,21,Wollishofen,2,Kreis 2,22029.0,4145.0,1095.0,0.188161060420355,0.049707204139997276,10273,4223,0.41107758201109706,22000.0,23830.0,0.08318181818181818,1131.832275936099,0,147.5814644898239,4,0.3543681184503833,0.3656523452678647,0.9258860426665116,0.1616044881170646
2683124.694,1242884.105,10,21,Wollishofen,2,Kreis 2,22029.0,4145.0,1095.0,0.188161060420355,0.049707204139997276,10273,4223,0.41107758201109706,22000.0,23830.0,0.08318181818181818,1573.8457042705825,0,163.91186857894164,3,0.3543681184503833,0.5086619644104428,0.9173295272356452,0.1616044881170646
2683324.694,1243084.105,11,21,Wollishofen,2,Kreis 2,22029.0,4145.0,1095.0,0.188161060420355,0.049707204139997276,10273,4223,0.41107758201109706,22000.0,23830.0,0.08318181818181818,1546.8988205219205,0,189.86876694443367,3,0.3543681184503833,0.49994353339694125,0.9037290921092562,0.1616044881170646
2683124.694,1243084.105,12,21,Wollishofen,2,Kreis 2,22029.0,4145.0,1095.0,0.188161060420355,0.049707204139997276,10273,4223,0.41107758201109706,22000.0,23830.0,0.08318181818181818,1480.0829574493596,0,268.2079205785475,3,0.3543681184503833,0.4783258391863961,0.8626823321360608,0.1616044881170646
2682924.694,1243284.105,13,21,Wollishofen,2,Kreis 2,22029.0,4145.0,1095.0,0.188161060420355,0.049707204139997276,10273,4223,0.41107758201109706,22000.0,23830.0,0.08318181818181818,1240.5759795079018,0,261.7248338637496,6,0.3543681184503833,0.4008354293894375,0.8660792249019771,0.1616044881170646
2683124.694,1243284.105,14,21,Wollishofen,2,Kreis 2,22029.0,4145.0,1095.0,0.188161060420355,0.049707204139997276,10273,4223,0.41107758201109706,22000.0,23830.0,0.08318181818181818,1288.9061877933768,0,227.62809286408077,5,0.3543681184503833,0.4164722499856593,0.8839446303698268,0.1616044881170646
2683324.694,1243284.105,15,21,Wollishofen,2,Kreis 2,22029.0,4145.0,1095.0,0.188161060420355,0.049707204139997276,10273,4223,0.41107758201109706,22000.0,23830.0,0.08318181818181818,1365.1115562224652,0,29.868857711540045,2,0.3543681184503833,0.44112783738880235,0.9875630061273898,0.1616044881170646
2683324.694,1243484.105,16,21,Wollishofen,2,Kreis 2,22029.0,4145.0,1095.0,0.188161060420355,0.049707204139997276,10273,4223,0.41107758201109706,22000.0,23830.0,0.08318181818181818,1189.1859236183946,0,213.85543869863298,2,0.3543681184503833,0.3842086215836963,0.8911609813705451,0.1616044881170646
2683124.694,1243484.105,17,21,Wollishofen,2,Kreis 2,22029.0,4145.0,1095.0,0.188161060420355,0.049707204139997276,10273,4223,0.41107758201109706,22000.0,23830.0,0.08318181818181818,1100.8690934584677,0,217.07598361176724,3,0.3543681184503833,0.3556344755613874,0.8894735373798974,0.1616044881170646
2682924.694,1243484.105,18,21,Wollishofen,2,Kreis 2,22029.0,4145.0,1095.0,0.188161060420355,0.049707204139997276,10273,4223,0.41107758201109706,22000.0,23830.0,0.08318181818181818,1043.8689385799362,0,225.45264837889783,5,0.3543681184503833,0.33719256878275844,0.8850844811784706,0.1616044881170646
2682924.694,1243684.105,19,21,Wollishofen,2,Kreis 2,22029.0,4145.0,1095.0,0.188161060420355,0.049707204139997276,10273,4223,0.41107758201109706,22000.0,23830.0,0.08318181818181818,848.7025161574669,1,169.95994428380806,5,0.3543681184503833,0.27404816195958814,0.9141605638215542,0.1616044881170646
2682524.694,1243084.105,20,21,Wollishofen,2,Kreis 2,22029.0,4145.0,1095.0,0.188161060420355,0.049707204139997276,10273,4223,0.41107758201109706,22000.0,23830.0,0.08318181818181818,941.4745354233315,1,126.93778263785629,3,0.3543681184503833,0.30406374585777574,0.9367025528613796,0.1616044881170646
2682324.694,1243084.105,21,21,Wollishofen,2,Kreis 2,22029.0,4145.0,1095.0,0.188161060420355,0.049707204139997276,10273,4223,0.41107758201109706,22000.0,23830.0,0.08318181818181818,756.1113018930919,1,198.58398893405786,1,0.3543681184503833,0.244091075954778,0.8991626447004418,0.1616044881170646
2682924.694,1243084.105,22,21,Wollishofen,2,Kreis 2,22029.0,4145.0,1095.0,0.188161060420355,0.049707204139997276,10273,4223,0.41107758201109706,22000.0,23830.0,0.08318181818181818,1325.0336980057532,0,82.81237021734616,5,0.3543681184503833,0.4281609932338211,0.9598226036702286,0.1616044881170646
2682524.694,1243284.105,23,21,Wollishofen,2,Kreis 2,22029.0,4145.0,1095.0,0.188161060420355,0.049707204139997276,10273,4223,0.41107758201109706,22000.0,23830.0,0.08318181818181818,894.2976578581238,1,90.30614963006782,4,0.3543681184503833,0.2888000754341004,0.9558961460742901,0.1616044881170646
2682324.694,1243284.105,24,21,Wollishofen,2,Kreis 2,22029.0,4145.0,1095.0,0.188161060420355,0.049707204139997276,10273,4223,0.41107758201109706,22000.0,23830.0,0.08318181818181818,696.4899861810032,1,177.41927928202887,3,0.3543681184503833,0.2248011152744137,0.9102521537988768,0.1616044881170646
2682724.694,1243284.105,25,21,Wollishofen,2,Kreis 2,22029.0,4145.0,1095.0,0.188161060420355,0.049707204139997276,10273,4223,0.41107758201109706,22000.0,23830.0,0.08318181818181818,1092.9036100455692,0,173.52030619213636,4,0.3543681184503833,0.3530573123438412,0.9122950685501676,0.1616044881170646
2682524.694,1243484.105,26,21,Wollishofen,2,Kreis 2,22029.0,4145.0,1095.0,0.188161060420355,0.049707204139997276,10273,4223,0.41107758201109706,22000.0,23830.0,0.08318181818181818,890.5965982702122,1,157.32949075432268,5,0.3543681184503833,0.2876026296368413,0.9207784447958467,0.1616044881170646
2682724.694,1243484.105,27,21,Wollishofen,2,Kreis 2,22029.0,4145.0,1095.0,0.188161060420355,0.049707204139997276,10273,4223,0.41107758201109706,22000.0,23830.0,0.08318181818181818,1023.4314637199392,0,36.75998722803516,6,0.3543681184503833,0.33058020067670973,0.983952314332979,0.1616044881170646
2682524.694,1243684.105,28,21,Wollishofen,2,Kreis 2,22029.0,4145.0,1095.0,0.188161060420355,0.049707204139997276,10273,4223,0.41107758201109706,22000.0,23830.0,0.08318181818181818,846.0467841271452,2,56.52051539934019,6,0.3543681184503833,0.273188922846351,0.9735985433364295,0.1616044881170646
2682724.694,1243684.105,29,21,Wollishofen,2,Kreis 2,22029.0,4145.0,1095.0,0.188161060420355,0.049707204139997276,10273,4223,0.41107758201109706,22000.0,23830.0,0.08318181818181818,823.435219632941,1,229.3322843844666,6,0.3543681184503833,0.2658731468557469,0.8830516983295811,0.1616044881170646
2683524.694,1243284.105,30,21,Wollishofen,2,Kreis 2,22029.0,4145.0,1095.0,0.188161060420355,0.049707204139997276,10273,4223,0.41107758201109706,22000.0,23830.0,0.08318181818181818,1464.8481016583894,0,173.1177306374072,1,0.3543681184503833,0.47339673345183,0.9125060029475855,0.1616044881170646
2683524.694,1243484.105,31,21,Wollishofen,2,Kreis 2,22029.0,4145.0,1095.0,0.188161060420355,0.049707204139997276,10273,4223,0.41107758201109706,22000.0,23830.0,0.08318181818181818,1302.4644182979432,0,273.5173644598061,2,0.3543681184503833,0.4208588981198831,0.8599003839214675,0.1616044881170646
2683724.694,1243484.105,32,21,Wollishofen,2,Kreis 2,22029.0,4145.0,1095.0,0.188161060420355,0.049707204139997276,10273,4223,0.41107758201109706,22000.0,23830.0,0.08318181818181818,1434.8045026874793,0,428.8232137619092,1,0.3543681184503833,0.4636763870300219,0.778525980152562,0.1616044881170646
2683724.694,1243684.105,33,21,Wollishofen,2,Kreis 2,22029.0,4145.0,1095.0,0.188161060420355,0.049707204139997276,10273,4223,0.41107758201109706,22000.0,23830.0,0.08318181818181818,1299.7298030484174,0,555.6359857506393,0,0.3543681184503833,0.4199741370238011,0.7120808735629718,0.1616044881170646
2683524.694,1243684.105,34,21,Wollishofen,2,Kreis 2,22029.0,4145.0,1095.0,0.188161060420355,0.049707204139997276,10273,4223,0.41107758201109706,22000.0,23830.0,0.08318181818181818,1151.9753300015639,0,430.9514852754496,2,0.3543681184503833,0.37216945607403373,0.7774108462007441,0.1616044881170646
2683924.694,1243684.105,35,21,Wollishofen,2,Kreis 2,22029.0,4145.0,1095.0,0.188161060420355,0.049707204139997276,10273,4223,0.41107758201109706,22000.0,23830.0,0.08318181818181818,1459.9821782927158,0,705.5557728919368,0,0.3543681184503833,0.47182240606108977,0.6335285630955572,0.1616044881170646
2683924.694,1243884.105,36,21,Wollishofen,2,Kreis 2,22029.0,4145.0,1095.0,0.188161060420355,0.049707204139997276,10273,4223,0.41107758201109706,22000.0,23830.0,0.08318181818181818,1357.2698924430454,0,838.2427742969998,0,0.3543681184503833,0.43859073494201795,0.5640055819860832,0.1616044881170646
2683724.694,1243884.105,37,21,Wollishofen,2,Kreis 2,22029.0,4145.0,1095.0,0.188161060420355,0.049707204139997276,10273,4223,0.41107758201109706,22000.0,23830.0,0.08318181818181818,1183.186866446839,0,657.2965713140168,0,0.3543681184503833,0.3822676785572562,0.6588145634130835,0.1616044881170646
2683524.694,1243884.105,38,21,Wollishofen,2,Kreis 2,22029.0,4145.0,1095.0,0.188161060420355,0.049707204139997276,10273,4223,0.41107758201109706,22000.0,23830.0,0.08318181818181818,1018.6661675604155,0,468.7869267173612,1,0.3543681184503833,0.32903843034759794,0.7575865028002589,0.1616044881170646
2683724.694,1244084.105,39,21,Wollishofen,2,Kreis 2,22029.0,4145.0,1095.0,0.188161060420355,0.049707204139997276,10273,4223,0.41107758201109706,22000.0,23830.0,0.08318181818181818,1091.1300385070072,0,738.9727888502762,0,0.3543681184503833,0.352483488622676,0.6160193078964419,0.1616044881170646
2683124.694,1243684.105,40,21,Wollishofen,2,Kreis 2,22029.0,4145.0,1095.0,0.188161060420355,0.049707204139997276,10273,4223,0.41107758201109706,22000.0,23830.0,0.08318181818181818,917.9032415958018,1,34.11719011010121,4,0.3543681184503833,0.2964374577477639,0.9853370402832279,0.1616044881170646
2683324.694,1243684.105,41,21,Wollishofen,2,Kreis 2,22029.0,4145.0,1095.0,0.188161060420355,0.049707204139997276,10273,4223,0.41107758201109706,22000.0,23830.0,0.08318181818181818,1022.153002701722,0,231.17435554373765,2,0.3543681184503833,0.33016656567925545,0.8820865225621571,0.1616044881170646
2683124.694,1243884.105,42,21,Wollishofen,2,Kreis 2,22029.0,4145.0,1095.0,0.188161060420355,0.049707204139997276,10273,4223,0.41107758201109706,22000.0,23830.0,0.08318181818181818,743.7606879447807,1,187.6325735606729,2,0.3543681184503833,0.24009514170549445,0.9049007730480826,0.1616044881170646
2683324.694,1243884.105,43,21,Wollishofen,2,Kreis 2,22029.0,4145.0,1095.0,0.188161060420355,0.049707204139997276,10273,4223,0.41107758201109706,22000.0,23830.0,0.08318181818181818,869.1549694572074,1,295.77623748545955,2,0.3543681184503833,0.2806653762101785,0.8482375745091384,0.1616044881170646
2682924.694,1243884.105,44,21,Wollishofen,2,Kreis 2,22029.0,4145.0,1095.0,0.188161060420355,0.049707204139997276,10273,4223,0.41107758201109706,22000.0,23830.0,0.08318181818181818,656.4522533528451,1,245.11175953227203,7,0.3543681184503833,0.21184725334161666,0.8747838488718238,0.1616044881170646
2683324.694,1244084.105,45,21,Wollishofen,2,Kreis 2,22029.0,4145.0,1095.0,0.188161060420355,0.049707204139997276,10273,4223,0.41107758201109706,22000.0,23830.0,0.08318181818181818,738.9614069301398,1,392.2715572930393,3,0.3543681184503833,0.23854237587064606,0.7976776686774054,0.1616044881170646
2683124.694,1244084.105,46,21,Wollishofen,2,Kreis 2,22029.0,4145.0,1095.0,0.188161060420355,0.049707204139997276,10273,4223,0.41107758201109706,22000.0,23830.0,0.08318181818181818,586.3561724175045,1,194.93428292902342,4,0.3543681184503833,0.18916827303162334,0.9010749529066431,0.1616044881170646
2682924.694,1244084.105,47,21,Wollishofen,2,Kreis 2,22029.0,4145.0,1095.0,0.188161060420355,0.049707204139997276,10273,4223,0.41107758201109706,22000.0,23830.0,0.08318181818181818,470.704961660742,1,46.06272528844671,7,0.3543681184503833,0.15175032474434433,0.9790780306760142,0.1616044881170646
2683324.694,1244284.105,48,21,Wollishofen,2,Kreis 2,22029.0,4145.0,1095.0,0.188161060420355,0.049707204139997276,10273,4223,0.41107758201109706,22000.0,23830.0,0.08318181818181818,645.521154519497,1,369.6990190155994,2,0.3543681184503833,0.20831059092197624,0.8095048268438982,0.1616044881170646
2682924.694,1244284.105,49,21,Wollishofen,2,Kreis 2,22029.0,4145.0,1095.0,0.188161060420355,0.049707204139997276,10273,4223,0.41107758201109706,22000.0,23830.0,0.08318181818181818,303.639195315844,1,155.4470156065772,8,0.3543681184503833,0.09769764198587602,0.9217647907283788,0.1616044881170646
2682524.694,1243884.105,50,21,Wollishofen,2,Kreis 2,22029.0,4145.0,1095.0,0.188161060420355,0.049707204139997276,10273,4223,0.41107758201109706,22000.0,23830.0,0.08318181818181818,653.0151307067064,1,67.40190398632492,8,0.3543681184503833,0.21073520205751253,0.9678971063820413,0.1616044881170646
2682724.694,1243884.105,51,21,Wollishofen,2,Kreis 2,22029.0,4145.0,1095.0,0.188161060420355,0.049707204139997276,10273,4223,0.41107758201109706,22000.0,23830.0,0.08318181818181818,623.4413853217978,1,134.2408904210465,8,0.3543681184503833,0.20116687269690564,0.9328760000033405,0.1616044881170646
2682724.694,1244084.105,52,21,Wollishofen,2,Kreis 2,22029.0,4145.0,1095.0,0.188161060420355,0.049707204139997276,10273,4223,0.41107758201109706,22000.0,23830.0,0.08318181818181818,423.45337515714175,1,215.04458761137252,6,0.3543681184503833,0.13646248289025267,0.890537912218923,0.1616044881170646
2682324.694,1244084.105,53,21,Wollishofen,2,Kreis 2,22029.0,4145.0,1095.0,0.188161060420355,0.049707204139997276,10273,4223,0.41107758201109706,22000.0,23830.0,0.08318181818181818,578.6293813243879,2,209.43484108655113,8,0.3543681184503833,0.18666833664827734,0.8934772076852776,0.1616044881170646
2682524.694,1244084.105,54,21,Wollishofen,2,Kreis 2,22029.0,4145.0,1095.0,0.188161060420355,0.049707204139997276,10273,4223,0.41107758201109706,22000.0,23830.0,0.08318181818181818,465.8995180636158,1,118.91405577560025,9,0.3543681184503833,0.1501955650592695,0.9409066829205801,0.1616044881170646
2682524.694,1244284.105,55,21,Wollishofen,2,Kreis 2,22029.0,4145.0,1095.0,0.188161060420355,0.049707204139997276,10273,4223,0.41107758201109706,22000.0,23830.0,0.08318181818181818,296.1350383387993,1,54.643651607576345,12,0.3543681184503833,0.09526973694390252,0.9745819491302006,0.1616044881170646
2682324.694,1244284.105,56,21,Wollishofen,2,Kreis 2,22029.0,4145.0,1095.0,0.188161060420355,0.049707204139997276,10273,4223,0.41107758201109706,22000.0,23830.0,0.08318181818181818,453.26102957551575,1,135.05905619768612,9,0.3543681184503833,0.14610649149417113,0.932447312014077,0.1616044881170646
2682724.694,1244284.105,57,21,Wollishofen,2,Kreis 2,22029.0,4145.0,1095.0,0.188161060420355,0.049707204139997276,10273,4223,0.41107758201109706,22000.0,23830.0,0.08318181818181818,223.48682496287717,1,40.8100803847436,12,0.3543681184503833,0.07176503627128532,0.9818302183699701,0.1616044881170646
2682324.694,1244484.105,58,21,Wollishofen,2,Kreis 2,22029.0,4145.0,1095.0,0.188161060420355,0.049707204139997276,10273,4223,0.41107758201109706,22000.0,23830.0,0.08318181818181818,395.068552192995,1,68.4320733355514,9,0.3543681184503833,0.1272788190888436,0.9673573365217881,0.1616044881170646
2682524.694,1244484.105,59,21,Wollishofen,2,Kreis 2,22029.0,4145.0,1095.0,0.188161060420355,0.049707204139997276,10273,4223,0.41107758201109706,22000.0,23830.0,0.08318181818181818,195.77936799350127,1,159.4420103393149,10,0.3543681184503833,0.06280052837492943,0.919671564260108,0.1616044881170646
2683524.694,1244084.105,60,21,Wollishofen,2,Kreis 2,22029.0,4145.0,1095.0,0.188161060420355,0.049707204139997276,10273,4223,0.41107758201109706,22000.0,23830.0,0.08318181818181818,910.1177731108415,1,577.7570273576092,0,0.3543681184503833,0.2939185368021356,0.7004902826122551,0.1616044881170646
2683924.694,1244084.105,61,21,Wollishofen,2,Kreis 2,22029.0,4145.0,1095.0,0.188161060420355,0.049707204139997276,10273,4223,0.41107758201109706,22000.0,23830.0,0.08318181818181818,1277.816559969532,0,915.6191253251586,0,0.3543681184503833,0.4128842968832009,0.5234632942420974,0.1616044881170646
2683724.694,1244284.105,62,21,Wollishofen,2,Kreis 2,22029.0,4145.0,1095.0,0.188161060420355,0.049707204139997276,10273,4223,0.41107758201109706,22000.0,23830.0,0.08318181818181818,1030.1448252223158,0,753.9446694958483,0,0.3543681184503833,0.3327522506871334,0.6081746074791206,0.1616044881170646
2683924.694,1244284.105,63,21,Wollishofen,2,Kreis 2,22029.0,4145.0,1095.0,0.188161060420355,0.049707204139997276,10273,4223,0.41107758201109706,22000.0,23830.0,0.08318181818181818,1226.15201379453,0,927.2054339039198,0,0.3543681184503833,0.39616868012128187,0.5173925058158017,0.1616044881170646
2683524.694,1244284.105,64,21,Wollishofen,2,Kreis 2,22029.0,4145.0,1095.0,0.188161060420355,0.049707204139997276,10273,4223,0.41107758201109706,22000.0,23830.0,0.08318181818181818,836.0310765349874,1,559.0661541008812,0,0.3543681184503833,0.26994842734015106,0.7102835948024987,0.1616044881170646
2683724.694,1244484.105,65,21,Wollishofen,2,Kreis 2,22029.0,4145.0,1095.0,0.188161060420355,0.049707204139997276,10273,4223,0.41107758201109706,22000.0,23830.0,0.08318181818181818,1005.8985838206197,0,741.6701184901522,0,0.3543681184503833,0.3249075891311237,0.6146060089627607,0.1616044881170646
2683924.694,1244484.105,66,81,Seefeld,8,Kreis 8,5798.0,1069.0,241.0,0.18437392204208347,0.04156605726112453,3266,1766,0.5407225964482547,5850.0,6030.0,0.03076923076923077,1205.8533745577834,0,739.5619762135887,0,0.5371173131574507,0.3896012310795233,0.6157105959540832,0.0
2683524.694,1244484.105,67,21,Wollishofen,2,Kreis 2,22029.0,4145.0,1095.0,0.188161060420355,0.049707204139997276,10273,4223,0.41107758201109706,22000.0,23830.0,0.08318181818181818,805.9662281586386,1,542.3992668331538,0,0.3543681184503833,0.26022120585712544,0.7190164147200323,0.1616044881170646
2683524.694,1244684.105,68,21,Wollishofen,2,Kreis 2,22029.0,4145.0,1095.0,0.188161060420355,0.049707204139997276,10273,4223,0.41107758201109706,22000.0,23830.0,0.08318181818181818,824.7515752832942,1,596.5223924222253,0,0.3543681184503833,0.2662990423334534,0.6906579395260098,0.1616044881170646
2683724.694,1244684.105,69,21,Wollishofen,2,Kreis 2,22029.0,4145.0,1095.0,0.188161060420355,0.049707204139997276,10273,4223,0.41107758201109706,22000.0,23830.0,0.08318181818181818,1021.0120278098299,0,684.6285976066787,0,0.3543681184503833,0.329797413128041,0.644493613150386,0.1616044881170646
2683124.694,1244284.105,70,21,Wollishofen,2,Kreis 2,22029.0,4145.0,1095.0,0.188161060420355,0.049707204139997276,10273,4223,0.41107758201109706,22000.0,23830.0,0.08318181818181818,463.084399361627,1,201.98951621567616,3,0.3543681184503833,0.14928475776789482,0.89737827692997,0.1616044881170646
2683324.694,1244484.105,71,21,Wollishofen,2,Kreis 2,22029.0,4145.0,1095.0,0.188161060420355,0.049707204139997276,10273,4223,0.41107758201109706,22000.0,23830.0,0.08318181818181818,606.0785105348951,1,343.9758198785041,1,0.3543681184503833,0.19554926483405985,0.8229828123944503,0.1616044881170646
2683124.694,1244484.105,72,21,Wollishofen,2,Kreis 2,22029.0,4145.0,1095.0,0.188161060420355,0.049707204139997276,10273,4223,0.41107758201109706,22000.0,23830.0,0.08318181818181818,406.3013179059742,1,149.80575643490957,7,0.3543681184503833,0.13091308321648307,0.924720597632389,0.1616044881170646
2683124.694,1244684.105,73,21,Wollishofen,2,Kreis 2,22029.0,4145.0,1095.0,0.188161060420355,0.049707204139997276,10273,4223,0.41107758201109706,22000.0,23830.0,0.08318181818181818,442.3961583605176,1,289.9720066851764,6,0.3543681184503833,0.14259125644725246,0.8512787723959702,0.1616044881170646
2682924.694,1244684.105,74,21,Wollishofen,2,Kreis 2,22029.0,4145.0,1095.0,0.188161060420355,0.049707204139997276,10273,4223,0.41107758201109706,22000.0,23830.0,0.08318181818181818,271.04236003266834,1,133.8500753120301,7,0.3543681184503833,0.08715121805331465,0.9330807723710459,0.1616044881170646
2683324.694,1244684.105,75,21,Wollishofen,2,Kreis 2,22029.0,4145.0,1095.0,0.188161060420355,0.049707204139997276,10273,4223,0.41107758201109706,22000.0,23830.0,0.08318181818181818,630.8444823664622,1,424.21853408482946,1,0.3543681184503833,0.20356208067242407,0.7809386585220695,0.1616044881170646
2683124.694,1244884.105,76,21,Wollishofen,2,Kreis 2,22029.0,4145.0,1095.0,0.188161060420355,0.049707204139997276,10273,4223,0.41107758201109706,22000.0,23830.0,0.08318181818181818,553.4870919291225,1,372.33780718734744,5,0.3543681184503833,0.17853376651918051,0.8081222014301526,0.1616044881170646
2683324.694,1244884.105,77,21,Wollishofen,2,Kreis 2,22029.0,4145.0,1095.0,0.188161060420355,0.049707204139997276,10273,4223,0.41107758201109706,22000.0,23830.0,0.08318181818181818,713.1608240307528,1,557.5957699455189,0,0.3543681184503833,0.2301948205757745,0.7110540206073961,0.1616044881170646
2683524.694,1244884.105,78,21,Wollishofen,2,Kreis 2,22029.0,4145.0,1095.0,0.188161060420355,0.049707204139997276,10273,4223,0.41107758201109706,22000.0,23830.0,0.08318181818181818,889.2967788833421,1,705.3233050602595,0,0.3543681184503833,0.28718208432406456,0.6336503674659862,0.1616044881170646
2683124.694,1245084.105,79,21,Wollishofen,2,Kreis 2,22029.0,4145.0,1095.0,0.188161060420355,0.049707204139997276,10273,4223,0.41107758201109706,22000.0,23830.0,0.08318181818181818,704.9691914773081,1,347.89773592406533,2,0.3543681184503833,0.22754448876110941,0.8209278764002594,0.1616044881170646
2682924.694,1244484.105,80,21,Wollishofen,2,Kreis 2,22029.0,4145.0,1095.0,0.188161060420355,0.049707204139997276,10273,4223,0.41107758201109706,22000.0,23830.0,0.08318181818181818,206.95497319964534,1,81.01953258925782,7,0.3543681184503833,0.06641629871530257,0.9607619829253935,0.1616044881170646
2682724.694,1244484.105,81,21,Wollishofen,2,Kreis 2,22029.0,4145.0,1095.0,0.188161060420355,0.049707204139997276,10273,4223,0.41107758201109706,22000.0,23830.0,0.08318181818181818,24.08237803873117,1,118.07340369877663,11,0.3543681184503833,0.0072494533004006925,0.9413471528825038,0.1616044881170646
2682524.694,1244684.105,82,21,Wollishofen,2,Kreis 2,22029.0,4145.0,1095.0,0.188161060420355,0.049707204139997276,10273,4223,0.41107758201109706,22000.0,23830.0,0.08318181818181818,262.60837940162435,1,184.67736369396545,12,0.3543681184503833,0.08442247661564782,0.906449191488186,0.1616044881170646
2682724.694,1244684.105,83,21,Wollishofen,2,Kreis 2,22029.0,4145.0,1095.0,0.188161060420355,0.049707204139997276,10273,4223,0.41107758201109706,22000.0,23830.0,0.08318181818181818,176.6735999859997,1,32.33816106384686,12,0.3543681184503833,0.05661902249517674,0.9862691843626495,0.1616044881170646
2682524.694,1244884.105,84,21,Wollishofen,2,Kreis 2,22029.0,4145.0,1095.0,0.188161060420355,0.049707204139997276,10273,4223,0.41107758201109706,22000.0,23830.0,0.08318181818181818,423.7885804643161,1,220.63697029506406,11,0.3543681184503833,0.13657093566621065,0.8876077147500064,0.1616044881170646
2682724.694,1244884.105,85,21,Wollishofen,2,Kreis 2,22029.0,4145.0,1095.0,0.188161060420355,0.049707204139997276,10273,4223,0.41107758201109706,22000.0,23830.0,0.08318181818181818,376.62602264318605,1,162.59038920240909,9,0.3543681184503833,0.12131189827179527,0.918021932556124,0.1616044881170646
2682924.694,1244884.105,86,21,Wollishofen,2,Kreis 2,22029.0,4145.0,1095.0,0.188161060420355,0.049707204139997276,10273,4223,0.41107758201109706,22000.0,23830.0,0.08318181818181818,429.06591676814793,1,210.5070893367834,7,0.3543681184503833,0.13827837215234198,0.8929153900689613,0.1616044881170646
2682524.694,1245084.105,87,21,Wollishofen,2,Kreis 2,22029.0,4145.0,1095.0,0.188161060420355,0.049707204139997276,10273,4223,0.41107758201109706,22000.0,23830.0,0.08318181818181818,608.4655790855985,1,84.39592798812946,10,0.3543681184503833,0.19632158020372997,0.9589928791620393,0.1616044881170646
2682724.694,1245084.105,88,21,Wollishofen,2,Kreis 2,22029.0,4145.0,1095.0,0.188161060420355,0.049707204139997276,10273,4223,0.41107758201109706,22000.0,23830.0,0.08318181818181818,576.6114471045804,1,72.64733072166803,8,0.3543681184503833,0.18601545149653698,0.9651487007358913,0.1616044881170646
2682324.694,1245084.105,89,21,Wollishofen,2,Kreis 2,22029.0,4145.0,1095.0,0.188161060420355,0.049707204139997276,10273,4223,0.41107758201109706,22000.0,23830.0,0.08318181818181818,698.555624794409,1,145.95337153009643,7,0.3543681184503833,0.22546943476982467,0.9267391019329431,0.1616044881170646
2683924.694,1244684.105,90,81,Seefeld,8,Kreis 8,5798.0,1069.0,241.0,0.18437392204208347,0.04156605726112453,3266,1766,0.5407225964482547,5850.0,6030.0,0.03076923076923077,1218.489212480934,0,560.5300318992205,0,0.5371173131574507,0.39368944707727277,0.7095165780831305,0.0
2683724.694,1244884.105,91,81,Seefeld,8,Kreis 8,5798.0,1069.0,241.0,0.18437392204208347,0.04156605726112453,3266,1766,0.5407225964482547,5850.0,6030.0,0.03076923076923077,1073.824548486555,0,562.1016960131681,0,0.5371173131574507,0.3468844471043541,0.7086930854022547,0.0
2683924.694,1244884.105,92,81,Seefeld,8,Kreis 8,5798.0,1069.0,241.0,0.18437392204208347,0.04156605726112453,3266,1766,0.5407225964482547,5850.0,6030.0,0.03076923076923077,1122.0138297119547,0,401.7908867320583,1,0.5371173131574507,0.36247567197000236,0.7926898993122404,0.0
2683524.694,1245084.105,93,81,Seefeld,8,Kreis 8,5798.0,1069.0,241.0,0.18437392204208347,0.04156605726112453,3266,1766,0.5407225964482547,5850.0,6030.0,0.03076923076923077,990.697916083556,1,691.1748813873512,0,0.5371173131574507,0.31998954464550383,0.641063607507018,0.0
2683924.694,1245084.105,94,81,Seefeld,8,Kreis 8,5798.0,1069.0,241.0,0.18437392204208347,0.04156605726112453,3266,1766,0.5407225964482547,5850.0,6030.0,0.03076923076923077,939.6687895555917,1,297.7883756309609,2,0.5371173131574507,0.3034795124108716,0.8471832900592827,0.0
2683724.694,1245084.105,95,81,Seefeld,8,Kreis 8,5798.0,1069.0,241.0,0.18437392204208347,0.04156605726112453,3266,1766,0.5407225964482547,5850.0,6030.0,0.03076923076923077,1044.7806631368983,0,493.1534412947684,1,0.5371173131574507,0.3374875493722518,0.7448193687575103,0.0
2683924.694,1245284.105,96,81,Seefeld,8,Kreis 8,5798.0,1069.0,241.0,0.18437392204208347,0.04156605726112453,3266,1766,0.5407225964482547,5850.0,6030.0,0.03076923076923077,766.1852478773358,1,309.70940680082487,3,0.5371173131574507,0.2473504139886882,0.8409371196277284,0.0
2683524.694,1245284.105,97,81,Seefeld,8,Kreis 8,5798.0,1069.0,241.0,0.18437392204208347,0.04156605726112453,3266,1766,0.5407225964482547,5850.0,6030.0,0.03076923076923077,1041.2580055224867,0,671.2657362482406,0,0.5371173131574507,0.33634782398946206,0.6514952481858716,0.0
2683724.694,1245284.105,98,81,Seefeld,8,Kreis 8,5798.0,1069.0,241.0,0.18437392204208347,0.04156605726112453,3266,1766,0.5407225964482547,5850.0,6030.0,0.03076923076923077,891.9804000451808,1,492.7173861970791,1,0.5371173131574507,0.2880503467244256,0.7450478451719166,0.0
2683724.694,1245484.105,99,81,Seefeld,8,Kreis 8,5798.0,1069.0,241.0,0.18437392204208347,0.04156605726112453,3266,1766,0.5407225964482547,5850.0,6030.0,0.03076923076923077,761.3747001738003,1,388.4807442601741,2,0.5371173131574507,0.24579400291416034,0.7996639116407902,0.0
2684124.694,1243684.105,100,21,Wollishofen,2,Kreis 2,22029.0,4145.0,1095.0,0.188161060420355,0.049707204139997276,10273,4223,0.41107758201109706,22000.0,23830.0,0.08318181818181818,1629.048299140455,0,875.7205882364489,0,0.3543681184503833,0.5265222862060251,0.5443686218999744,0.1616044881170646
2684124.694,1243884.105,101,21,Wollishofen,2,Kreis 2,22029.0,4145.0,1095.0,0.188161060420355,0.049707204139997276,10273,4223,0.41107758201109706,22000.0,23830.0,0.08318181818181818,1537.6709534007662,0,985.7629272097752,0,0.3543681184503833,0.4969579368564308,0.4867105892918686,0.1616044881170646
2684324.694,1243884.105,102,81,Seefeld,8,Kreis 8,5798.0,1069.0,241.0,0.18437392204208347,0.04156605726112453,3266,1766,0.5407225964482547,5850.0,6030.0,0.03076923076923077,1722.40598028818,0,1139.7152305119564,0,0.5371173131574507,0.5567273559372264,0.4060453925438988,0.0
2684124.694,1244084.105,103,21,Wollishofen,2,Kreis 2,22029.0,4145.0,1095.0,0.188161060420355,0.049707204139997276,10273,4223,0.41107758201109706,22000.0,23830.0,0.08318181818181818,1468.0141555626888,0,1064.1030056629204,0,0.3543681184503833,0.4744210827905928,0.4456633447484035,0.1616044881170646
2684324.694,1244084.105,104,81,Seefeld,8,Kreis 8,5798.0,1069.0,241.0,0.18437392204208347,0.04156605726112453,3266,1766,0.5407225964482547,5850.0,6030.0,0.03076923076923077,1660.516775263803,0,958.0150346737335,0,0.5371173131574507,0.5367036392982933,0.5012494377712444,0.0
2684524.694,1244084.105,105,81,Seefeld,8,Kreis 8,5798.0,1069.0,241.0,0.18437392204208347,0.04156605726112453,3266,1766,0.5407225964482547,5850.0,6030.0,0.03076923076923077,1848.485280997724,0,885.0256531089753,0,0.5371173131574507,0.597519222474345,0.5394931190812755,0.0
2684524.694,1244284.105,106,81,Seefeld,8,Kreis 8,5798.0,1069.0,241.0,0.18437392204208347,0.04156605726112453,3266,1766,0.5407225964482547,5850.0,6030.0,0.03076923076923077,1649.5333382703177,0,694.343147630162,0,0.5371173131574507,0.5331500433199236,0.639403555566615,0.0
2684124.694,1244284.105,107,81,Seefeld,8,Kreis 8,5798.0,1069.0,241.0,0.18437392204208347,0.04156605726112453,3266,1766,0.5407225964482547,5850.0,6030.0,0.03076923076923077,1423.2705859858295,0,886.108072788534,0,0.5371173131574507,0.4599446881064386,0.5389259720198633,0.0
2684324.694,1244284.105,108,81,Seefeld,8,Kreis 8,5798.0,1069.0,241.0,0.18437392204208347,0.04156605726112453,3266,1766,0.5407225964482547,5850.0,6030.0,0.03076923076923077,1621.0951733110896,0,785.2609799683844,0,0.5371173131574507,0.5239491211776771,0.5917660426736349,0.0
2684124.694,1244484.105,109,81,Seefeld,8,Kreis 8,5798.0,1069.0,241.0,0.18437392204208347,0.04156605726112453,3266,1766,0.5407225964482547,5850.0,6030.0,0.03076923076923077,1405.8210273475281,0,687.3350832461575,0,0.5371173131574507,0.4542990344337154,0.6430755168184616,0.0
2684924.694,1244284.105,110,81,Seefeld,8,Kreis 8,5798.0,1069.0,241.0,0.18437392204208347,0.04156605726112453,3266,1766,0.5407225964482547,5850.0,6030.0,0.03076923076923077,1738.9024797456027,0,673.1029688398858,0,0.5371173131574507,0.5620646555606363,0.6505326076452753,0.0
2684724.694,1244284.105,111,81,Seefeld,8,Kreis 8,5798.0,1069.0,241.0,0.18437392204208347,0.04156605726112453,3266,1766,0.5407225964482547,5850.0,6030.0,0.03076923076923077,1682.9649533086874,0,653.9036677225588,0,0.5371173131574507,0.5439665530173181,0.6605923168463312,0.0
2684924.694,1244484.105,112,81,Seefeld,8,Kreis 8,5798.0,1069.0,241.0,0.18437392204208347,0.04156605726112453,3266,1766,0.5407225964482547,5850.0,6030.0,0.03076923076923077,1551.7229888306063,0,481.56993953221456,1,0.5371173131574507,0.5015043513003801,0.7508886865180431,0.0
2684724.694,1244484.105,113,81,Seefeld,8,Kreis 8,5798.0,1069.0,241.0,0.18437392204208347,0.04156605726112453,3266,1766,0.5407225964482547,5850.0,6030.0,0.03076923076923077,1488.7691003192188,0,454.34789166563445,1,0.5371173131574507,0.4811361655339852,0.7651520122360755,0.0
2685124.694,1244484.105,114,81,Seefeld,8,Kreis 8,5798.0,1069.0,241.0,0.18437392204208347,0.04156605726112453,3266,1766,0.5407225964482547,5850.0,6030.0,0.03076923076923077,1636.8430083748053,0,511.6875791543869,0,0.5371173131574507,0.5290441969161407,0.7351081800001353,0.0
2685324.694,1244684.105,115,83,Weinegg,8,Kreis 8,5701.0,1249.0,278.0,0.21908437116295387,0.04876337484651815,2682,1222,0.45563012677106635,5720.0,6390.0,0.11713286713286714,1579.4708715470383,0,249.09138214909854,5,0.4263972600454457,0.5104819385973141,0.8726986768121445,0.26628624793138733
2684924.694,1244684.105,116,81,Seefeld,8,Kreis 8,5798.0,1069.0,241.0,0.18437392204208347,0.04156605726112453,3266,1766,0.5407225964482547,5850.0,6030.0,0.03076923076923077,1368.1763899678187,0,301.25007329634514,3,0.5371173131574507,0.4421194378211916,0.845369491127596,0.0
2684724.694,1244684.105,117,81,Seefeld,8,Kreis 8,5798.0,1069.0,241.0,0.18437392204208347,0.04156605726112453,3266,1766,0.5407225964482547,5850.0,6030.0,0.03076923076923077,1296.3393977139162,0,255.48778182331867,3,0.5371173131574507,0.4188772007215423,0.8693472047839095,0.0
2685124.694,1244684.105,118,82,Mühlebach,8,Kreis 8,6437.0,1393.0,309.0,0.21640515768215007,0.048003728444927764,3404,1744,0.5123384253819037,6480.0,6800.0,0.04938271604938271,1464.0073203592483,0,408.57773147968595,7,0.5202773627184867,0.4731247059393957,0.7891338488009938,0.05739122812416363
2684924.694,1244884.105,119,81,Seefeld,8,Kreis 8,5798.0,1069.0,241.0,0.18437392204208347,0.04156605726112453,3266,1766,0.5407225964482547,5850.0,6030.0,0.03076923076923077,1189.9449710240203,0,126.09584712045537,4,0.5371173131574507,0.38445420480228476,0.9371436952977286,0.0
2684524.694,1244484.105,120,81,Seefeld,8,Kreis 8,5798.0,1069.0,241.0,0.18437392204208347,0.04156605726112453,3266,1766,0.5407225964482547,5850.0,6030.0,0.03076923076923077,1450.8696130477067,0,510.8369668112846,0,0.5371173131574507,0.4688741144446765,0.7355538687656871,0.0
2684324.694,1244484.105,121,81,Seefeld,8,Kreis 8,5798.0,1069.0,241.0,0.18437392204208347,0.04156605726112453,3266,1766,0.5407225964482547,5850.0,6030.0,0.03076923076923077,1440.004109044522,0,628.8694671081589,0,0.5371173131574507,0.46535867466461683,0.6737092931738955,0.0
2684124.694,1244684.105,122,81,Seefeld,8,Kreis 8,5798.0,1069.0,241.0,0.18437392204208347,0.04156605726112453,3266,1766,0.5407225964482547,5850.0,6030.0,0.03076923076923077,1259.4695050159005,0,489.56257685917416,1,0.5371173131574507,0.4069482660454199,0.7467008462020144,0.0
2684324.694,1244684.105,123,81,Seefeld,8,Kreis 8,5798.0,1069.0,241.0,0.18437392204208347,0.04156605726112453,3266,1766,0.5407225964482547,5850.0,6030.0,0.03076923076923077,1240.0299327294852,0,495.12535449222196,1,0.5371173131574507,0.40065876068027717,0.7437861606623363,0.0
2684524.694,1244684.105,124,81,Seefeld,8,Kreis 8,5798.0,1069.0,241.0,0.18437392204208347,0.04156605726112453,3266,1766,0.5407225964482547,5850.0,6030.0,0.03076923076923077,1252.631244247558,0,346.1161750929101,3,0.5371173131574507,0.4047358059584873,0.8218613470394194,0.0
2684524.694,1244884.105,125,81,Seefeld,8,Kreis 8,5798.0,1069.0,241.0,0.18437392204208347,0.04156605726112453,3266,1766,0.5407225964482547,5850.0,6030.0,0.03076923076923077,1055.0580240276688,0,242.153683971437,5,0.5371173131574507,0.340812700538627,0.8763337688274984,0.0
2684324.694,1244884.105,126,81,Seefeld,8,Kreis 8,5798.0,1069.0,241.0,0.18437392204208347,0.04156605726112453,3266,1766,0.5407225964482547,5850.0,6030.0,0.03076923076923077,1040.0656873799246,0,303.95907070038396,3,0.5371173131574507,0.33596205977386556,0.8439500787258367,0.0
2684124.694,1244884.105,127,81,Seefeld,8,Kreis 8,5798.0,1069.0,241.0,0.18437392204208347,0.04156605726112453,3266,1766,0.5407225964482547,5850.0,6030.0,0.03076923076923077,1063.1678296792945,0,294.8109846342014,1,0.5371173131574507,0.3434365579674146,0.8487433305744143,0.0
2684324.694,1245084.105,128,81,Seefeld,8,Kreis 8,5798.0,1069.0,241.0,0.18437392204208347,0.04156605726112453,3266,1766,0.5407225964482547,5850.0,6030.0,0.03076923076923077,840.1184643043258,1,140.118223871963,6,0.5371173131574507,0.27127086627686764,0.9297964990864817,0.0
2684524.694,1245084.105,129,81,Seefeld,8,Kreis 8,5798.0,1069.0,241.0,0.18437392204208347,0.04156605726112453,3266,1766,0.5407225964482547,5850.0,6030.0,0.03076923076923077,858.60924410651,1,250.48275122446697,7,0.5371173131574507,0.27725339804546945,0.8719696519271232,0.0
2684724.694,1244884.105,130,81,Seefeld,8,Kreis 8,5798.0,1069.0,241.0,0.18437392204208347,0.04156605726112453,3266,1766,0.5407225964482547,5850.0,6030.0,0.03076923076923077,1106.597593556602,0,64.15611164177761,4,0.5371173131574507,0.3574878821883745,0.9695977790739078,0.0
2685324.694,1244884.105,131,83,Weinegg,8,Kreis 8,5701.0,1249.0,278.0,0.21908437116295387,0.04876337484651815,2682,1222,0.45563012677106635,5720.0,6390.0,0.11713286713286714,1427.8622601867255,0,177.84884779208696,7,0.4263972600454457,0.4614302845535222,0.9100270761115846,0.26628624793138733
2685124.694,1244884.105,132,83,Weinegg,8,Kreis 8,5701.0,1249.0,278.0,0.21908437116295387,0.04876337484651815,2682,1222,0.45563012677106635,5720.0,6390.0,0.11713286713286714,1298.9918529634629,0,296.9474072307736,6,0.4263972600454457,0.41973537966072,0.8476239257627108,0.26628624793138733
2684924.694,1245084.105,133,82,Mühlebach,8,Kreis 8,6437.0,1393.0,309.0,0.21640515768215007,0.048003728444927764,3404,1744,0.5123384253819037,6480.0,6800.0,0.04938271604938271,1019.8193144206185,0,130.92808201840353,6,0.5202773627184867,0.3294115210338119,0.9346117865804533,0.05739122812416363
2685324.694,1245084.105,134,83,Weinegg,8,Kreis 8,5701.0,1249.0,278.0,0.21908437116295387,0.04876337484651815,2682,1222,0.45563012677106635,5720.0,6390.0,0.11713286713286714,1289.5165892944256,0,133.53806446489767,5,0.4263972600454457,0.4166697401083417,0.9332442542796084,0.26628624793138733
2685124.694,1245084.105,135,83,Weinegg,8,Kreis 8,5701.0,1249.0,278.0,0.21908437116295387,0.04876337484651815,2682,1222,0.45563012677106635,5720.0,6390.0,0.11713286713286714,1145.182183787992,0,126.3123693902443,6,0.4263972600454457,0.3699715924108339,0.9370302457999412,0.26628624793138733
2684724.694,1245084.105,136,82,Mühlebach,8,Kreis 8,6437.0,1393.0,309.0,0.21640515768215007,0.048003728444927764,3404,1744,0.5123384253819037,6480.0,6800.0,0.04938271604938271,921.2060757861112,1,113.45951110848283,5,0.5202773627184867,0.2975060611642416,0.9437646584708387,0.05739122812416363
2684924.694,1245284.105,137,83,Weinegg,8,Kreis 8,5701.0,1249.0,278.0,0.21908437116295387,0.04876337484651815,2682,1222,0.45563012677106635,5720.0,6390.0,0.11713286713286714,862.6087375312889,1,279.5230020249424,6,0.4263972600454457,0.27854739952772317,0.8567536564909735,0.26628624793138733
2684724.694,1245284.105,138,82,Mühlebach,8,Kreis 8,6437.0,1393.0,309.0,0.21640515768215007,0.048003728444927764,3404,1744,0.5123384253819037,6480.0,6800.0,0.04938271604938271,743.4265492065979,1,90.8911913280072,6,0.5202773627184867,0.23998703400870264,0.9555896063041289,0.05739122812416363
2685124.694,1245284.105,139,83,Weinegg,8,Kreis 8,5701.0,1249.0,278.0,0.21908437116295387,0.04876337484651815,2682,1222,0.45563012677106635,5720.0,6390.0,0.11713286713286714,1007.7224985408521,0,150.98614062545633,6,0.4263972600454457,0.3254977009530017,0.924102120864414,0.26628624793138733
2685524.694,1245084.105,140,83,Weinegg,8,Kreis 8,5701.0,1249.0,278.0,0.21908437116295387,0.04876337484651815,2682,1222,0.45563012677106635,5720.0,6390.0,0.11713286713286714,1447.157155966698,0,105.59267333020368,7,0.4263972600454457,0.4676729810871703,0.9478865845710522,0.26628624793138733
2685524.694,1245284.105,141,83,Weinegg,8,Kreis 8,5701.0,1249.0,278.0,0.21908437116295387,0.04876337484651815,2682,1222,0.45563012677106635,5720.0,6390.0,0.11713286713286714,1337.7656790373549,0,127.4533116908541,7,0.4263972600454457,0.4322803155021981,0.9364324350937504,0.26628624793138733
2685324.694,1245284.105,142,83,Weinegg,8,Kreis 8,5701.0,1249.0,278.0,0.21908437116295387,0.04876337484651815,2682,1222,0.45563012677106635,5720.0,6390.0,0.11713286713286714,1169.1515872911912,0,157.08091755851098,3,0.4263972600454457,0.3777266854607974,0.9209086877692634,0.26628624793138733
2685724.694,1245284.105,143,83,Weinegg,8,Kreis 8,5701.0,1249.0,278.0,0.21908437116295387,0.04876337484651815,2682,1222,0.45563012677106635,5720.0,6390.0,0.11713286713286714,1170.9062353622735,0,87.87460760094267,5,0.4263972600454457,0.37829438665784076,0.957170182330801,0.26628624793138733
2685924.694,1245284.105,144,83,Weinegg,8,Kreis 8,5701.0,1249.0,278.0,0.21908437116295387,0.04876337484651815,2682,1222,0.45563012677106635,5720.0,6390.0,0.11713286713286714,1016.0835654660633,0,141.11735067304383,5,0.4263972600454457,0.32820285179220926,0.9292729943499064,0.26628624793138733
2685724.694,1245484.105,145,83,Weinegg,8,Kreis 8,5701.0,1249.0,278.0,0.21908437116295387,0.04876337484651815,2682,1222,0.45563012677106635,5720.0,6390.0,0.11713286713286714,1065.4990436458454,0,130.30604230412743,5,0.4263972600454457,0.3441908020697997,0.9349377119148645,0.26628624793138733
2685924.694,1245484.105,146,83,Weinegg,8,Kreis 8,5701.0,1249.0,278.0,0.21908437116295387,0.04876337484651815,2682,1222,0.45563012677106635,5720.0,6390.0,0.11713286713286714,892.5763900138674,1,69.31333681924939,5,0.4263972600454457,0.288243174120543,0.9668955877153427,0.26628624793138733
2685524.694,1245484.105,147,83,Weinegg,8,Kreis 8,5701.0,1249.0,278.0,0.21908437116295387,0.04876337484651815,2682,1222,0.45563012677106635,5720.0,6390.0,0.11713286713286714,1246.548760382134,0,268.1162931657801,6,0.4263972600454457,0.4027678709472982,0.862730341442319,0.26628624793138733
2685524.694,1245684.105,148,83,Weinegg,8,Kreis 8,5701.0,1249.0,278.0,0.21908437116295387,0.04876337484651815,2682,1222,0.45563012677106635,5720.0,6390.0,0.11713286713286714,1182.4341892935076,0,195.47531471002446,5,0.4263972600454457,0.38202415637866344,0.9007914726720169,0.26628624793138733
2685724.694,1245684.105,149,83,Weinegg,8,Kreis 8,5701.0,1249.0,278.0,0.21908437116295387,0.04876337484651815,2682,1222,0.45563012677106635,5720.0,6390.0,0.11713286713286714,989.7247152669125,1,208.05816172656324,4,0.4263972600454457,0.31967467394426324,0.8941985357138316,0.26628624793138733
2684124.694,1245084.105,150,81,Seefeld,8,Kreis 8,5798.0,1069.0,241.0,0.18437392204208347,0.04156605726112453,3266,1766,0.5407225964482547,5850.0,6030.0,0.03076923076923077,868.5552567712458,1,118.97695852970818,2,0.5371173131574507,0.28047134436110666,0.9408737242513867,0.0
2684324.694,1245284.105,151,81,Seefeld,8,Kreis 8,5798.0,1069.0,241.0,0.18437392204208347,0.04156605726112453,3266,1766,0.5407225964482547,5850.0,6030.0,0.03076923076923077,640.2042127829544,1,163.93631891995776,4,0.5371173131574507,0.20659034044087357,0.9173167161797122,0.0
2684524.694,1245284.105,152,81,Seefeld,8,Kreis 8,5798.0,1069.0,241.0,0.18437392204208347,0.04156605726112453,3266,1766,0.5407225964482547,5850.0,6030.0,0.03076923076923077,664.2832483701033,1,114.81989662497858,8,0.5371173131574507,0.21438090400274104,0.9430518678013426,0.0
2684124.694,1245284.105,153,81,Seefeld,8,Kreis 8,5798.0,1069.0,241.0,0.18437392204208347,0.04156605726112453,3266,1766,0.5407225964482547,5850.0,6030.0,0.03076923076923077,677.0898271757954,1,146.27890025896576,3,0.5371173131574507,0.2185243617352865,0.9265685371645173,0.0
2684524.694,1245484.105,154,82,Mühlebach,8,Kreis 8,6437.0,1393.0,309.0,0.21640515768215007,0.048003728444927764,3404,1744,0.5123384253819037,6480.0,6800.0,0.04938271604938271,474.6942532463605,1,57.02996283544238,6,0.5202773627184867,0.1530410255098339,0.9733316121065325,0.05739122812416363
2684124.694,1245484.105,155,81,Seefeld,8,Kreis 8,5798.0,1069.0,241.0,0.18437392204208347,0.04156605726112453,3266,1766,0.5407225964482547,5850.0,6030.0,0.03076923076923077,492.4561239998261,1,73.26406118269341,5,0.5371173131574507,0.1587877250643792,0.9648255572498116,0.0
2684324.694,1245484.105,156,81,Seefeld,8,Kreis 8,5798.0,1069.0,241.0,0.18437392204208347,0.04156605726112453,3266,1766,0.5407225964482547,5850.0,6030.0,0.03076923076923077,440.36783949901013,1,140.1614164491608,6,0.5371173131574507,0.1419350114345684,0.9297738678061241,0.0
2684324.694,1245684.105,157,81,Seefeld,8,Kreis 8,5798.0,1069.0,241.0,0.18437392204208347,0.04156605726112453,3266,1766,0.5407225964482547,5850.0,6030.0,0.03076923076923077,240.80330991290293,1,159.86622739346237,7,0.5371173131574507,0.07736763510391036,0.9194492905337481,0.0
2684524.694,1245684.105,158,82,Mühlebach,8,Kreis 8,6437.0,1393.0,309.0,0.21640515768215007,0.048003728444927764,3404,1744,0.5123384253819037,6480.0,6800.0,0.04938271604938271,298.99336792829274,1,162.77105596820488,6,0.5202773627184867,0.09619452474394215,0.917927269989237,0.05739122812416363
2684124.694,1245684.105,159,81,Seefeld,8,Kreis 8,5798.0,1069.0,241.0,0.18437392204208347,0.04156605726112453,3266,1766,0.5407225964482547,5850.0,6030.0,0.03076923076923077,326.4589316666274,1,155.9310381580224,5,0.5371173131574507,0.1050807701789635,0.9215111811785032,0.0
2684724.694,1245484.105,160,82,Mühlebach,8,Kreis 8,6437.0,1393.0,309.0,0.21640515768215007,0.048003728444927764,3404,1744,0.5123384253819037,6480.0,6800.0,0.04938271604938271,580.2977115801972,1,119.57219016550155,4,0.5202773627184867,0.18720811046326377,0.9405618453383597,0.05739122812416363
2685124.694,1245484.105,161,83,Weinegg,8,Kreis 8,5701.0,1249.0,278.0,0.21908437116295387,0.04876337484651815,2682,1222,0.45563012677106635,5720.0,6390.0,0.11713286713286714,894.1851229277981,1,304.0603700929836,2,0.4263972600454457,0.2887636657313754,0.8438970016671683,0.26628624793138733
2684924.694,1245484.105,162,83,Weinegg,8,Kreis 8,5701.0,1249.0,278.0,0.21908437116295387,0.04876337484651815,2682,1222,0.45563012677106635,5720.0,6390.0,0.11713286713286714,726.7435820599364,1,115.65080484384235,5,0.4263972600454457,0.23458940437830422,0.9426165032532553,0.26628624793138733
2685324.694,1245484.105,163,83,Weinegg,8,Kreis 8,5701.0,1249.0,278.0,0.21908437116295387,0.04876337484651815,2682,1222,0.45563012677106635,5720.0,6390.0,0.11713286713286714,1072.8363500858345,0,333.94073525255385,4,0.4263972600454457,0.3465647240645885,0.8282408180128913,0.26628624793138733
2685124.694,1245684.105,164,83,Weinegg,8,Kreis 8,5701.0,1249.0,278.0,0.21908437116295387,0.04876337484651815,2682,1222,0.45563012677106635,5720.0,6390.0,0.11713286713286714,814.6345401868159,1,328.16871980899504,3,0.4263972600454457,0.26302576319021304,0.8312651362686116,0.26628624793138733
2684924.694,1245684.105,165,83,Weinegg,8,Kreis 8,5701.0,1249.0,278.0,0.21908437116295387,0.04876337484651815,2682,1222,0.45563012677106635,5720.0,6390.0,0.11713286713286714,626.2736095871286,1,169.16592050711947,5,0.4263972600454457,0.20208321434525217,0.9145766023139659,0.26628624793138733
2685324.694,1245684.105,166,83,Weinegg,8,Kreis 8,5701.0,1249.0,278.0,0.21908437116295387,0.04876337484651815,2682,1222,0.45563012677106635,5720.0,6390.0,0.11713286713286714,1007.4920516140456,0,336.3524916823561,3,0.4263972600454457,0.3254231418443353,0.8269771486637141,0.26628624793138733
2684724.694,1245684.105,167,82,Mühlebach,8,Kreis 8,6437.0,1393.0,309.0,0.21640515768215007,0.048003728444927764,3404,1744,0.5123384253819037,6480.0,6800.0,0.04938271604938271,448.11587124894083,1,171.87061604872258,5,0.5202773627184867,0.1444418200485902,0.91315944392577,0.05739122812416363
2684924.694,1245884.105,168,83,Weinegg,8,Kreis 8,5701.0,1249.0,278.0,0.21908437116295387,0.04876337484651815,2682,1222,0.45563012677106635,5720.0,6390.0,0.11713286713286714,579.8974340909562,1,288.3868212331553,6,0.4263972600454457,0.18707860414599328,0.8521093497476991,0.26628624793138733
2685324.694,1245884.105,169,83,Weinegg,8,Kreis 8,5701.0,1249.0,278.0,0.21908437116295387,0.04876337484651815,2682,1222,0.45563012677106635,5720.0,6390.0,0.11713286713286714,979.3378549129317,1,212.56077404120742,4,0.4263972600454457,0.31631409517427644,0.8918393367902032,0.26628624793138733
2684724.694,1245884.105,170,83,Weinegg,8,Kreis 8,5701.0,1249.0,278.0,0.21908437116295387,0.04876337484651815,2682,1222,0.45563012677106635,5720.0,6390.0,0.11713286713286714,380.61822613372175,1,204.80364904232258,6,0.4263972600454457,0.12260354115891849,0.8959037775345904,0.26628624793138733
2685124.694,1245884.105,171,83,Weinegg,8,Kreis 8,5701.0,1249.0,278.0,0.21908437116295387,0.04876337484651815,2682,1222,0.45563012677106635,5720.0,6390.0,0.11713286713286714,779.5459153028567,1,237.1593528853912,4,0.4263972600454457,0.25167314229858134,0.878950609829803,0.26628624793138733
2685124.694,1246084.105,172,73,Hirslanden,7,Kreis 7,7670.0,1784.0,510.0,0.23259452411994785,0.06649282920469361,3765,1756,0.4664010624169987,7750.0,8280.0,0.06838709677419355,794.8296887166157,1,47.81797424619815,6,0.5331916358632932,0.25661807490662225,0.978158346465504,0.1159877098211784
2684924.694,1246084.105,173,73,Hirslanden,7,Kreis 7,7670.0,1784.0,510.0,0.23259452411994785,0.06649282920469361,3765,1756,0.4664010624169987,7750.0,8280.0,0.06838709677419355,600.2861268305794,1,170.90628619496835,5,0.5331916358632932,0.19367518921920088,0.9136647163751879,0.1159877098211784
2684724.694,1246084.105,174,83,Weinegg,8,Kreis 8,5701.0,1249.0,278.0,0.21908437116295387,0.04876337484651815,2682,1222,0.45563012677106635,5720.0,6390.0,0.11713286713286714,411.01415312026,1,184.1390036385452,5,0.4263972600454457,0.13243788026080888,0.9067312718394392,0.26628624793138733
2685324.694,1246084.105,175,73,Hirslanden,7,Kreis 7,7670.0,1784.0,510.0,0.23259452411994785,0.06649282920469361,3765,1756,0.4664010624169987,7750.0,8280.0,0.06838709677419355,991.546788641588,1,40.29990894517987,6,0.5331916358632932,0.32026419001472295,0.982097528950357,0.1159877098211784
2684924.694,1246284.105,176,73,Hirslanden,7,Kreis 7,7670.0,1784.0,510.0,0.23259452411994785,0.06649282920469361,3765,1756,0.4664010624169987,7750.0,8280.0,0.06838709677419355,681.473281989281,1,97.25035044153508,8,0.5331916358632932,0.21994259060169752,0.9522576469242324,0.1159877098211784
2685124.694,1246284.105,177,73,Hirslanden,7,Kreis 7,7670.0,1784.0,510.0,0.23259452411994785,0.06649282920469361,3765,1756,0.4664010624169987,7750.0,8280.0,0.06838709677419355,857.7975484141557,1,168.3108988182364,6,0.5331916358632932,0.2769907809293772,0.9150246014102974,0.1159877098211784
2684724.694,1246284.105,178,83,Weinegg,8,Kreis 8,5701.0,1249.0,278.0,0.21908437116295387,0.04876337484651815,2682,1222,0.45563012677106635,5720.0,6390.0,0.11713286713286714,522.4892669377507,1,44.149435568178085,6,0.4263972600454457,0.16850468852721098,0.9800805222816019,0.26628624793138733
2685124.694,1246484.105,179,73,Hirslanden,7,Kreis 7,7670.0,1784.0,510.0,0.23259452411994785,0.06649282920469361,3765,1756,0.4664010624169987,7750.0,8280.0,0.06838709677419355,959.1032447371448,1,70.54138261322113,7,0.5331916358632932,0.30976736218102435,0.9662521380659288,0.1159877098211784
2684324.694,1245884.105,180,82,Mühlebach,8,Kreis 8,6437.0,1393.0,309.0,0.21640515768215007,0.048003728444927764,3404,1744,0.5123384253819037,6480.0,6800.0,0.04938271604938271,45.261838948425265,1,66.32654567374038,6,0.5202773627184867,0.014101884570991971,0.9684605535536561,0.05739122812416363
2684524.694,1245884.105,181,82,Mühlebach,8,Kreis 8,6437.0,1393.0,309.0,0.21640515768215007,0.048003728444927764,3404,1744,0.5123384253819037,6480.0,6800.0,0.04938271604938271,182.91920091966034,1,109.84960018587776,6,0.5202773627184867,0.0586397326220271,0.9456561155557192,0.05739122812416363
2684124.694,1245884.105,182,81,Seefeld,8,Kreis 8,5798.0,1069.0,241.0,0.18437392204208347,0.04156605726112453,3266,1766,0.5407225964482547,5850.0,6030.0,0.03076923076923077,225.02851833689726,1,160.3795830551917,5,0.5371173131574507,0.07226383781920212,0.9191803115411196,0.0
2684124.694,1246084.105,183,82,Mühlebach,8,Kreis 8,6437.0,1393.0,309.0,0.21640515768215007,0.048003728444927764,3404,1744,0.5123384253819037,6480.0,6800.0,0.04938271604938271,273.31343557330456,1,22.932218841632018,5,0.5202773627184867,0.08788600488848888,0.9911975431054593,0.05739122812416363
2684524.694,1246084.105,184,83,Weinegg,8,Kreis 8,5701.0,1249.0,278.0,0.21908437116295387,0.04876337484651815,2682,1222,0.45563012677106635,5720.0,6390.0,0.11713286713286714,239.83709901737612,1,96.48282054847766,5,0.4263972600454457,0.07705502593114981,0.9526598036215044,0.26628624793138733
2684324.694,1246084.105,185,82,Mühlebach,8,Kreis 8,6437.0,1393.0,309.0,0.21640515768215007,0.048003728444927764,3404,1744,0.5123384253819037,6480.0,6800.0,0.04938271604938271,161.5890901793088,1,200.00871646269354,6,0.5202773627184867,0.05173855990259027,0.8984161412448614,0.05739122812416363
2684524.694,1246284.105,186,83,Weinegg,8,Kreis 8,5701.0,1249.0,278.0,0.21908437116295387,0.04876337484651815,2682,1222,0.45563012677106635,5720.0,6390.0,0.11713286713286714,401.97541475201473,1,138.93433938736774,6,0.4263972600454457,0.12951347469140614,0.9304168098764365,0.26628624793138733
2684324.694,1246284.105,187,82,Mühlebach,8,Kreis 8,6437.0,1393.0,309.0,0.21640515768215007,0.048003728444927764,3404,1744,0.5123384253819037,6480.0,6800.0,0.04938271604938271,360.7955571580121,1,246.22175099074948,7,0.5202773627184867,0.1161900881756294,0.8742022552388211,0.05739122812416363
2684124.694,1246284.105,188,82,Mühlebach,8,Kreis 8,6437.0,1393.0,309.0,0.21640515768215007,0.048003728444927764,3404,1744,0.5123384253819037,6480.0,6800.0,0.04938271604938271,422.8033042265239,1,177.1098152587627,5,0.5202773627184867,0.13625215806696933,0.910414301267851,0.05739122812416363
2684124.694,1246484.105,189,82,Mühlebach,8,Kreis 8,6437.0,1393.0,309.0,0.21640515768215007,0.048003728444927764,3404,1744,0.5123384253819037,6480.0,6800.0,0.04938271604938271,602.3495945585505,1,184.319799969977,8,0.5202773627184867,0.19434280634341827,0.9066365413850489,0.05739122812416363
2685524.694,1246284.105,190,73,Hirslanden,7,Kreis 7,7670.0,1784.0,510.0,0.23259452411994785,0.06649282920469361,3765,1756,0.4664010624169987,7750.0,8280.0,0.06838709677419355,1187.8345894989227,0,83.5993939032363,6,0.5331916358632932,0.38377140912504265,0.9594102329612109,0.1159877098211784
2685924.694,1246284.105,191,73,Hirslanden,7,Kreis 7,7670.0,1784.0,510.0,0.23259452411994785,0.06649282920469361,3765,1756,0.4664010624169987,7750.0,8280.0,0.06838709677419355,808.554149089612,1,170.85511014026713,3,0.5331916358632932,0.2610585052760687,0.9136915306964595,0.1159877098211784
2685324.694,1246284.105,192,73,Hirslanden,7,Kreis 7,7670.0,1784.0,510.0,0.23259452411994785,0.06649282920469361,3765,1756,0.4664010624169987,7750.0,8280.0,0.06838709677419355,1042.70198717823,0,195.10531171903634,6,0.5331916358632932,0.33681501175661843,0.9009853402753278,0.1159877098211784
2686124.694,1246284.105,193,74,Witikon,7,Kreis 7,11984.0,3516.0,1203.0,0.29339118825100136,0.10038384512683578,5606,2375,0.4236532286835533,12030.0,13540.0,0.1255195344970906,628.6208809847177,1,159.43843533160788,2,0.6282589546662345,0.20284265369047375,0.9196734374292251,0.2921449806005921
2685724.694,1246284.105,194,73,Hirslanden,7,Kreis 7,7670.0,1784.0,510.0,0.23259452411994785,0.06649282920469361,3765,1756,0.4664010624169987,7750.0,8280.0,0.06838709677419355,996.1703729834824,1,100.56773170848177,5,0.5331916358632932,0.32176011071174654,0.950519464338805,0.1159877098211784
2685924.694,1246484.105,195,74,Witikon,7,Kreis 7,11984.0,3516.0,1203.0,0.29339118825100136,0.10038384512683578,5606,2375,0.4236532286835533,12030.0,13540.0,0.1255195344970906,904.4482362247086,1,186.6372649312976,3,0.6282589546662345,0.2920842072120691,0.9054222772067825,0.2921449806005921
2685724.694,1246484.105,196,73,Hirslanden,7,Kreis 7,7670.0,1784.0,510.0,0.23259452411994785,0.06649282920469361,3765,1756,0.4664010624169987,7750.0,8280.0,0.06838709677419355,1075.4637195228904,0,125.52238310748294,2,0.5331916358632932,0.3474147867062508,0.9374441687979106,0.1159877098211784
2686124.694,1246484.105,197,74,Witikon,7,Kreis 7,11984.0,3516.0,1203.0,0.29339118825100136,0.10038384512683578,5606,2375,0.4236532286835533,12030.0,13540.0,0.1255195344970906,747.9512096453635,1,359.25285616259737,2,0.6282589546662345,0.24145094873304832,0.8149782219391621,0.2921449806005921
2685524.694,1246484.105,198,73,Hirslanden,7,Kreis 7,7670.0,1784.0,510.0,0.23259452411994785,0.06649282920469361,3765,1756,0.4664010624169987,7750.0,8280.0,0.06838709677419355,1255.0768151830525,0,276.9084120443582,4,0.5331916358632932,0.4055270492684226,0.8581236029657924,0.1159877098211784
2685724.694,1246684.105,199,73,Hirslanden,7,Kreis 7,7670.0,1784.0,510.0,0.23259452411994785,0.06649282920469361,3765,1756,0.4664010624169987,7750.0,8280.0,0.06838709677419355,1183.5915731408238,0,318.4303199460979,1,0.5331916358632932,0.38239861790538704,0.8363676902681391,0.1159877098211784
2685724.694,1244684.105,200,83,Weinegg,8,Kreis 8,5701.0,1249.0,278.0,0.21908437116295387,0.04876337484651815,2682,1222,0.45563012677106635,5720.0,6390.0,0.11713286713286714,1599.44396963769,0,118.80944685075856,4,0.4263972600454457,0.5169440616187893,0.9409614940492411,0.26628624793138733
2685524.694,1244684.105,201,83,Weinegg,8,Kreis 8,5701.0,1249.0,278.0,0.21908437116295387,0.04876337484651815,2682,1222,0.45563012677106635,5720.0,6390.0,0.11713286713286714,1710.5961048902382,0,87.30050779335043,4,0.4263972600454457,0.5529063729658609,0.9574709889633689,0.26628624793138733
2685924.694,1244684.105,202,83,Weinegg,8,Kreis 8,5701.0,1249.0,278.0,0.21908437116295387,0.04876337484651815,2682,1222,0.45563012677106635,5720.0,6390.0,0.11713286713286714,1489.8407337733615,0,154.89765866867344,4,0.4263972600454457,0.48148288326316113,0.9220526330310295,0.26628624793138733
2685724.694,1244884.105,203,83,Weinegg,8,Kreis 8,5701.0,1249.0,278.0,0.21908437116295387,0.04876337484651815,2682,1222,0.45563012677106635,5720.0,6390.0,0.11713286713286714,1443.082746071871,0,131.7485660680061,6,0.4263972600454457,0.4663547410294293,0.9341818839036492,0.26628624793138733
2686124.694,1244884.105,204,83,Weinegg,8,Kreis 8,5701.0,1249.0,278.0,0.21908437116295387,0.04876337484651815,2682,1222,0.45563012677106635,5720.0,6390.0,0.11713286713286714,1218.727456000842,0,241.6545109468711,4,0.4263972600454457,0.39376652870615814,0.8765953166535082,0.26628624793138733
2685924.694,1244884.105,205,83,Weinegg,8,Kreis 8,5701.0,1249.0,278.0,0.21908437116295387,0.04876337484651815,2682,1222,0.45563012677106635,5720.0,6390.0,0.11713286713286714,1320.5651108560714,0,165.0311626967144,7,0.4263972600454457,0.4267152205368481,0.9167430593602555,0.26628624793138733
2685524.694,1244884.105,206,83,Weinegg,8,Kreis 8,5701.0,1249.0,278.0,0.21908437116295387,0.04876337484651815,2682,1222,0.45563012677106635,5720.0,6390.0,0.11713286713286714,1571.687447957016,0,69.03706729717327,6,0.4263972600454457,0.5079636792597445,0.9670403425184586,0.26628624793138733
2685724.694,1245084.105,207,83,Weinegg,8,Kreis 8,5701.0,1249.0,278.0,0.21908437116295387,0.04876337484651815,2682,1222,0.45563012677106635,5720.0,6390.0,0.11713286713286714,1298.7511740169061,0,179.10875651689145,8,0.4263972600454457,0.41965751007062085,0.909366931488926,0.26628624793138733
2686124.694,1245084.105,208,83,Weinegg,8,Kreis 8,5701.0,1249.0,278.0,0.21908437116295387,0.04876337484651815,2682,1222,0.45563012677106635,5720.0,6390.0,0.11713286713286714,1043.8215422236906,0,134.30898205616782,6,0.4263972600454457,0.33717723410190725,0.9328403225563252,0.26628624793138733
2685924.694,1245084.105,209,83,Weinegg,8,Kreis 8,5701.0,1249.0,278.0,0.21908437116295387,0.04876337484651815,2682,1222,0.45563012677106635,5720.0,6390.0,0.11713286713286714,1161.102498494542,0,95.24760711422766,8,0.4263972600454457,0.37512247244493735,0.9533070088439163,0.26628624793138733
2687924.694,1245084.105,210,74,Witikon,7,Kreis 7,11984.0,3516.0,1203.0,0.29339118825100136,0.10038384512683578,5606,2375,0.4236532286835533,12030.0,13540.0,0.1255195344970906,1536.946001657192,0,377.7732397365478,2,0.6282589546662345,0.4967233849942036,0.8052742399083885,0.2921449806005921
2687724.694,1245084.105,211,74,Witikon,7,Kreis 7,11984.0,3516.0,1203.0,0.29339118825100136,0.10038384512683578,5606,2375,0.4236532286835533,12030.0,13540.0,0.1255195344970906,1378.6945317981258,0,363.36623489393395,3,0.6282589546662345,0.44552249157661183,0.8128229667234548,0.2921449806005921
2687524.694,1245084.105,212,74,Witikon,7,Kreis 7,11984.0,3516.0,1203.0,0.29339118825100136,0.10038384512683578,5606,2375,0.4236532286835533,12030.0,13540.0,0.1255195344970906,1232.6370966387785,0,396.43216400915776,3,0.6282589546662345,0.39826687254760396,0.7954976677800634,0.2921449806005921
2687324.694,1245084.105,213,74,Witikon,7,Kreis 7,11984.0,3516.0,1203.0,0.29339118825100136,0.10038384512683578,5606,2375,0.4236532286835533,12030.0,13540.0,0.1255195344970906,1103.6257572248398,0,492.4234566518233,1,0.6282589546662345,0.35652637026426665,0.7452018531606868,0.2921449806005921
2687924.694,1245284.105,214,74,Witikon,7,Kreis 7,11984.0,3516.0,1203.0,0.29339118825100136,0.10038384512683578,5606,2375,0.4236532286835533,12030.0,13540.0,0.1255195344970906,1430.5487800176509,0,200.8845953801331,3,0.6282589546662345,0.46229948479317845,0.897957213747921,0.2921449806005921
2688124.694,1245284.105,215,74,Witikon,7,Kreis 7,11984.0,3516.0,1203.0,0.29339118825100136,0.10038384512683578,5606,2375,0.4236532286835533,12030.0,13540.0,0.1255195344970906,1608.6871081754728,0,361.98372982924724,2,0.6282589546662345,0.5199345990939768,0.8135473472014079,0.2921449806005921
2687724.694,1245284.105,216,74,Witikon,7,Kreis 7,11984.0,3516.0,1203.0,0.29339118825100136,0.10038384512683578,5606,2375,0.4236532286835533,12030.0,13540.0,0.1255195344970906,1258.9938093612745,0,172.27019667077107,4,0.6282589546662345,0.40679435883347803,0.9129500787600474,0.2921449806005921
2687324.694,1245284.105,217,74,Witikon,7,Kreis 7,11984.0,3516.0,1203.0,0.29339118825100136,0.10038384512683578,5606,2375,0.4236532286835533,12030.0,13540.0,0.1255195344970906,949.8718924202678,1,340.1524756061075,4,0.6282589546662345,0.306780638035602,0.8249861004996157,0.2921449806005921
2688324.694,1245284.105,218,74,Witikon,7,Kreis 7,11984.0,3516.0,1203.0,0.29339118825100136,0.10038384512683578,5606,2375,0.4236532286835533,12030.0,13540.0,0.1255195344970906,1791.4459556486602,0,549.2811854243208,0,0.6282589546662345,0.5790646424289929,0.7154105491028718,0.2921449806005921
2687524.694,1245284.105,219,74,Witikon,7,Kreis 7,11984.0,3516.0,1203.0,0.29339118825100136,0.10038384512683578,5606,2375,0.4236532286835533,12030.0,13540.0,0.1255195344970906,1097.114858166654,0,212.6039996354168,6,0.6282589546662345,0.3544198252253627,0.8918166882101777,0.2921449806005921
2686324.694,1244884.105,220,83,Weinegg,8,Kreis 8,5701.0,1249.0,278.0,0.21908437116295387,0.04876337484651815,2682,1222,0.45563012677106635,5720.0,6390.0,0.11713286713286714,1143.1102361584644,0,211.36343737984842,3,0.4263972600454457,0.36930123168786083,0.8924666960130951,0.26628624793138733
2686524.694,1245084.105,221,83,Weinegg,8,Kreis 8,5701.0,1249.0,278.0,0.21908437116295387,0.04876337484651815,2682,1222,0.45563012677106635,5720.0,6390.0,0.11713286713286714,901.316932055643,1,62.4824828333263,2,0.4263972600454457,0.29107110084938465,0.970474697406541,0.26628624793138733
2686324.694,1245084.105,222,83,Weinegg,8,Kreis 8,5701.0,1249.0,278.0,0.21908437116295387,0.04876337484651815,2682,1222,0.45563012677106635,5720.0,6390.0,0.11713286713286714,954.4463379416468,1,65.700096354706,3,0.4263972600454457,0.30826066029254084,0.9687887893545415,0.26628624793138733
2686524.694,1245284.105,223,74,Witikon,7,Kreis 7,11984.0,3516.0,1203.0,0.29339118825100136,0.10038384512683578,5606,2375,0.4236532286835533,12030.0,13540.0,0.1255195344970906,704.7261964835394,1,199.8651061616546,2,0.6282589546662345,0.2274658698339801,0.8984913876227321,0.2921449806005921
2687124.694,1245284.105,224,74,Witikon,7,Kreis 7,11984.0,3516.0,1203.0,0.29339118825100136,0.10038384512683578,5606,2375,0.4236532286835533,12030.0,13540.0,0.1255195344970906,825.137692758054,1,394.16905594042163,3,0.6282589546662345,0.2664239673005924,0.7966834509980527,0.2921449806005921
2686124.694,1245284.105,225,83,Weinegg,8,Kreis 8,5701.0,1249.0,278.0,0.21908437116295387,0.04876337484651815,2682,1222,0.45563012677106635,5720.0,6390.0,0.11713286713286714,879.6761972511271,1,188.1268366316525,6,0.4263972600454457,0.28406942840241683,0.9046417978524497,0.26628624793138733
2686324.694,1245284.105,226,83,Weinegg,8,Kreis 8,5701.0,1249.0,278.0,0.21908437116295387,0.04876337484651815,2682,1222,0.45563012677106635,5720.0,6390.0,0.11713286713286714,771.5144924174659,1,209.66283090001957,3,0.4263972600454457,0.24907464493541173,0.893357749627389,0.26628624793138733
2686924.694,1245284.105,227,74,Witikon,7,Kreis 7,11984.0,3516.0,1203.0,0.29339118825100136,0.10038384512683578,5606,2375,0.4236532286835533,12030.0,13540.0,0.1255195344970906,734.4711103985701,1,482.6466581889803,2,0.6282589546662345,0.23708957929105642,0.750324526577417,0.2921449806005921
2686724.694,1245284.105,228,74,Witikon,7,Kreis 7,11984.0,3516.0,1203.0,0.29339118825100136,0.10038384512683578,5606,2375,0.4236532286835533,12030.0,13540.0,0.1255195344970906,691.4068353799609,1,323.4558094408927,1,0.6282589546662345,0.2231565058270481,0.8337345234355729,0.2921449806005921
2686124.694,1245484.105,229,73,Hirslanden,7,Kreis 7,7670.0,1784.0,510.0,0.23259452411994785,0.06649282920469361,3765,1756,0.4664010624169987,7750.0,8280.0,0.06838709677419355,733.5509607451711,1,268.1080727264145,4,0.5331916358632932,0.23679187283452954,0.862734648642306,0.1159877098211784
2688724.694,1245484.105,230,74,Witikon,7,Kreis 7,11984.0,3516.0,1203.0,0.29339118825100136,0.10038384512683578,5606,2375,0.4236532286835533,12030.0,13540.0,0.1255195344970906,2111.007866401699,0,916.8211813986674,0,0.6282589546662345,0.682456132867342,0.5228334622253503,0.2921449806005921
2689524.694,1245484.105,231,74,Witikon,7,Kreis 7,11984.0,3516.0,1203.0,0.29339118825100136,0.10038384512683578,5606,2375,0.4236532286835533,12030.0,13540.0,0.1255195344970906,2895.1635207721442,0,1714.8969294571211,0,0.6282589546662345,0.9361629080270226,0.10467188973781327,0.2921449806005921
2687924.694,1245484.105,232,74,Witikon,7,Kreis 7,11984.0,3516.0,1203.0,0.29339118825100136,0.10038384512683578,5606,2375,0.4236532286835533,12030.0,13540.0,0.1255195344970906,1345.6361365577059,0,134.15148400607552,5,0.6282589546662345,0.43482673391465293,0.9329228455905741,0.2921449806005921
2689324.694,1245484.105,233,74,Witikon,7,Kreis 7,11984.0,3516.0,1203.0,0.29339118825100136,0.10038384512683578,5606,2375,0.4236532286835533,12030.0,13540.0,0.1255195344970906,2698.252659038768,0,1515.1877371010528,0,0.6282589546662345,0.8724541029628076,0.20931196947835562,0.2921449806005921
2687724.694,1245484.105,234,74,Witikon,7,Kreis 7,11984.0,3516.0,1203.0,0.29339118825100136,0.10038384512683578,5606,2375,0.4236532286835533,12030.0,13540.0,0.1255195344970906,1161.6075981199388,0,85.55127504005242,6,0.6282589546662345,0.37528589305713284,0.958387520909798,0.2921449806005921
2688124.694,1245484.105,235,74,Witikon,7,Kreis 7,11984.0,3516.0,1203.0,0.29339118825100136,0.10038384512683578,5606,2375,0.4236532286835533,12030.0,13540.0,0.1255195344970906,1533.6691338127416,0,324.5431845857915,3,0.6282589546662345,0.49566318276419175,0.8331647798973424,0.2921449806005921
2689124.694,1245484.105,236,74,Witikon,7,Kreis 7,11984.0,3516.0,1203.0,0.29339118825100136,0.10038384512683578,5606,2375,0.4236532286835533,12030.0,13540.0,0.1255195344970906,2501.8319312075714,0,1315.5669039092445,0,0.6282589546662345,0.8089038764805684,0.3139057523515134,0.2921449806005921
2687524.694,1245484.105,237,74,Witikon,7,Kreis 7,11984.0,3516.0,1203.0,0.29339118825100136,0.10038384512683578,5606,2375,0.4236532286835533,12030.0,13540.0,0.1255195344970906,983.8332236766538,1,93.93245797385343,6,0.6282589546662345,0.3177685328306792,0.953996097359552,0.2921449806005921
2687324.694,1245484.105,238,74,Witikon,7,Kreis 7,11984.0,3516.0,1203.0,0.29339118825100136,0.10038384512683578,5606,2375,0.4236532286835533,12030.0,13540.0,0.1255195344970906,816.4088510115631,1,148.62316327211397,7,0.6282589546662345,0.26359982610102495,0.9253402318184555,0.2921449806005921
2688324.694,1245484.105,239,74,Witikon,7,Kreis 7,11984.0,3516.0,1203.0,0.29339118825100136,0.10038384512683578,5606,2375,0.4236532286835533,12030.0,13540.0,0.1255195344970906,1724.3971155188997,0,520.005652528067,0,0.6282589546662345,0.5573715705079908,0.7307498234776288,0.2921449806005921
2687124.694,1245484.105,240,74,Witikon,7,Kreis 7,11984.0,3516.0,1203.0,0.29339118825100136,0.10038384512683578,5606,2375,0.4236532286835533,12030.0,13540.0,0.1255195344970906,667.172400515822,1,237.08910700611239,4,0.6282589546662345,0.2153156641740803,0.8789874160194554,0.2921449806005921
2686524.694,1245484.105,241,74,Witikon,7,Kreis 7,11984.0,3516.0,1203.0,0.29339118825100136,0.10038384512683578,5606,2375,0.4236532286835533,12030.0,13540.0,0.1255195344970906,510.7894008396375,1,394.95323857515336,4,0.6282589546662345,0.1647192981126823,0.7962725688926202,0.2921449806005921
2686324.694,1245484.105,242,73,Hirslanden,7,Kreis 7,7670.0,1784.0,510.0,0.23259452411994785,0.06649282920469361,3765,1756,0.4664010624169987,7750.0,8280.0,0.06838709677419355,599.5843660487986,1,404.4755896973299,6,0.5331916358632932,0.19344814059194576,0.7912832162795195,0.1159877098211784
2686924.694,1245484.105,243,74,Witikon,7,Kreis 7,11984.0,3516.0,1203.0,0.29339118825100136,0.10038384512683578,5606,2375,0.4236532286835533,12030.0,13540.0,0.1255195344970906,551.1030865546555,1,290.1547805240902,4,0.6282589546662345,0.17776244221367007,0.8511830058022907,0.2921449806005921
2686724.694,1245484.105,244,74,Witikon,7,Kreis 7,11984.0,3516.0,1203.0,0.29339118825100136,0.10038384512683578,5606,2375,0.4236532286835533,12030.0,13540.0,0.1255195344970906,492.25015186396035,1,405.8475041945303,4,0.6282589546662345,0.15872108456249412,0.7905643848592396,0.2921449806005921
2686324.694,1245684.105,245,74,Witikon,7,Kreis 7,11984.0,3516.0,1203.0,0.29339118825100136,0.10038384512683578,5606,2375,0.4236532286835533,12030.0,13540.0,0.1255195344970906,451.40692507991,1,303.666212577153,4,0.6282589546662345,0.14550661203176152,0.8441035253299014,0.2921449806005921
2686724.694,1245684.105,246,74,Witikon,7,Kreis 7,11984.0,3516.0,1203.0,0.29339118825100136,0.10038384512683578,5606,2375,0.4236532286835533,12030.0,13540.0,0.1255195344970906,294.2397186140101,1,224.8960707993996,5,0.6282589546662345,0.09465652265080551,0.8853761068248087,0.2921449806005921
2686924.694,1245684.105,247,74,Witikon,7,Kreis 7,11984.0,3516.0,1203.0,0.29339118825100136,0.10038384512683578,5606,2375,0.4236532286835533,12030.0,13540.0,0.1255195344970906,384.6835218852349,1,124.22478279705506,6,0.6282589546662345,0.12391883241447257,0.93812406238895,0.2921449806005921
2687124.694,1245684.105,248,74,Witikon,7,Kreis 7,11984.0,3516.0,1203.0,0.29339118825100136,0.10038384512683578,5606,2375,0.4236532286835533,12030.0,13540.0,0.1255195344970906,537.9459192242322,1,122.10404031410734,7,0.6282589546662345,0.17350555459826678,0.939235251412884,0.2921449806005921
2686524.694,1245684.105,249,74,Witikon,7,Kreis 7,11984.0,3516.0,1203.0,0.29339118825100136,0.10038384512683578,5606,2375,0.4236532286835533,12030.0,13540.0,0.1255195344970906,324.3032716610729,1,222.0152442086045,3,0.6282589546662345,0.10438332504125165,0.8868855512355698,0.2921449806005921
2688924.694,1245484.105,250,74,Witikon,7,Kreis 7,11984.0,3516.0,1203.0,0.29339118825100136,0.10038384512683578,5606,2375,0.4236532286835533,12030.0,13540.0,0.1255195344970906,2306.0265852781986,0,1116.081842277394,0,0.6282589546662345,0.7455527514865774,0.4184283960512918,0.2921449806005921
2689724.694,1245484.105,251,74,Witikon,7,Kreis 7,11984.0,3516.0,1203.0,0.29339118825100136,0.10038384512683578,5606,2375,0.4236532286835533,12030.0,13540.0,0.1255195344970906,3092.470891052935,0,1914.666832287413,0,0.6282589546662345,1.0,0.0,0.2921449806005921
2688524.694,1245484.105,252,74,Witikon,7,Kreis 7,11984.0,3516.0,1203.0,0.29339118825100136,0.10038384512683578,5606,2375,0.4236532286835533,12030.0,13540.0,0.1255195344970906,1917.015861178482,0,717.971781242964,0,0.6282589546662345,0.6196916985644917,0.6270230433015844,0.2921449806005921
2687524.694,1245684.105,253,74,Witikon,7,Kreis 7,11984.0,3516.0,1203.0,0.29339118825100136,0.10038384512683578,5606,2375,0.4236532286835533,12030.0,13540.0,0.1255195344970906,901.2184041673564,1,110.20432233351379,7,0.6282589546662345,0.29103922300388146,0.9454702545376235,0.2921449806005921
2688924.694,1245684.105,254,74,Witikon,7,Kreis 7,11984.0,3516.0,1203.0,0.29339118825100136,0.10038384512683578,5606,2375,0.4236532286835533,12030.0,13540.0,0.1255195344970906,2272.009113540214,0,1118.427770873602,0,0.6282589546662345,0.734546692924571,0.4171992180025661,0.2921449806005921
2687924.694,1245684.105,255,74,Witikon,7,Kreis 7,11984.0,3516.0,1203.0,0.29339118825100136,0.10038384512683578,5606,2375,0.4236532286835533,12030.0,13540.0,0.1255195344970906,1286.4693591414873,0,159.66426857949781,5,0.6282589546662345,0.41568383516592056,0.9195551093303105,0.2921449806005921
2687724.694,1245684.105,256,74,Witikon,7,Kreis 7,11984.0,3516.0,1203.0,0.29339118825100136,0.10038384512683578,5606,2375,0.4236532286835533,12030.0,13540.0,0.1255195344970906,1092.5195705386393,0,142.88134469192389,6,0.6282589546662345,0.3529330596852089,0.9283487280574048,0.2921449806005921
2688724.694,1245684.105,257,74,Witikon,7,Kreis 7,11984.0,3516.0,1203.0,0.29339118825100136,0.10038384512683578,5606,2375,0.4236532286835533,12030.0,13540.0,0.1255195344970906,2073.79386921888,0,919.6755290107706,0,0.6282589546662345,0.6704158661633615,0.5213378918001033,0.2921449806005921
2689524.694,1245684.105,258,74,Witikon,7,Kreis 7,11984.0,3516.0,1203.0,0.29339118825100136,0.10038384512683578,5606,2375,0.4236532286835533,12030.0,13540.0,0.1255195344970906,2868.142013919415,0,1694.1292697611502,0,0.6282589546662345,0.9274203333540579,0.11555335964399716,0.2921449806005921
2687324.694,1245684.105,259,74,Witikon,7,Kreis 7,11984.0,3516.0,1203.0,0.29339118825100136,0.10038384512683578,5606,2375,0.4236532286835533,12030.0,13540.0,0.1255195344970906,714.6958877802364,1,54.13727607667383,7,0.6282589546662345,0.23069147716605146,0.9748472707977072,0.2921449806005921
2689324.694,1245684.105,260,74,Witikon,7,Kreis 7,11984.0,3516.0,1203.0,0.29339118825100136,0.10038384512683578,5606,2375,0.4236532286835533,12030.0,13540.0,0.1255195344970906,2669.238507891294,0,1507.9112648499563,0,0.6282589546662345,0.863066825474474,0.21312456632280652,0.2921449806005921
2688124.694,1245684.105,261,74,Witikon,7,Kreis 7,11984.0,3516.0,1203.0,0.29339118825100136,0.10038384512683578,5606,2375,0.4236532286835533,12030.0,13540.0,0.1255195344970906,1482.0282763867513,0,332.52109506177146,2,0.6282589546662345,0.478955230291991,0.8289846558954335,0.2921449806005921
2689124.694,1245684.105,262,74,Witikon,7,Kreis 7,11984.0,3516.0,1203.0,0.29339118825100136,0.10038384512683578,5606,2375,0.4236532286835533,12030.0,13540.0,0.1255195344970906,2470.5120546173753,0,1317.5576946234073,0,0.6282589546662345,0.7987706014811332,0.31286265315002393,0.2921449806005921
2688324.694,1245684.105,263,74,Witikon,7,Kreis 7,11984.0,3516.0,1203.0,0.29339118825100136,0.10038384512683578,5606,2375,0.4236532286835533,12030.0,13540.0,0.1255195344970906,1678.634031589334,0,525.021788748937,0,0.6282589546662345,0.5425653207788432,0.7281215574076054,0.2921449806005921
2688524.694,1245684.105,264,74,Witikon,7,Kreis 7,11984.0,3516.0,1203.0,0.29339118825100136,0.10038384512683578,5606,2375,0.4236532286835533,12030.0,13540.0,0.1255195344970906,1875.9575187114012,0,721.6131087093603,0,0.6282589546662345,0.6064076272163257,0.6251151251334222,0.2921449806005921
2687324.694,1245884.105,265,74,Witikon,7,Kreis 7,11984.0,3516.0,1203.0,0.29339118825100136,0.10038384512683578,5606,2375,0.4236532286835533,12030.0,13540.0,0.1255195344970906,659.5885171907862,1,204.92829638927032,7,0.6282589546662345,0.2128619643622402,0.8958384670289988,0.2921449806005921
2689124.694,1245884.105,266,74,Witikon,7,Kreis 7,11984.0,3516.0,1203.0,0.29339118825100136,0.10038384512683578,5606,2375,0.4236532286835533,12030.0,13540.0,0.1255195344970906,2455.1367807129864,0,1250.7440915956124,0,0.6282589546662345,0.7937960646812793,0.34787045958146856,0.2921449806005921
2687924.694,1245884.105,267,74,Witikon,7,Kreis 7,11984.0,3516.0,1203.0,0.29339118825100136,0.10038384512683578,5606,2375,0.4236532286835533,12030.0,13540.0,0.1255195344970906,1256.6901813931183,0,332.7682056041691,5,0.6282589546662345,0.40604903994211866,0.828855179297205,0.2921449806005921
2688924.694,1245884.105,268,74,Witikon,7,Kreis 7,11984.0,3516.0,1203.0,0.29339118825100136,0.10038384512683578,5606,2375,0.4236532286835533,12030.0,13540.0,0.1255195344970906,2255.2809607695776,0,1062.1126035695463,0,0.6282589546662345,0.7291344438766139,0.44670624032726636,0.2921449806005921
2688724.694,1245884.105,269,74,Witikon,7,Kreis 7,11984.0,3516.0,1203.0,0.29339118825100136,0.10038384512683578,5606,2375,0.4236532286835533,12030.0,13540.0,0.1255195344970906,2055.4531889609584,0,878.5246625230429,0,0.6282589546662345,0.6644818978032049,0.5428993927999715,0.2921449806005921
2686124.694,1245684.105,270,74,Witikon,7,Kreis 7,11984.0,3516.0,1203.0,0.29339118825100136,0.10038384512683578,5606,2375,0.4236532286835533,12030.0,13540.0,0.1255195344970906,618.3557325764218,1,325.4595806871644,4,0.6282589546662345,0.199521453767105,0.8326846229251454,0.2921449806005921
2685924.694,1245684.105,271,73,Hirslanden,7,Kreis 7,7670.0,1784.0,510.0,0.23259452411994785,0.06649282920469361,3765,1756,0.4664010624169987,7750.0,8280.0,0.06838709677419355,800.5994079501603,1,197.09474539168025,4,0.5331916358632932,0.2584848176281226,0.8999429521123792,0.1159877098211784
2685924.694,1245884.105,272,73,Hirslanden,7,Kreis 7,7670.0,1784.0,510.0,0.23259452411994785,0.06649282920469361,3765,1756,0.4664010624169987,7750.0,8280.0,0.06838709677419355,751.8152778509539,1,313.700173192625,5,0.5331916358632932,0.2427011345577293,0.8388461086505307,0.1159877098211784
2685724.694,1245884.105,273,73,Hirslanden,7,Kreis 7,7670.0,1784.0,510.0,0.23259452411994785,0.06649282920469361,3765,1756,0.4664010624169987,7750.0,8280.0,0.06838709677419355,950.6954359889032,1,115.45647951080655,7,0.5331916358632932,0.3070470884295225,0.9427183223938997,0.1159877098211784
2686124.694,1245884.105,274,74,Witikon,7,Kreis 7,11984.0,3516.0,1203.0,0.29339118825100136,0.10038384512683578,5606,2375,0.4236532286835533,12030.0,13540.0,0.1255195344970906,553.7423697082273,1,241.1153555064592,4,0.6282589546662345,0.1786163594351987,0.8768778137564791,0.2921449806005921
2685524.694,1245884.105,275,73,Hirslanden,7,Kreis 7,7670.0,1784.0,510.0,0.23259452411994785,0.06649282920469361,3765,1756,0.4664010624169987,7750.0,8280.0,0.06838709677419355,1149.9640916177143,0,90.84381465446972,4,0.5331916358632932,0.3715187373020656,0.95561442989306,0.1159877098211784
2686124.694,1246084.105,276,74,Witikon,7,Kreis 7,11984.0,3516.0,1203.0,0.29339118825100136,0.10038384512683578,5606,2375,0.4236532286835533,12030.0,13540.0,0.1255195344970906,557.5817536559485,1,42.17362518208222,3,0.6282589546662345,0.17985855888188665,0.9811157723565441,0.2921449806005921
2685724.694,1246084.105,277,73,Hirslanden,7,Kreis 7,7670.0,1784.0,510.0,0.23259452411994785,0.06649282920469361,3765,1756,0.4664010624169987,7750.0,8280.0,0.06838709677419355,952.9368352677373,1,207.90492697636955,5,0.5331916358632932,0.3077722737670366,0.8942788249398312,0.1159877098211784
2685924.694,1246084.105,278,74,Witikon,7,Kreis 7,11984.0,3516.0,1203.0,0.29339118825100136,0.10038384512683578,5606,2375,0.4236532286835533,12030.0,13540.0,0.1255195344970906,754.6476078343234,1,214.24522085905468,4,0.6282589546662345,0.24361751041023227,0.8909567502289197,0.2921449806005921
2685524.694,1246084.105,279,73,Hirslanden,7,Kreis 7,7670.0,1784.0,510.0,0.23259452411994785,0.06649282920469361,3765,1756,0.4664010624169987,7750.0,8280.0,0.06838709677419355,1151.8177859410378,0,127.07029023731674,5,0.5331916358632932,0.37211848405678327,0.9366331238801184,0.1159877098211784
2687124.694,1245884.105,280,74,Witikon,7,Kreis 7,11984.0,3516.0,1203.0,0.29339118825100136,0.10038384512683578,5606,2375,0.4236532286835533,12030.0,13540.0,0.1255195344970906,462.2257154356126,1,153.12539521921116,8,0.6282589546662345,0.14900693801548168,0.9229812321930667,0.2921449806005921
2687524.694,1245884.105,281,74,Witikon,7,Kreis 7,11984.0,3516.0,1203.0,0.29339118825100136,0.10038384512683578,5606,2375,0.4236532286835533,12030.0,13540.0,0.1255195344970906,858.1732995205084,1,117.41802528139176,7,0.6282589546662345,0.27711235194773826,0.9416905464391364,0.2921449806005921
2687724.694,1245884.105,282,74,Witikon,7,Kreis 7,11984.0,3516.0,1203.0,0.29339118825100136,0.10038384512683578,5606,2375,0.4236532286835533,12030.0,13540.0,0.1255195344970906,1057.2917345793887,0,179.06588916104374,9,0.6282589546662345,0.3415353982550287,0.90938939236557,0.2921449806005921
2689324.694,1245884.105,283,74,Witikon,7,Kreis 7,11984.0,3516.0,1203.0,0.29339118825100136,0.10038384512683578,5606,2375,0.4236532286835533,12030.0,13540.0,0.1255195344970906,2655.014314840826,0,1442.4418125738684,0,0.6282589546662345,0.8584647109223826,0.24742808848880204,0.2921449806005921
2688324.694,1245884.105,284,74,Witikon,7,Kreis 7,11984.0,3516.0,1203.0,0.29339118825100136,0.10038384512683578,5606,2375,0.4236532286835533,12030.0,13540.0,0.1255195344970906,1655.922405189875,0,547.0378256218843,0,0.6282589546662345,0.5352171706248228,0.7165859849746226,0.2921449806005921
2688124.694,1245884.105,285,74,Witikon,7,Kreis 7,11984.0,3516.0,1203.0,0.29339118825100136,0.10038384512683578,5606,2375,0.4236532286835533,12030.0,13540.0,0.1255195344970906,1456.2536221447983,0,427.7531796036885,2,0.6282589546662345,0.47061606398982153,0.7790866376682245,0.2921449806005921
2688524.694,1245884.105,286,74,Witikon,7,Kreis 7,11984.0,3516.0,1203.0,0.29339118825100136,0.10038384512683578,5606,2375,0.4236532286835533,12030.0,13540.0,0.1255195344970906,1855.662526433564,0,703.9374849098269,0,0.6282589546662345,0.599841358116558,0.6343764849237583,0.2921449806005921
2689324.694,1246084.105,287,74,Witikon,7,Kreis 7,11984.0,3516.0,1203.0,0.29339118825100136,0.10038384512683578,5606,2375,0.4236532286835533,12030.0,13540.0,0.1255195344970906,2655.8177294403436,0,1402.6690210671154,0,0.6282589546662345,0.8587246487625598,0.26826753020739025,0.2921449806005921
2688124.694,1246084.105,288,74,Witikon,7,Kreis 7,11984.0,3516.0,1203.0,0.29339118825100136,0.10038384512683578,5606,2375,0.4236532286835533,12030.0,13540.0,0.1255195344970906,1457.7178780579611,0,264.22487138999224,2,0.6282589546662345,0.4710898113174937,0.8647692995900066,0.2921449806005921
2687524.694,1246084.105,289,74,Witikon,7,Kreis 7,11984.0,3516.0,1203.0,0.29339118825100136,0.10038384512683578,5606,2375,0.4236532286835533,12030.0,13540.0,0.1255195344970906,860.655687258195,1,179.76516531567285,4,0.6282589546662345,0.277915507015376,0.9090229980513284,0.2921449806005921
2686724.694,1245884.105,290,74,Witikon,7,Kreis 7,11984.0,3516.0,1203.0,0.29339118825100136,0.10038384512683578,5606,2375,0.4236532286835533,12030.0,13540.0,0.1255195344970906,104.13362574121575,1,24.904671469447525,6,0.6282589546662345,0.033149341656637264,0.9901640523691337,0.2921449806005921
2686924.694,1245884.105,291,74,Witikon,7,Kreis 7,11984.0,3516.0,1203.0,0.29339118825100136,0.10038384512683578,5606,2375,0.4236532286835533,12030.0,13540.0,0.1255195344970906,268.7902751402806,1,89.27366163088627,8,0.6282589546662345,0.08642257547801847,0.9564371308196137,0.2921449806005921
2686524.694,1245884.105,292,74,Witikon,7,Kreis 7,11984.0,3516.0,1203.0,0.29339118825100136,0.10038384512683578,5606,2375,0.4236532286835533,12030.0,13540.0,0.1255195344970906,171.57917125932107,1,23.081782015235653,6,0.6282589546662345,0.054970764172581156,0.991119177647027,0.2921449806005921
2686324.694,1245884.105,293,74,Witikon,7,Kreis 7,11984.0,3516.0,1203.0,0.29339118825100136,0.10038384512683578,5606,2375,0.4236532286835533,12030.0,13540.0,0.1255195344970906,357.81980382597504,1,208.4590335316395,4,0.6282589546662345,0.11522730893998398,0.8939884940169319,0.2921449806005921
2686724.694,1246084.105,294,74,Witikon,7,Kreis 7,11984.0,3516.0,1203.0,0.29339118825100136,0.10038384512683578,5606,2375,0.4236532286835533,12030.0,13540.0,0.1255195344970906,122.92522934683245,1,131.6452303010815,6,0.6282589546662345,0.03922920236323083,0.9342360279456108,0.2921449806005921
2686524.694,1246084.105,295,74,Witikon,7,Kreis 7,11984.0,3516.0,1203.0,0.29339118825100136,0.10038384512683578,5606,2375,0.4236532286835533,12030.0,13540.0,0.1255195344970906,183.59251621456468,1,125.90816757053987,6,0.6282589546662345,0.05885757795819702,0.9372420322988306,0.2921449806005921
2686924.694,1246084.105,296,74,Witikon,7,Kreis 7,11984.0,3516.0,1203.0,0.29339118825100136,0.10038384512683578,5606,2375,0.4236532286835533,12030.0,13540.0,0.1255195344970906,276.6134704058129,1,125.5084963698339,7,0.6282589546662345,0.08895370259697825,0.9374514449243512,0.2921449806005921
2686324.694,1246084.105,297,74,Witikon,7,Kreis 7,11984.0,3516.0,1203.0,0.29339118825100136,0.10038384512683578,5606,2375,0.4236532286835533,12030.0,13540.0,0.1255195344970906,363.73316044872655,1,194.05209264795988,4,0.6282589546662345,0.11714052429559077,0.9015371873199305,0.2921449806005921
2686524.694,1246284.105,298,74,Witikon,7,Kreis 7,11984.0,3516.0,1203.0,0.29339118825100136,0.10038384512683578,5606,2375,0.4236532286835533,12030.0,13540.0,0.1255195344970906,343.47199596175955,1,297.144521505889,5,0.6282589546662345,0.11058519988478208,0.8475206453216719,0.2921449806005921
2686324.694,1246284.105,299,74,Witikon,7,Kreis 7,11984.0,3516.0,1203.0,0.29339118825100136,0.10038384512683578,5606,2375,0.4236532286835533,12030.0,13540.0,0.1255195344970906,465.36932860898645,1,247.58476257848534,3,0.6282589546662345,0.1500240268499765,0.8734880886071035,0.2921449806005921
2682924.694,1245084.105,300,21,Wollishofen,2,Kreis 2,22029.0,4145.0,1095.0,0.188161060420355,0.049707204139997276,10273,4223,0.41107758201109706,22000.0,23830.0,0.08318181818181818,612.1528901607048,1,152.16844173821673,6,0.3543681184503833,0.19751457778866338,0.9234826397015439,0.1616044881170646
2682324.694,1245284.105,301,24,Enge,2,Kreis 2,10015.0,1700.0,484.0,0.16974538192710933,0.048327508736894655,4725,2026,0.42878306878306877,10110.0,10840.0,0.0722057368941642,870.9842483833562,1,224.20547865971548,7,0.3779927293253277,0.28125722357445393,0.885737951042955,0.12776177808140965
2682524.694,1245284.105,302,24,Enge,2,Kreis 2,10015.0,1700.0,484.0,0.16974538192710933,0.048327508736894655,4725,2026,0.42878306878306877,10110.0,10840.0,0.0722057368941642,800.5397934718708,1,213.45883130236163,8,0.3779927293253277,0.2584655298796311,0.8913687886781704,0.12776177808140965
2682924.694,1245284.105,303,24,Enge,2,Kreis 2,10015.0,1700.0,484.0,0.16974538192710933,0.048327508736894655,4725,2026,0.42878306878306877,10110.0,10840.0,0.0722057368941642,803.3459783506212,1,240.14088086172706,4,0.3779927293253277,0.25937344670981866,0.8773884016935035,0.12776177808140965
2682724.694,1245284.105,304,24,Enge,2,Kreis 2,10015.0,1700.0,484.0,0.16974538192710933,0.048327508736894655,4725,2026,0.42878306878306877,10110.0,10840.0,0.0722057368941642,776.6043786459429,1,198.46924865326756,4,0.3779927293253277,0.2507214335720292,0.899222764277261,0.12776177808140965
2682524.694,1245484.105,305,24,Enge,2,Kreis 2,10015.0,1700.0,484.0,0.16974538192710933,0.048327508736894655,4725,2026,0.42878306878306877,10110.0,10840.0,0.0722057368941642,995.7397054110066,1,155.5198207977974,5,0.3779927293253277,0.3216207719460695,0.921726643555858,0.12776177808140965
2682724.694,1245484.105,306,24,Enge,2,Kreis 2,10015.0,1700.0,484.0,0.16974538192710933,0.048327508736894655,4725,2026,0.42878306878306877,10110.0,10840.0,0.0722057368941642,976.6002052693127,1,55.06398696957109,4,0.3779927293253277,0.3154283523262481,0.9743617092640332,0.12776177808140965
2682324.694,1245484.105,307,24,Enge,2,Kreis 2,10015.0,1700.0,484.0,0.16974538192710933,0.048327508736894655,4725,2026,0.42878306878306877,10110.0,10840.0,0.0722057368941642,1053.2080330741562,0,105.48513952699007,7,0.3779927293253277,0.3402141519771592,0.9479429282255947,0.12776177808140965
2682724.694,1245684.105,308,24,Enge,2,Kreis 2,10015.0,1700.0,484.0,0.16974538192710933,0.048327508736894655,4725,2026,0.42878306878306877,10110.0,10840.0,0.0722057368941642,1176.5974506737962,0,130.02313125373195,5,0.3779927293253277,0.3801357301148169,0.9350859466281674,0.12776177808140965
2682324.694,1245684.105,309,24,Enge,2,Kreis 2,10015.0,1700.0,484.0,0.16974538192710933,0.048327508736894655,4725,2026,0.42878306878306877,10110.0,10840.0,0.0722057368941642,1240.919320879462,0,168.56312366894713,6,0.3779927293253277,0.40094651451861046,0.9148924451075277,0.12776177808140965
2683324.694,1245084.105,310,21,Wollishofen,2,Kreis 2,22029.0,4145.0,1095.0,0.188161060420355,0.049707204139997276,10273,4223,0.41107758201109706,22000.0,23830.0,0.08318181818181818,836.2009094304042,1,546.7270202405807,0,0.3543681184503833,0.27000337530357144,0.7167488352645852,0.1616044881170646
2683124.694,1245284.105,311,24,Enge,2,Kreis 2,10015.0,1700.0,484.0,0.16974538192710933,0.048327508736894655,4725,2026,0.42878306878306877,10110.0,10840.0,0.0722057368941642,876.1364967470436,1,394.8990284377765,2,0.3779927293253277,0.2829241889401788,0.7963009729587072,0.12776177808140965
2683324.694,1245284.105,312,24,Enge,2,Kreis 2,10015.0,1700.0,484.0,0.16974538192710933,0.048327508736894655,4725,2026,0.42878306878306877,10110.0,10840.0,0.0722057368941642,984.8175267186546,1,578.1200936320702,0,0.3779927293253277,0.31808699556084513,0.7003000495866116,0.12776177808140965
2683324.694,1245484.105,313,24,Enge,2,Kreis 2,10015.0,1700.0,484.0,0.16974538192710933,0.048327508736894655,4725,2026,0.42878306878306877,10110.0,10840.0,0.0722057368941642,1112.1464984724614,0,545.3327504020863,0,0.3779927293253277,0.35928318234852014,0.7174793800400092,0.12776177808140965
2682924.694,1245484.105,314,24,Enge,2,Kreis 2,10015.0,1700.0,484.0,0.16974538192710933,0.048327508736894655,4725,2026,0.42878306878306877,10110.0,10840.0,0.0722057368941642,997.9971748116972,1,145.97822666767377,4,0.3779927293253277,0.3223511566324245,0.9267260787788891,0.12776177808140965
2683124.694,1245484.105,315,24,Enge,2,Kreis 2,10015.0,1700.0,484.0,0.16974538192710933,0.048327508736894655,4725,2026,0.42878306878306877,10110.0,10840.0,0.0722057368941642,1057.4728180583154,0,345.8138844249785,2,0.3779927293253277,0.3415939862473707,0.8220197359409216,0.12776177808140965
2682924.694,1245684.105,316,24,Enge,2,Kreis 2,10015.0,1700.0,484.0,0.16974538192710933,0.048327508736894655,4725,2026,0.42878306878306877,10110.0,10840.0,0.0722057368941642,1194.4169962505314,0,246.72780277258863,4,0.3779927293253277,0.3859010898592595,0.8739371032036054,0.12776177808140965
2683324.694,1245684.105,317,24,Enge,2,Kreis 2,10015.0,1700.0,484.0,0.16974538192710933,0.048327508736894655,4725,2026,0.42878306878306877,10110.0,10840.0,0.0722057368941642,1049.2531792015404,0,403.76949941903325,1,0.3779927293253277,0.33893459323565567,0.7916531809373968,0.12776177808140965
2683124.694,1245684.105,318,24,Enge,2,Kreis 2,10015.0,1700.0,484.0,0.16974538192710933,0.048327508736894655,4725,2026,0.42878306878306877,10110.0,10840.0,0.0722057368941642,1244.541024206196,0,268.23908861506936,3,0.3779927293253277,0.4021182852843884,0.8626660012612095,0.12776177808140965
2683124.694,1245884.105,319,24,Enge,2,Kreis 2,10015.0,1700.0,484.0,0.16974538192710933,0.048327508736894655,4725,2026,0.42878306878306877,10110.0,10840.0,0.0722057368941642,1222.1226755381106,0,132.6431628883886,2,0.3779927293253277,0.3948650226020558,0.9337131489319832,0.12776177808140965
2683524.694,1245484.105,320,81,Seefeld,8,Kreis 8,5798.0,1069.0,241.0,0.18437392204208347,0.04156605726112453,3266,1766,0.5407225964482547,5850.0,6030.0,0.03076923076923077,931.8157725992035,1,545.7469089796892,0,0.5371173131574507,0.30093873674194005,0.7172623765757504,0.0
2683924.694,1245484.105,321,81,Seefeld,8,Kreis 8,5798.0,1069.0,241.0,0.18437392204208347,0.04156605726112453,3266,1766,0.5407225964482547,5850.0,6030.0,0.03076923076923077,609.1816100842492,1,266.6271228906163,4,0.5371173131574507,0.19655324583614564,0.8635106104650014,0.0
2683724.694,1245684.105,322,81,Seefeld,8,Kreis 8,5798.0,1069.0,241.0,0.18437392204208347,0.04156605726112453,3266,1766,0.5407225964482547,5850.0,6030.0,0.03076923076923077,666.1485075151996,1,279.56982788014045,1,0.5371173131574507,0.21498439245545065,0.8567291215100642,0.0
2683524.694,1245684.105,323,81,Seefeld,8,Kreis 8,5798.0,1069.0,241.0,0.18437392204208347,0.04156605726112453,3266,1766,0.5407225964482547,5850.0,6030.0,0.03076923076923077,855.7704330395121,1,474.4277486202485,1,0.5371173131574507,0.2763349252944518,0.754630925008587,0.0
2683924.694,1245684.105,324,81,Seefeld,8,Kreis 8,5798.0,1069.0,241.0,0.18437392204208347,0.04156605726112453,3266,1766,0.5407225964482547,5850.0,6030.0,0.03076923076923077,484.9377630839052,1,106.00419171421947,4,0.5371173131574507,0.1563552244609164,0.9476709644685917,0.0
2683524.694,1245884.105,325,81,Seefeld,8,Kreis 8,5798.0,1069.0,241.0,0.18437392204208347,0.04156605726112453,3266,1766,0.5407225964482547,5850.0,6030.0,0.03076923076923077,822.4387114336348,1,481.99967703398954,1,0.5371173131574507,0.2655507352525696,0.750663520285469,0.0
2683924.694,1245884.105,326,81,Seefeld,8,Kreis 8,5798.0,1069.0,241.0,0.18437392204208347,0.04156605726112453,3266,1766,0.5407225964482547,5850.0,6030.0,0.03076923076923077,423.35213955382983,1,135.9370761086818,3,0.5371173131574507,0.1364297289869881,0.9319872627173148,0.0
2683724.694,1245884.105,327,81,Seefeld,8,Kreis 8,5798.0,1069.0,241.0,0.18437392204208347,0.04156605726112453,3266,1766,0.5407225964482547,5850.0,6030.0,0.03076923076923077,622.7489334111392,1,292.23498876918194,2,0.5371173131574507,0.20094283587433448,0.8500930551892251,0.0
2683724.694,1246084.105,328,81,Seefeld,8,Kreis 8,5798.0,1069.0,241.0,0.18437392204208347,0.04156605726112453,3266,1766,0.5407225964482547,5850.0,6030.0,0.03076923076923077,641.7777139046627,1,388.40414089058766,3,0.5371173131574507,0.20709943311026108,0.7997040489154311,0.0
2683524.694,1246084.105,329,81,Seefeld,8,Kreis 8,5798.0,1069.0,241.0,0.18437392204208347,0.04156605726112453,3266,1766,0.5407225964482547,5850.0,6030.0,0.03076923076923077,836.9395641649409,1,524.7667831150346,0,0.5371173131574507,0.2702423606499261,0.7282551707358205,0.0
2682524.694,1245684.105,330,24,Enge,2,Kreis 2,10015.0,1700.0,484.0,0.16974538192710933,0.048327508736894655,4725,2026,0.42878306878306877,10110.0,10840.0,0.0722057368941642,1192.5314087821798,0,122.59043462265547,6,0.3779927293253277,0.3852910243535009,0.938980399151797,0.12776177808140965
2682324.694,1245884.105,331,24,Enge,2,Kreis 2,10015.0,1700.0,484.0,0.16974538192710933,0.048327508736894655,4725,2026,0.42878306878306877,10110.0,10840.0,0.0722057368941642,1431.96171769079,0,123.51326512170793,9,0.3779927293253277,0.46275662854844674,0.938496870798051,0.12776177808140965
2682724.694,1245884.105,332,24,Enge,2,Kreis 2,10015.0,1700.0,484.0,0.16974538192710933,0.048327508736894655,4725,2026,0.42878306878306877,10110.0,10840.0,0.0722057368941642,1376.5954964811156,0,188.94227335609395,5,0.3779927293253277,0.44484336686679576,0.9042145397835432,0.12776177808140965
2682524.694,1245884.105,333,24,Enge,2,Kreis 2,10015.0,1700.0,484.0,0.16974538192710933,0.048327508736894655,4725,2026,0.42878306878306877,10110.0,10840.0,0.0722057368941642,1390.2391020727418,0,235.03753032441088,8,0.3779927293253277,0.44925763737152247,0.8800623647738639,0.12776177808140965
2682924.694,1245884.105,334,24,Enge,2,Kreis 2,10015.0,1700.0,484.0,0.16974538192710933,0.048327508736894655,4725,2026,0.42878306878306877,10110.0,10840.0,0.0722057368941642,1391.8568751607165,0,80.72551431227889,5,0.3779927293253277,0.4497810538524247,0.9609160374062378,0.12776177808140965
2682724.694,1246084.105,335,24,Enge,2,Kreis 2,10015.0,1700.0,484.0,0.16974538192710933,0.048327508736894655,4725,2026,0.42878306878306877,10110.0,10840.0,0.0722057368941642,1576.5940380871994,0,150.1372127787161,7,0.3779927293253277,0.5095511640301739,0.9245469270174451,0.12776177808140965
2682524.694,1246084.105,336,24,Enge,2,Kreis 2,10015.0,1700.0,484.0,0.16974538192710933,0.048327508736894655,4725,2026,0.42878306878306877,10110.0,10840.0,0.0722057368941642,1512.1256741051893,0,49.84616997313749,10,0.3779927293253277,0.4886929828329374,0.9770956484489902,0.12776177808140965
2682524.694,1246284.105,337,24,Enge,2,Kreis 2,10015.0,1700.0,484.0,0.16974538192710933,0.048327508736894655,4725,2026,0.42878306878306877,10110.0,10840.0,0.0722057368941642,1365.7698394268484,0,172.4141544681975,10,0.3779927293253277,0.4413408192221859,0.9128746503071843,0.12776177808140965
2682724.694,1246284.105,338,24,Enge,2,Kreis 2,10015.0,1700.0,484.0,0.16974538192710933,0.048327508736894655,4725,2026,0.42878306878306877,10110.0,10840.0,0.0722057368941642,1515.4735412695313,0,163.90469383449278,9,0.3779927293253277,0.48977615627840604,0.9173332865309606,0.12776177808140965
2682924.694,1246484.105,339,24,Enge,2,Kreis 2,10015.0,1700.0,484.0,0.16974538192710933,0.048327508736894655,4725,2026,0.42878306878306877,10110.0,10840.0,0.0722057368941642,1527.8613268436002,0,123.22478914985007,10,0.3779927293253277,0.4937841170854857,0.9386480213201793,0.12776177808140965
2683324.694,1245884.105,340,24,Enge,2,Kreis 2,10015.0,1700.0,484.0,0.16974538192710933,0.048327508736894655,4725,2026,0.42878306878306877,10110.0,10840.0,0.0722057368941642,1022.2497904448421,0,329.6540742370542,2,0.3779927293253277,0.3301978805158509,0.8304868666058013,0.12776177808140965
2683324.694,1246084.105,341,24,Enge,2,Kreis 2,10015.0,1700.0,484.0,0.16974538192710933,0.048327508736894655,4725,2026,0.42878306878306877,10110.0,10840.0,0.0722057368941642,1033.952143024283,0,366.4884836677433,2,0.3779927293253277,0.3339840754098929,0.8111870262001026,0.12776177808140965
2682924.694,1246084.105,342,24,Enge,2,Kreis 2,10015.0,1700.0,484.0,0.16974538192710933,0.048327508736894655,4725,2026,0.42878306878306877,10110.0,10840.0,0.0722057368941642,1430.4668587787414,0,93.90837375343649,4,0.3779927293253277,0.4622729798853519,0.9540087165821086,0.12776177808140965
2683124.694,1246084.105,343,24,Enge,2,Kreis 2,10015.0,1700.0,484.0,0.16974538192710933,0.048327508736894655,4725,2026,0.42878306878306877,10110.0,10840.0,0.0722057368941642,1231.9278526214162,0,207.9331831647564,3,0.3779927293253277,0.39803740278424327,0.8942640197635091,0.12776177808140965
2683124.694,1246284.105,344,24,Enge,2,Kreis 2,10015.0,1700.0,484.0,0.16974538192710933,0.048327508736894655,4725,2026,0.42878306878306877,10110.0,10840.0,0.0722057368941642,1273.463244096349,0,330.181690378322,4,0.3779927293253277,0.4114758192100743,0.8302104156600871,0.12776177808140965
2682924.694,1246284.105,345,24,Enge,2,Kreis 2,10015.0,1700.0,484.0,0.16974538192710933,0.048327508736894655,4725,2026,0.42878306878306877,10110.0,10840.0,0.0722057368941642,1466.3893869175074,0,167.1596502180848,6,0.3779927293253277,0.4738954029577024,0.9156278122284868,0.12776177808140965
2683324.694,1246284.105,346,24,Enge,2,Kreis 2,10015.0,1700.0,484.0,0.16974538192710933,0.048327508736894655,4725,2026,0.42878306878306877,10110.0,10840.0,0.0722057368941642,1083.1063816931792,0,395.9746212335202,4,0.3779927293253277,0.3498875039047457,0.7957374029267664,0.12776177808140965
2683324.694,1246484.105,347,12,Hochschulen,1,Kreis 1,688.0,175.0,78.0,0.2543604651162791,0.11337209302325581,260,142,0.5461538461538461,,,,1164.9814737001077,0,200.0947292184938,6,0.9038719160057809,0.3763774813004413,0.8983710738069559,0.1802758300808398
2683124.694,1246484.105,348,24,Enge,2,Kreis 2,10015.0,1700.0,484.0,0.16974538192710933,0.048327508736894655,4725,2026,0.42878306878306877,10110.0,10840.0,0.0722057368941642,1343.7898027833,0,239.50010576400317,5,0.3779927293253277,0.43422936860183253,0.8777241436617653,0.12776177808140965
2682924.694,1246684.105,349,24,Enge,2,Kreis 2,10015.0,1700.0,484.0,0.16974538192710933,0.048327508736894655,4725,2026,0.42878306878306877,10110.0,10840.0,0.0722057368941642,1485.1260061987737,0,244.9212335854744,11,0.3779927293253277,0.47995747396203786,0.8748836772774687,0.12776177808140965
2683924.694,1246084.105,350,81,Seefeld,8,Kreis 8,5798.0,1069.0,241.0,0.18437392204208347,0.04156605726112453,3266,1766,0.5407225964482547,5850.0,6030.0,0.03076923076923077,450.87629574506246,1,202.60376763759072,4,0.5371173131574507,0.14533493150303106,0.897056432366825,0.0
2683524.694,1246284.105,351,81,Seefeld,8,Kreis 8,5798.0,1069.0,241.0,0.18437392204208347,0.04156605726112453,3266,1766,0.5407225964482547,5850.0,6030.0,0.03076923076923077,896.9560937217523,1,430.1420424242373,4,0.5371173131574507,0.2896601893492025,0.7778349637062881,0.0
2683924.694,1246284.105,352,81,Seefeld,8,Kreis 8,5798.0,1069.0,241.0,0.18437392204208347,0.04156605726112453,3266,1766,0.5407225964482547,5850.0,6030.0,0.03076923076923077,554.3932124988298,1,126.40164817359644,5,0.5371173131574507,0.1788269339870997,0.936983467086859,0.0
2683724.694,1246284.105,353,81,Seefeld,8,Kreis 8,5798.0,1069.0,241.0,0.18437392204208347,0.04156605726112453,3266,1766,0.5407225964482547,5850.0,6030.0,0.03076923076923077,718.2903549851402,1,245.967023523374,5,0.5371173131574507,0.23185443592033797,0.8743357228182741,0.0
2683724.694,1246484.105,354,81,Seefeld,8,Kreis 8,5798.0,1069.0,241.0,0.18437392204208347,0.04156605726112453,3266,1766,0.5407225964482547,5850.0,6030.0,0.03076923076923077,836.6620787777239,1,185.48292821981497,7,0.5371173131574507,0.27015258265450853,0.9060271060787636,0.0
2683524.694,1246484.105,355,12,Hochschulen,1,Kreis 1,688.0,175.0,78.0,0.2543604651162791,0.11337209302325581,260,142,0.5461538461538461,,,,994.2799575896964,1,242.90594612114464,8,0.9038719160057809,0.321148483172499,0.8759396118515348,0.1802758300808398
2683924.694,1246484.105,356,82,Mühlebach,8,Kreis 8,6437.0,1393.0,309.0,0.21640515768215007,0.048003728444927764,3404,1744,0.5123384253819037,6480.0,6800.0,0.04938271604938271,701.0094393549607,1,74.96250169914427,9,0.5202773627184867,0.22626334523329922,0.963935638518584,0.05739122812416363
2683924.694,1246684.105,357,82,Mühlebach,8,Kreis 8,6437.0,1393.0,309.0,0.21640515768215007,0.048003728444927764,3404,1744,0.5123384253819037,6480.0,6800.0,0.04938271604938271,869.1815886595504,1,135.00822441997312,8,0.5202773627184867,0.28067398862270926,0.9324739459472,0.05739122812416363
2683724.694,1246684.105,358,12,Hochschulen,1,Kreis 1,688.0,175.0,78.0,0.2543604651162791,0.11337209302325581,260,142,0.5461538461538461,,,,981.8685421504479,1,40.569898459197404,9,0.9038719160057809,0.3171328771270553,0.9819560646344554,0.1802758300808398
2683524.694,1246684.105,359,12,Hochschulen,1,Kreis 1,688.0,175.0,78.0,0.2543604651162791,0.11337209302325581,260,142,0.5461538461538461,,,,1119.2207262486484,0,42.9569396140016,10,0.9038719160057809,0.361571987518563,0.9807053451566192,0.1802758300808398
2682724.694,1246484.105,360,24,Enge,2,Kreis 2,10015.0,1700.0,484.0,0.16974538192710933,0.048327508736894655,4725,2026,0.42878306878306877,10110.0,10840.0,0.0722057368941642,1398.3787949936811,0,118.7718344599062,9,0.3779927293253277,0.4518911645676243,0.9409812015225506,0.12776177808140965
2682324.694,1246484.105,361,24,Enge,2,Kreis 2,10015.0,1700.0,484.0,0.16974538192710933,0.048327508736894655,4725,2026,0.42878306878306877,10110.0,10840.0,0.0722057368941642,1082.9578266433234,0,159.77898066066786,8,0.3779927293253277,0.34983944020409835,0.9194950045290281,0.12776177808140965
2682524.694,1246484.105,362,24,Enge,2,Kreis 2,10015.0,1700.0,484.0,0.16974538192710933,0.048327508736894655,4725,2026,0.42878306878306877,10110.0,10840.0,0.0722057368941642,1234.5567845538758,0,35.99448097960581,9,0.3779927293253277,0.3988879709577702,0.9843534107168386,0.12776177808140965
2682724.694,1246684.105,363,24,Enge,2,Kreis 2,10015.0,1700.0,484.0,0.16974538192710933,0.048327508736894655,4725,2026,0.42878306878306877,10110.0,10840.0,0.0722057368941642,1301.6399096093917,0,103.14155642139241,7,0.3779927293253277,0.42059213546976676,0.9491708773257598,0.12776177808140965
2682524.694,1246684.105,364,24,Enge,2,Kreis 2,10015.0,1700.0,484.0,0.16974538192710933,0.048327508736894655,4725,2026,0.42878306878306877,10110.0,10840.0,0.0722057368941642,1123.8032097693842,0,34.25537419139971,7,0.3779927293253277,0.3630546104006255,0.9852646370397149,0.12776177808140965
2682724.694,1246884.105,365,24,Enge,2,Kreis 2,10015.0,1700.0,484.0,0.16974538192710933,0.048327508736894655,4725,2026,0.42878306878306877,10110.0,10840.0,0.0722057368941642,1230.068963224384,0,122.27350760066311,10,0.3779927293253277,0.3974359752083902,0.939146456950449,0.12776177808140965
2682524.694,1246884.105,366,24,Enge,2,Kreis 2,10015.0,1700.0,484.0,0.16974538192710933,0.048327508736894655,4725,2026,0.42878306878306877,10110.0,10840.0,0.0722057368941642,1040.065793249608,0,193.91384855385184,8,0.3779927293253277,0.3359620940270853,0.9016096220078909,0.12776177808140965
2682524.694,1247084.105,367,14,City,1,Kreis 1,769.0,165.0,21.0,0.21456436931079323,0.027308192457737322,297,108,0.36363636363636365,,,,990.2222246990331,1,150.25244976701646,8,0.1611795840494058,0.3198356388151168,0.9244865471846365,0.1802758300808398
2682924.694,1247084.105,368,14,City,1,Kreis 1,769.0,165.0,21.0,0.21456436931079323,0.027308192457737322,297,108,0.36363636363636365,,,,1386.7969044845217,0,184.13536504689552,10,0.1611795840494058,0.4481439441338312,0.9067331783241427,0.1802758300808398
2682724.694,1247084.105,369,14,City,1,Kreis 1,769.0,165.0,21.0,0.21456436931079323,0.027308192457737322,297,108,0.36363636363636365,,,,1188.2225609236164,0,199.131611405732,8,0.1611795840494058,0.383896933921637,0.8988757111926364,0.1802758300808398
2683124.694,1246684.105,370,24,Enge,2,Kreis 2,10015.0,1700.0,484.0,0.16974538192710933,0.048327508736894655,4725,2026,0.42878306878306877,10110.0,10840.0,0.0722057368941642,1438.6915701651847,0,143.53501545254127,9,0.3779927293253277,0.4649340140701387,0.9280062292484711,0.12776177808140965
2683324.694,1246684.105,371,12,Hochschulen,1,Kreis 1,688.0,175.0,78.0,0.2543604651162791,0.11337209302325581,260,142,0.5461538461538461,,,,1273.2808936226359,0,57.27041697957947,9,0.9038719160057809,0.41141682129253493,0.9732056232097791,0.1802758300808398
2683324.694,1246884.105,372,13,Lindenhof,1,Kreis 1,1038.0,259.0,81.0,0.24951830443159922,0.07803468208092486,623,358,0.5746388443017657,,,,1401.8939453697778,0,133.8787311749551,11,0.7770424673476961,0.4530284610484318,0.9330657577803496,0.1802758300808398
2682924.694,1246884.105,373,24,Enge,2,Kreis 2,10015.0,1700.0,484.0,0.16974538192710933,0.048327508736894655,4725,2026,0.42878306878306877,10110.0,10840.0,0.0722057368941642,1422.8149754229767,0,87.34077318768745,9,0.3779927293253277,0.4597972792521049,0.9574498914163582,0.12776177808140965
2683124.694,1246884.105,374,14,City,1,Kreis 1,769.0,165.0,21.0,0.21456436931079323,0.027308192457737322,297,108,0.36363636363636365,,,,1553.6717266090504,0,82.45698673241955,9,0.1611795840494058,0.5021348485424078,0.9600088112041056,0.1802758300808398
2683124.694,1247084.105,375,14,City,1,Kreis 1,769.0,165.0,21.0,0.21456436931079323,0.027308192457737322,297,108,0.36363636363636365,,,,1529.1638911381158,0,46.72721542107031,11,0.1611795840494058,0.4942055504893741,0.9787298629244738,0.1802758300808398
2683324.694,1247084.105,376,13,Lindenhof,1,Kreis 1,1038.0,259.0,81.0,0.24951830443159922,0.07803468208092486,623,358,0.5746388443017657,,,,1545.7584009360664,0,138.58493663083857,11,0.7770424673476961,0.4995745605101893,0.9305998837343468,0.1802758300808398
2683324.694,1247284.105,377,13,Lindenhof,1,Kreis 1,1038.0,259.0,81.0,0.24951830443159922,0.07803468208092486,623,358,0.5746388443017657,,,,1531.7022576077907,0,8.519428443143516,9,0.7770424673476961,0.49502681699125467,0.9987493013334562,0.1802758300808398
2683124.694,1247284.105,378,13,Lindenhof,1,Kreis 1,1038.0,259.0,81.0,0.24951830443159922,0.07803468208092486,623,358,0.5746388443017657,,,,1382.4704720031693,0,159.453543896019,10,0.7770424673476961,0.4467441643494575,0.9196655211116731,0.1802758300808398
2683124.694,1247484.105,379,13,Lindenhof,1,Kreis 1,1038.0,259.0,81.0,0.24951830443159922,0.07803468208092486,623,358,0.5746388443017657,,,,1250.6426371912435,0,75.38870380249523,11,0.7770424673476961,0.4040924093566705,0.9637123247013576,0.1802758300808398
2683724.694,1246884.105,380,12,Hochschulen,1,Kreis 1,688.0,175.0,78.0,0.2543604651162791,0.11337209302325581,260,142,0.5461538461538461,,,,1143.7343371887675,0,147.04280553962633,9,0.9038719160057809,0.369503154174665,0.9261682796273478,0.1802758300808398
2683924.694,1246884.105,381,12,Hochschulen,1,Kreis 1,688.0,175.0,78.0,0.2543604651162791,0.11337209302325581,260,142,0.5461538461538461,,,,1048.589068255398,0,114.45167827960415,10,0.9038719160057809,0.33871972588686466,0.9432448003177047,0.1802758300808398
2683524.694,1246884.105,382,11,Rathaus,1,Kreis 1,3252.0,782.0,176.0,0.24046740467404673,0.05412054120541206,1927,1160,0.6019719771665801,,,,1263.6128497544396,0,67.56592825518514,13,0.7050865020543281,0.4082888093752178,0.9678111638554584,0.1802758300808398
2683524.694,1247084.105,383,11,Rathaus,1,Kreis 1,3252.0,782.0,176.0,0.24046740467404673,0.05412054120541206,1927,1160,0.6019719771665801,,,,1421.5413585487124,0,122.81443181087141,15,0.7050865020543281,0.4593852115355009,0.9388630330788583,0.1802758300808398
2683724.694,1247084.105,384,11,Rathaus,1,Kreis 1,3252.0,782.0,176.0,0.24046740467404673,0.05412054120541206,1927,1160,0.6019719771665801,,,,1316.127134461034,0,200.06750526001042,12,0.7050865020543281,0.42527935168460645,0.8983853381337651,0.1802758300808398
2683924.694,1247284.105,385,12,Hochschulen,1,Kreis 1,688.0,175.0,78.0,0.2543604651162791,0.11337209302325581,260,142,0.5461538461538461,,,,1423.9606153488553,0,84.53760501108655,7,0.9038719160057809,0.4601679411346902,0.9589186457489214,0.1802758300808398
2683724.694,1247284.105,386,12,Hochschulen,1,Kreis 1,688.0,175.0,78.0,0.2543604651162791,0.11337209302325581,260,142,0.5461538461538461,,,,1495.4106573328268,0,166.34003324803336,10,0.9038719160057809,0.4832849838235306,0.9160572605883298,0.1802758300808398
2683524.694,1247284.105,387,11,Rathaus,1,Kreis 1,3252.0,782.0,176.0,0.24046740467404673,0.05412054120541206,1927,1160,0.6019719771665801,,,,1588.9752150567053,0,141.58646355155474,11,0.7050865020543281,0.5135569866804441,0.9290271969059551,0.1802758300808398
2683724.694,1247484.105,388,12,Hochschulen,1,Kreis 1,688.0,175.0,78.0,0.2543604651162791,0.11337209302325581,260,142,0.5461538461538461,,,,1508.2590568192309,0,16.57584570983591,12,0.9038719160057809,0.4874419722753654,0.9945280427360716,0.1802758300808398
2683924.694,1247484.105,389,12,Hochschulen,1,Kreis 1,688.0,175.0,78.0,0.2543604651162791,0.11337209302325581,260,142,0.5461538461538461,,,,1521.407171823929,0,54.17442810944519,4,0.9038719160057809,0.4916959310891275,0.9748278045346581,0.1802758300808398
2682724.694,1247284.105,390,14,City,1,Kreis 1,769.0,165.0,21.0,0.21456436931079323,0.027308192457737322,297,108,0.36363636363636365,,,,1132.0115750116654,0,128.33351339767594,7,0.1611795840494058,0.3657103559319434,0.9359712426183165,0.1802758300808398
2682524.694,1247284.105,391,14,City,1,Kreis 1,769.0,165.0,21.0,0.21456436931079323,0.027308192457737322,297,108,0.36363636363636365,,,,979.4606956319728,1,83.7723024691476,6,0.1611795840494058,0.31635383922574445,0.9593196353982678,0.1802758300808398
2682924.694,1247284.105,392,14,City,1,Kreis 1,769.0,165.0,21.0,0.21456436931079323,0.027308192457737322,297,108,0.36363636363636365,,,,1247.5325270150388,0,192.73580534255984,9,0.1611795840494058,0.4030861601269437,0.9022268721910853,0.1802758300808398
2682924.694,1247484.105,393,14,City,1,Kreis 1,769.0,165.0,21.0,0.21456436931079323,0.027308192457737322,297,108,0.36363636363636365,,,,1099.6453091613364,0,127.30222567169324,12,0.1611795840494058,0.35523853074381734,0.9365115984657824,0.1802758300808398
2682524.694,1247484.105,394,41,Werd,4,Kreis 4,4585.0,579.0,84.0,0.1262813522355507,0.0183206106870229,2273,1084,0.4769027716673999,4570.0,4780.0,0.045951859956236324,859.9101150470651,1,108.3469734740617,7,0.31150912959168864,0.2776742835793398,0.9464434352433596,0.0468128199572148
2682724.694,1247484.105,395,14,City,1,Kreis 1,769.0,165.0,21.0,0.21456436931079323,0.027308192457737322,297,108,0.36363636363636365,,,,966.6088174439512,1,94.40069205775994,7,0.1611795840494058,0.31219572527010925,0.9537507603708076,0.1802758300808398
2682724.694,1247684.105,396,14,City,1,Kreis 1,769.0,165.0,21.0,0.21456436931079323,0.027308192457737322,297,108,0.36363636363636365,,,,816.8322997778652,1,144.60440055890942,12,0.1611795840494058,0.26373682928444275,0.927445911811484,0.1802758300808398
2682524.694,1247684.105,397,42,Langstrasse,4,Kreis 4,11978.0,1446.0,176.0,0.12072132242444482,0.014693604942394389,6754,3621,0.5361267397098016,11900.0,12340.0,0.03697478991596639,687.2610900962305,1,221.89595007803968,11,0.39544988856444657,0.22181518582163015,0.8869480568578079,0.019133690185795593
2682524.694,1247884.105,398,42,Langstrasse,4,Kreis 4,11978.0,1446.0,176.0,0.12072132242444482,0.014693604942394389,6754,3621,0.5361267397098016,11900.0,12340.0,0.03697478991596639,534.0507522326518,1,220.40384901591452,7,0.39544988856444657,0.1722453070305365,0.8877298615022498,0.019133690185795593
2682724.694,1247884.105,399,42,Langstrasse,4,Kreis 4,11978.0,1446.0,176.0,0.12072132242444482,0.014693604942394389,6754,3621,0.5361267397098016,11900.0,12340.0,0.03697478991596639,692.8906161584225,1,57.9001956904644,11,0.39544988856444657,0.2236365702559014,0.9728756429332158,0.019133690185795593
2688324.694,1246084.105,400,74,Witikon,7,Kreis 7,11984.0,3516.0,1203.0,0.29339118825100136,0.10038384512683578,5606,2375,0.4236532286835533,12030.0,13540.0,0.1255195344970906,1657.2102497902251,0,431.38426334430835,1,0.6282589546662345,0.5356338415990619,0.7771840868257696,0.2921449806005921
2689124.694,1246084.105,401,74,Witikon,7,Kreis 7,11984.0,3516.0,1203.0,0.29339118825100136,0.10038384512683578,5606,2375,0.4236532286835533,12030.0,13540.0,0.1255195344970906,2456.005580614524,0,1204.6587826689042,0,0.6282589546662345,0.7940771573700199,0.37201742219278544,0.2921449806005921
2688924.694,1246084.105,402,74,Witikon,7,Kreis 7,11984.0,3516.0,1203.0,0.29339118825100136,0.10038384512683578,5606,2375,0.4236532286835533,12030.0,13540.0,0.1255195344970906,2256.2267199928533,0,1007.4349520744615,0,0.6282589546662345,0.7294404360878253,0.47535526616815116,0.2921449806005921
2687124.694,1246084.105,403,74,Witikon,7,Kreis 7,11984.0,3516.0,1203.0,0.29339118825100136,0.10038384512683578,5606,2375,0.4236532286835533,12030.0,13540.0,0.1255195344970906,466.8183929644629,1,193.62176184776382,6,0.6282589546662345,0.15049285908064114,0.9017626644184862,0.2921449806005921
2687724.694,1246084.105,404,74,Witikon,7,Kreis 7,11984.0,3516.0,1203.0,0.29339118825100136,0.10038384512683578,5606,2375,0.4236532286835533,12030.0,13540.0,0.1255195344970906,1059.3076097196,0,148.97353678094925,4,0.6282589546662345,0.3421876172093869,0.9251566493229731,0.2921449806005921
2687324.694,1246084.105,405,74,Witikon,7,Kreis 7,11984.0,3516.0,1203.0,0.29339118825100136,0.10038384512683578,5606,2375,0.4236532286835533,12030.0,13540.0,0.1255195344970906,662.8150662212649,1,6.132427007406869,7,0.6282589546662345,0.21390588637549732,1.0,0.2921449806005921
2688724.694,1246084.105,406,74,Witikon,7,Kreis 7,11984.0,3516.0,1203.0,0.29339118825100136,0.10038384512683578,5606,2375,0.4236532286835533,12030.0,13540.0,0.1255195344970906,2056.4908489973236,0,811.571058294478,0,0.6282589546662345,0.6648176237270964,0.5779805545769539,0.2921449806005921
2689524.694,1246084.105,407,74,Witikon,7,Kreis 7,11984.0,3516.0,1203.0,0.29339118825100136,0.10038384512683578,5606,2375,0.4236532286835533,12030.0,13540.0,0.1255195344970906,2855.656178885973,0,1601.1739389152676,0,0.6282589546662345,0.9233806494930092,0.16425844485950047,0.2921449806005921
2688524.694,1246084.105,408,74,Witikon,7,Kreis 7,11984.0,3516.0,1203.0,0.29339118825100136,0.10038384512683578,5606,2375,0.4236532286835533,12030.0,13540.0,0.1255195344970906,1856.8118407662519,0,618.3607221203214,0,0.6282589546662345,0.6002132088216647,0.6792154789459544,0.2921449806005921
2687924.694,1246084.105,409,74,Witikon,7,Kreis 7,11984.0,3516.0,1203.0,0.29339118825100136,0.10038384512683578,5606,2375,0.4236532286835533,12030.0,13540.0,0.1255195344970906,1258.3866703083868,0,183.13159929680162,3,0.6282589546662345,0.40659792424766183,0.9072591136949262,0.2921449806005921
2688724.694,1246284.105,410,74,Witikon,7,Kreis 7,11984.0,3516.0,1203.0,0.29339118825100136,0.10038384512683578,5606,2375,0.4236532286835533,12030.0,13540.0,0.1255195344970906,2076.8778038222886,0,790.8789936906983,0,0.6282589546662345,0.6714136465130579,0.5888224155077995,0.2921449806005921
2687324.694,1246284.105,411,74,Witikon,7,Kreis 7,11984.0,3516.0,1203.0,0.29339118825100136,0.10038384512683578,5606,2375,0.4236532286835533,12030.0,13540.0,0.1255195344970906,723.5956135921912,1,195.13996684686026,4,0.6282589546662345,0.23357090642601028,0.9009671822962376,0.2921449806005921
2689124.694,1246284.105,412,74,Witikon,7,Kreis 7,11984.0,3516.0,1203.0,0.29339118825100136,0.10038384512683578,5606,2375,0.4236532286835533,12030.0,13540.0,0.1255195344970906,2473.1013347636294,0,1190.8168552138143,0,0.6282589546662345,0.7996083406624167,0.37927006978289224,0.2921449806005921
2687524.694,1246284.105,413,74,Witikon,7,Kreis 7,11984.0,3516.0,1203.0,0.29339118825100136,0.10038384512683578,5606,2375,0.4236532286835533,12030.0,13540.0,0.1255195344970906,908.2923604268814,1,144.07468431672422,3,0.6282589546662345,0.29332794032705833,0.9277234631308208,0.2921449806005921
2689324.694,1246284.105,414,74,Witikon,7,Kreis 7,11984.0,3516.0,1203.0,0.29339118825100136,0.10038384512683578,5606,2375,0.4236532286835533,12030.0,13540.0,0.1255195344970906,2671.6351944098997,0,1390.7991884745159,0,0.6282589546662345,0.863842252654416,0.27448687451669973,0.2921449806005921
2688324.694,1246284.105,415,74,Witikon,7,Kreis 7,11984.0,3516.0,1203.0,0.29339118825100136,0.10038384512683578,5606,2375,0.4236532286835533,12030.0,13540.0,0.1255195344970906,1682.4424542936797,0,391.06825831445866,1,0.6282589546662345,0.5437975029832045,0.7983081519295028,0.2921449806005921
2688124.694,1246284.105,416,74,Witikon,7,Kreis 7,11984.0,3516.0,1203.0,0.29339118825100136,0.10038384512683578,5606,2375,0.4236532286835533,12030.0,13540.0,0.1255195344970906,1486.3405437549513,0,191.45961104381914,2,0.6282589546662345,0.48035042707660225,0.9028955498398665,0.2921449806005921
2687724.694,1246284.105,417,74,Witikon,7,Kreis 7,11984.0,3516.0,1203.0,0.29339118825100136,0.10038384512683578,5606,2375,0.4236532286835533,12030.0,13540.0,0.1255195344970906,1098.3621497529,0,103.1266922819567,3,0.6282589546662345,0.3548233756228719,0.9491786655738493,0.2921449806005921
2688524.694,1246284.105,418,74,Witikon,7,Kreis 7,11984.0,3516.0,1203.0,0.29339118825100136,0.10038384512683578,5606,2375,0.4236532286835533,12030.0,13540.0,0.1255195344970906,1879.3661197355125,0,590.9416068116695,0,0.6282589546662345,0.6075104505764755,0.6935820605662784,0.2921449806005921
2687924.694,1246284.105,419,74,Witikon,7,Kreis 7,11984.0,3516.0,1203.0,0.29339118825100136,0.10038384512683578,5606,2375,0.4236532286835533,12030.0,13540.0,0.1255195344970906,1291.4347881367405,0,19.47261310140133,2,0.6282589546662345,0.417290356741897,0.9930102459473151,0.2921449806005921
2688924.694,1246284.105,420,74,Witikon,7,Kreis 7,11984.0,3516.0,1203.0,0.29339118825100136,0.10038384512683578,5606,2375,0.4236532286835533,12030.0,13540.0,0.1255195344970906,2274.8243475067848,0,990.8416536769461,0,0.6282589546662345,0.7354575375088035,0.4840495282949484,0.2921449806005921
2687924.694,1246484.105,421,74,Witikon,7,Kreis 7,11984.0,3516.0,1203.0,0.29339118825100136,0.10038384512683578,5606,2375,0.4236532286835533,12030.0,13540.0,0.1255195344970906,1353.5400297034987,0,217.30435490571608,2,0.6282589546662345,0.43738397013433655,0.8893538794406342,0.2921449806005921
2687324.694,1246484.105,422,74,Witikon,7,Kreis 7,11984.0,3516.0,1203.0,0.29339118825100136,0.10038384512683578,5606,2375,0.4236532286835533,12030.0,13540.0,0.1255195344970906,829.3716971357411,1,395.12226798927225,2,0.6282589546662345,0.26779384277198387,0.7961840038588166,0.2921449806005921
2688724.694,1246484.105,423,74,Witikon,7,Kreis 7,11984.0,3516.0,1203.0,0.29339118825100136,0.10038384512683578,5606,2375,0.4236532286835533,12030.0,13540.0,0.1255195344970906,2116.054869801266,0,819.9582810492276,0,0.6282589546662345,0.6840890471358133,0.5735859663884748,0.2921449806005921
2687724.694,1246484.105,424,74,Witikon,7,Kreis 7,11984.0,3516.0,1203.0,0.29339118825100136,0.10038384512683578,5606,2375,0.4236532286835533,12030.0,13540.0,0.1255195344970906,1170.7545481482323,0,281.206533816357,2,0.6282589546662345,0.3782453095725799,0.8558715493690074,0.2921449806005921
2687524.694,1246484.105,425,74,Witikon,7,Kreis 7,11984.0,3516.0,1203.0,0.29339118825100136,0.10038384512683578,5606,2375,0.4236532286835533,12030.0,13540.0,0.1255195344970906,994.6164145085257,1,298.66287794259983,3,0.6282589546662345,0.3212573408965753,0.8467250838518287,0.2921449806005921
2688524.694,1246484.105,426,74,Witikon,7,Kreis 7,11984.0,3516.0,1203.0,0.29339118825100136,0.10038384512683578,5606,2375,0.4236532286835533,12030.0,13540.0,0.1255195344970906,1922.5721864236143,0,629.3281994803272,0,0.6282589546662345,0.6214893995079511,0.673468934723506,0.2921449806005921
2688924.694,1246484.105,427,74,Witikon,7,Kreis 7,11984.0,3516.0,1203.0,0.29339118825100136,0.10038384512683578,5606,2375,0.4236532286835533,12030.0,13540.0,0.1255195344970906,2310.6476607240725,0,1014.2037185207209,0,0.6282589546662345,0.7470478604520079,0.4718086880045438,0.2921449806005921
2688124.694,1246484.105,428,74,Witikon,7,Kreis 7,11984.0,3516.0,1203.0,0.29339118825100136,0.10038384512683578,5606,2375,0.4236532286835533,12030.0,13540.0,0.1255195344970906,1540.6086498555446,0,288.9615591407325,1,0.6282589546662345,0.4979084031188188,0.8518082087748211,0.2921449806005921
2688324.694,1246484.105,429,74,Witikon,7,Kreis 7,11984.0,3516.0,1203.0,0.29339118825100136,0.10038384512683578,5606,2375,0.4236532286835533,12030.0,13540.0,0.1255195344970906,1730.5719898373775,0,446.9635137917822,1,0.6282589546662345,0.5593693976506326,0.7690211475544766,0.2921449806005921
2686924.694,1246284.105,430,74,Witikon,7,Kreis 7,11984.0,3516.0,1203.0,0.29339118825100136,0.10038384512683578,5606,2375,0.4236532286835533,12030.0,13540.0,0.1255195344970906,400.9760741115451,1,94.83871920797517,5,0.6282589546662345,0.12919014667640494,0.9535212506753034,0.2921449806005921
2686724.694,1246284.105,431,74,Witikon,7,Kreis 7,11984.0,3516.0,1203.0,0.29339118825100136,0.10038384512683578,5606,2375,0.4236532286835533,12030.0,13540.0,0.1255195344970906,315.24183099634973,1,175.26203998857116,5,0.6282589546662345,0.10145157434031025,0.9113824657741232,0.2921449806005921
2687124.694,1246284.105,432,74,Witikon,7,Kreis 7,11984.0,3516.0,1203.0,0.29339118825100136,0.10038384512683578,5606,2375,0.4236532286835533,12030.0,13540.0,0.1255195344970906,549.7146641757735,1,259.3684303477638,3,0.6282589546662345,0.17731323016968054,0.8673138914133414,0.2921449806005921
2686924.694,1246484.105,433,74,Witikon,7,Kreis 7,11984.0,3516.0,1203.0,0.29339118825100136,0.10038384512683578,5606,2375,0.4236532286835533,12030.0,13540.0,0.1255195344970906,570.1303465084691,1,286.76886626864103,1,0.6282589546662345,0.18391854749213368,0.8529570970872483,0.2921449806005921
2686724.694,1246484.105,434,74,Witikon,7,Kreis 7,11984.0,3516.0,1203.0,0.29339118825100136,0.10038384512683578,5606,2375,0.4236532286835533,12030.0,13540.0,0.1255195344970906,513.4629606991052,1,322.4263988276209,2,0.6282589546662345,0.16558430526574106,0.8342738957468205,0.2921449806005921
2686524.694,1246484.105,435,73,Hirslanden,7,Kreis 7,7670.0,1784.0,510.0,0.23259452411994785,0.06649282920469361,3765,1756,0.4664010624169987,7750.0,8280.0,0.06838709677419355,531.2624699806253,1,453.52087345666286,2,0.5331916358632932,0.17134318244027955,0.7655853385657889,0.1159877098211784
2687124.694,1246484.105,436,74,Witikon,7,Kreis 7,11984.0,3516.0,1203.0,0.29339118825100136,0.10038384512683578,5606,2375,0.4236532286835533,12030.0,13540.0,0.1255195344970906,682.973653964663,1,374.8519476554115,2,0.6282589546662345,0.22042802296871875,0.8068048867089148,0.2921449806005921
2686324.694,1246484.105,437,73,Hirslanden,7,Kreis 7,7670.0,1784.0,510.0,0.23259452411994785,0.06649282920469361,3765,1756,0.4664010624169987,7750.0,8280.0,0.06838709677419355,617.118636900506,1,406.1283228993485,1,0.5331916358632932,0.19912120216813825,0.7904172464560537,0.1159877098211784
2686324.694,1246684.105,438,73,Hirslanden,7,Kreis 7,7670.0,1784.0,510.0,0.23259452411994785,0.06649282920469361,3765,1756,0.4664010624169987,7750.0,8280.0,0.06838709677419355,790.6340569504316,1,590.4085150648067,0,0.5331916358632932,0.25526061456157034,0.6938613805226743,0.1159877098211784
2686924.694,1246684.105,439,74,Witikon,7,Kreis 7,11984.0,3516.0,1203.0,0.29339118825100136,0.10038384512683578,5606,2375,0.4236532286835533,12030.0,13540.0,0.1255195344970906,754.5299278423798,1,485.2611489301346,1,0.6282589546662345,0.243579436067351,0.7489546321003139,0.2921449806005921
2687924.694,1246684.105,440,74,Witikon,7,Kreis 7,11984.0,3516.0,1203.0,0.29339118825100136,0.10038384512683578,5606,2375,0.4236532286835533,12030.0,13540.0,0.1255195344970906,1440.9501767964455,0,417.20879983646313,1,0.6282589546662345,0.46566476669760204,0.7846114947198208,0.2921449806005921
2688724.694,1246684.105,441,74,Witikon,7,Kreis 7,11984.0,3516.0,1203.0,0.29339118825100136,0.10038384512683578,5606,2375,0.4236532286835533,12030.0,13540.0,0.1255195344970906,2173.005985267784,0,893.9650902922309,0,0.6282589546662345,0.7025150876371181,0.5348091913729123,0.2921449806005921
2688924.694,1246684.105,442,74,Witikon,7,Kreis 7,11984.0,3516.0,1203.0,0.29339118825100136,0.10038384512683578,5606,2375,0.4236532286835533,12030.0,13540.0,0.1255195344970906,2362.9133314638498,0,1074.9191516859537,0,0.6282589546662345,0.7639579658641692,0.43999609243526194,0.2921449806005921
2687324.694,1246684.105,443,74,Witikon,7,Kreis 7,11984.0,3516.0,1203.0,0.29339118825100136,0.10038384512683578,5606,2375,0.4236532286835533,12030.0,13540.0,0.1255195344970906,965.4658005386722,1,572.5066939878478,0,0.6282589546662345,0.31182591204313687,0.7032412591496632,0.2921449806005921
2687524.694,1246684.105,444,74,Witikon,7,Kreis 7,11984.0,3516.0,1203.0,0.29339118825100136,0.10038384512683578,5606,2375,0.4236532286835533,12030.0,13540.0,0.1255195344970906,1110.6433324923692,0,487.4848865974707,1,0.6282589546662345,0.3587968460054568,0.7477894774868136,0.2921449806005921
2688524.694,1246684.105,445,74,Witikon,7,Kreis 7,11984.0,3516.0,1203.0,0.29339118825100136,0.10038384512683578,5606,2375,0.4236532286835533,12030.0,13540.0,0.1255195344970906,1985.0820164440652,0,723.1154697979729,0,0.6282589546662345,0.6417139139928985,0.6243279446223158,0.2921449806005921
2688324.694,1246684.105,446,74,Witikon,7,Kreis 7,11984.0,3516.0,1203.0,0.29339118825100136,0.10038384512683578,5606,2375,0.4236532286835533,12030.0,13540.0,0.1255195344970906,1799.7628210432786,0,571.5053653825913,0,0.6282589546662345,0.5817554922455384,0.70376591754853,0.2921449806005921
2687724.694,1246684.105,447,74,Witikon,7,Kreis 7,11984.0,3516.0,1203.0,0.29339118825100136,0.10038384512683578,5606,2375,0.4236532286835533,12030.0,13540.0,0.1255195344970906,1270.8001463683152,0,466.67502896654787,2,0.6282589546662345,0.410614196989092,0.758693057518356,0.2921449806005921
2688124.694,1246684.105,448,74,Witikon,7,Kreis 7,11984.0,3516.0,1203.0,0.29339118825100136,0.10038384512683578,5606,2375,0.4236532286835533,12030.0,13540.0,0.1255195344970906,1617.9436986526089,0,458.6292431376739,1,0.6282589546662345,0.5229294888277165,0.7629087456435557,0.2921449806005921
2688924.694,1246884.105,449,74,Witikon,7,Kreis 7,11984.0,3516.0,1203.0,0.29339118825100136,0.10038384512683578,5606,2375,0.4236532286835533,12030.0,13540.0,0.1255195344970906,2430.560884242472,0,1167.1731588163098,0,0.6282589546662345,0.7858447460808948,0.3916584743786353,0.2921449806005921
2685524.694,1246684.105,450,73,Hirslanden,7,Kreis 7,7670.0,1784.0,510.0,0.23259452411994785,0.06649282920469361,3765,1756,0.4664010624169987,7750.0,8280.0,0.06838709677419355,1348.882727300633,0,376.79342704071246,4,0.5331916358632932,0.4358771402505131,0.8057876247827322,0.1159877098211784
2686124.694,1246684.105,451,73,Hirslanden,7,Kreis 7,7670.0,1784.0,510.0,0.23259452411994785,0.06649282920469361,3765,1756,0.4664010624169987,7750.0,8280.0,0.06838709677419355,896.4919475432683,1,468.5649033603366,1,0.5331916358632932,0.2895100188703065,0.7577028346601459,0.1159877098211784
2685924.694,1246684.105,452,73,Hirslanden,7,Kreis 7,7670.0,1784.0,510.0,0.23259452411994785,0.06649282920469361,3765,1756,0.4664010624169987,7750.0,8280.0,0.06838709677419355,1030.6761916382595,0,347.09576295458857,1,0.5331916358632932,0.3329241696920731,0.8213480799696885,0.1159877098211784
2685524.694,1246884.105,453,73,Hirslanden,7,Kreis 7,7670.0,1784.0,510.0,0.23259452411994785,0.06649282920469361,3765,1756,0.4664010624169987,7750.0,8280.0,0.06838709677419355,1464.1555286273224,0,453.81188025559544,2,0.5331916358632932,0.473172657441799,0.7654328619857873,0.1159877098211784
2686124.694,1246884.105,454,73,Hirslanden,7,Kreis 7,7670.0,1784.0,510.0,0.23259452411994785,0.06649282920469361,3765,1756,0.4664010624169987,7750.0,8280.0,0.06838709677419355,1062.056783797308,0,620.6408532002016,0,0.5331916358632932,0.34307708868832165,0.6780207763125765,0.1159877098211784
2685724.694,1246884.105,455,73,Hirslanden,7,Kreis 7,7670.0,1784.0,510.0,0.23259452411994785,0.06649282920469361,3765,1756,0.4664010624169987,7750.0,8280.0,0.06838709677419355,1313.4518689354131,0,516.759004431434,0,0.5331916358632932,0.42441379267802626,0.7324509445512921,0.1159877098211784
2685924.694,1246884.105,456,73,Hirslanden,7,Kreis 7,7670.0,1784.0,510.0,0.23259452411994785,0.06649282920469361,3765,1756,0.4664010624169987,7750.0,8280.0,0.06838709677419355,1177.5229135816874,0,534.8994939808978,0,0.5331916358632932,0.3804351556288489,0.7229460126520936,0.1159877098211784
2685524.694,1247084.105,457,72,Hottingen,7,Kreis 7,11620.0,2687.0,692.0,0.23123924268502583,0.059552495697074014,5585,2559,0.45819158460161147,11610.0,12390.0,0.06718346253229975,1596.2512997676504,0,496.78849489603596,1,0.4845093430847446,0.5159111009146705,0.7429147378578991,0.11227652697095518
2685924.694,1247084.105,458,73,Hirslanden,7,Kreis 7,7670.0,1784.0,510.0,0.23259452411994785,0.06649282920469361,3765,1756,0.4664010624169987,7750.0,8280.0,0.06838709677419355,1338.2178492345204,0,482.74709596335254,1,0.5331916358632932,0.4324266112559898,0.7502719009741822,0.1159877098211784
2685724.694,1247084.105,459,72,Hottingen,7,Kreis 7,11620.0,2687.0,692.0,0.23123924268502583,0.059552495697074014,5585,2559,0.45819158460161147,11610.0,12390.0,0.06718346253229975,1459.2541286595317,0,473.25168637945353,1,0.4845093430847446,0.4715868519034913,0.7552471372380031,0.11227652697095518
2686724.694,1246684.105,460,73,Hirslanden,7,Kreis 7,7670.0,1784.0,510.0,0.23259452411994785,0.06649282920469361,3765,1756,0.4664010624169987,7750.0,8280.0,0.06838709677419355,712.6787579336503,1,507.1496649520145,0,0.5331916358632932,0.23003885226230508,0.7374858757806348,0.1159877098211784
2686524.694,1246684.105,461,73,Hirslanden,7,Kreis 7,7670.0,1784.0,510.0,0.23259452411994785,0.06649282920469361,3765,1756,0.4664010624169987,7750.0,8280.0,0.06838709677419355,725.6077535486198,1,599.1019801844149,0,0.5331916358632932,0.23422191689398336,0.6893063328926408,0.1159877098211784
2687124.694,1246684.105,462,74,Witikon,7,Kreis 7,11984.0,3516.0,1203.0,0.29339118825100136,0.10038384512683578,5606,2375,0.4236532286835533,12030.0,13540.0,0.1255195344970906,843.0419989596029,1,541.9926038803924,0,0.6282589546662345,0.27221675061159634,0.7192294907597602,0.2921449806005921
2687124.694,1246884.105,463,74,Witikon,7,Kreis 7,11984.0,3516.0,1203.0,0.29339118825100136,0.10038384512683578,5606,2375,0.4236532286835533,12030.0,13540.0,0.1255195344970906,1017.3429176092802,0,725.9462670618539,0,0.6282589546662345,0.3286103042785431,0.6228447136907436,0.2921449806005921
2686924.694,1246884.105,464,73,Hirslanden,7,Kreis 7,7670.0,1784.0,510.0,0.23259452411994785,0.06649282920469361,3765,1756,0.4664010624169987,7750.0,8280.0,0.06838709677419355,945.2947751943764,1,684.6315670935622,0,0.5331916358632932,0.30529975137179155,0.6444920572513279,0.1159877098211784
2686724.694,1246884.105,465,73,Hirslanden,7,Kreis 7,7670.0,1784.0,510.0,0.23259452411994785,0.06649282920469361,3765,1756,0.4664010624169987,7750.0,8280.0,0.06838709677419355,912.2378045278602,1,700.3162019123456,0,0.5331916358632932,0.29460445461838963,0.6362739005466903,0.1159877098211784
2686324.694,1246884.105,466,73,Hirslanden,7,Kreis 7,7670.0,1784.0,510.0,0.23259452411994785,0.06649282920469361,3765,1756,0.4664010624169987,7750.0,8280.0,0.06838709677419355,974.3556907053287,1,751.1808495037183,0,0.5331916358632932,0.3147021590651863,0.6096227448480273,0.1159877098211784
2686524.694,1246884.105,467,73,Hirslanden,7,Kreis 7,7670.0,1784.0,510.0,0.23259452411994785,0.06649282920469361,3765,1756,0.4664010624169987,7750.0,8280.0,0.06838709677419355,922.3737919140126,1,769.522697950411,0,0.5331916358632932,0.2978838656109234,0.600012308485995,0.1159877098211784
2686724.694,1247084.105,468,73,Hirslanden,7,Kreis 7,7670.0,1784.0,510.0,0.23259452411994785,0.06649282920469361,3765,1756,0.4664010624169987,7750.0,8280.0,0.06838709677419355,1111.9553102574628,0,896.4846806615972,0,0.5331916358632932,0.35922132505627785,0.5334890211090721,0.1159877098211784
2686524.694,1247084.105,469,73,Hirslanden,7,Kreis 7,7670.0,1784.0,510.0,0.23259452411994785,0.06649282920469361,3765,1756,0.4664010624169987,7750.0,8280.0,0.06838709677419355,1120.2857724749495,0,860.393839274324,0,0.5331916358632932,0.3619165740071828,0.5523992599223873,0.1159877098211784
2688524.694,1246884.105,470,74,Witikon,7,Kreis 7,11984.0,3516.0,1203.0,0.29339118825100136,0.10038384512683578,5606,2375,0.4236532286835533,12030.0,13540.0,0.1255195344970906,2065.143436182968,0,854.2470267206878,0,0.6282589546662345,0.6676170934234799,0.5556199577188906,0.2921449806005921
2688724.694,1246884.105,471,74,Witikon,7,Kreis 7,11984.0,3516.0,1203.0,0.29339118825100136,0.10038384512683578,5606,2375,0.4236532286835533,12030.0,13540.0,0.1255195344970906,2246.3797123392947,0,1003.0032814807682,0,0.6282589546662345,0.7262545219866731,0.47767729430735206,0.2921449806005921
2689124.694,1246884.105,472,74,Witikon,7,Kreis 7,11984.0,3516.0,1203.0,0.29339118825100136,0.10038384512683578,5606,2375,0.4236532286835533,12030.0,13540.0,0.1255195344970906,2617.0652670519175,0,1341.1080428739872,0,0.6282589546662345,0.8461866249566131,0.30052315946029673,0.2921449806005921
2687924.694,1246884.105,473,74,Witikon,7,Kreis 7,11984.0,3516.0,1203.0,0.29339118825100136,0.10038384512683578,5606,2375,0.4236532286835533,12030.0,13540.0,0.1255195344970906,1549.3883347984995,0,617.1751636780068,0,0.6282589546662345,0.500748994194558,0.6798366668265787,0.2921449806005921
2688124.694,1246884.105,474,74,Witikon,7,Kreis 7,11984.0,3516.0,1203.0,0.29339118825100136,0.10038384512683578,5606,2375,0.4236532286835533,12030.0,13540.0,0.1255195344970906,1715.2284430971997,0,645.8968823744455,0,0.6282589546662345,0.5544051259001629,0.6647875701914961,0.2921449806005921
2688324.694,1246884.105,475,74,Witikon,7,Kreis 7,11984.0,3516.0,1203.0,0.29339118825100136,0.10038384512683578,5606,2375,0.4236532286835533,12030.0,13540.0,0.1255195344970906,1887.7004561131037,0,730.3837228889222,0,0.6282589546662345,0.6102069529783516,0.6205196543075897,0.2921449806005921
2687724.694,1246884.105,476,74,Witikon,7,Kreis 7,11984.0,3516.0,1203.0,0.29339118825100136,0.10038384512683578,5606,2375,0.4236532286835533,12030.0,13540.0,0.1255195344970906,1392.5515473438286,0,651.6345468596036,0,0.6282589546662345,0.45000580902493187,0.6617812505415676,0.2921449806005921
2687524.694,1246884.105,477,74,Witikon,7,Kreis 7,11984.0,3516.0,1203.0,0.29339118825100136,0.10038384512683578,5606,2375,0.4236532286835533,12030.0,13540.0,0.1255195344970906,1248.1167461458544,0,682.7030940759984,0,0.6282589546662345,0.4032751791703437,0.6455025043316784,0.2921449806005921
2687324.694,1246884.105,478,74,Witikon,7,Kreis 7,11984.0,3516.0,1203.0,0.29339118825100136,0.10038384512683578,5606,2375,0.4236532286835533,12030.0,13540.0,0.1255195344970906,1120.8884922282587,0,745.7921390447125,0,0.6282589546662345,0.362111578766869,0.6124462257578278,0.2921449806005921
2688324.694,1247084.105,479,74,Witikon,7,Kreis 7,11984.0,3516.0,1203.0,0.29339118825100136,0.10038384512683578,5606,2375,0.4236532286835533,12030.0,13540.0,0.1255195344970906,1991.9035649372133,0,905.7054613179024,0,0.6282589546662345,0.6439209669678355,0.5286576800387746,0.2921449806005921
2687724.694,1247084.105,480,72,Hottingen,7,Kreis 7,11620.0,2687.0,692.0,0.23123924268502583,0.059552495697074014,5585,2559,0.45819158460161147,11610.0,12390.0,0.06718346253229975,1530.8385323115076,0,843.4865634145652,0,0.4845093430847446,0.49474736614712383,0.5612580343898448,0.11227652697095518
2688924.694,1247084.105,481,74,Witikon,7,Kreis 7,11984.0,3516.0,1203.0,0.29339118825100136,0.10038384512683578,5606,2375,0.4236532286835533,12030.0,13540.0,0.1255195344970906,2512.348107251363,0,1284.1865840528142,0,0.6282589546662345,0.8123062942227753,0.33034785565843616,0.2921449806005921
2687524.694,1247084.105,482,72,Hottingen,7,Kreis 7,11620.0,2687.0,692.0,0.23123924268502583,0.059552495697074014,5585,2559,0.45819158460161147,11610.0,12390.0,0.06718346253229975,1400.736310662958,0,880.0713122588044,0,0.4845093430847446,0.45265391835828694,0.542089006709219,0.11227652697095518
2688124.694,1247084.105,483,74,Witikon,7,Kreis 7,11984.0,3516.0,1203.0,0.29339118825100136,0.10038384512683578,5606,2375,0.4236532286835533,12030.0,13540.0,0.1255195344970906,1829.2827589002209,0,839.0618467437432,0,0.6282589546662345,0.5913064126461721,0.5635764189359033,0.2921449806005921
2687924.694,1247084.105,484,72,Hottingen,7,Kreis 7,11620.0,2687.0,692.0,0.23123924268502583,0.059552495697074014,5585,2559,0.45819158460161147,11610.0,12390.0,0.06718346253229975,1674.7749138345807,0,817.1579912483063,0,0.4845093430847446,0.5413167366296848,0.5750532125608121,0.11227652697095518
2688724.694,1247084.105,485,74,Witikon,7,Kreis 7,11984.0,3516.0,1203.0,0.29339118825100136,0.10038384512683578,5606,2375,0.4236532286835533,12030.0,13540.0,0.1255195344970906,2334.6281528349505,0,1137.0389538890836,0,0.6282589546662345,0.7548065411250148,0.4074476604912143,0.2921449806005921
2687324.694,1247084.105,486,72,Hottingen,7,Kreis 7,11620.0,2687.0,692.0,0.23123924268502583,0.059552495697074014,5585,2559,0.45819158460161147,11610.0,12390.0,0.06718346253229975,1288.6651279559399,0,929.8644603709082,0,0.4845093430847446,0.41639425716161244,0.5159992762991463,0.11227652697095518
2688124.694,1247284.105,487,74,Witikon,7,Kreis 7,11984.0,3516.0,1203.0,0.29339118825100136,0.10038384512683578,5606,2375,0.4236532286835533,12030.0,13540.0,0.1255195344970906,1957.177102872799,0,1034.8269336758747,0,0.6282589546662345,0.6326855207219739,0.4610029015863901,0.2921449806005921
2687724.694,1247284.105,488,72,Hottingen,7,Kreis 7,11620.0,2687.0,692.0,0.23123924268502583,0.059552495697074014,5585,2559,0.45819158460161147,11610.0,12390.0,0.06718346253229975,1681.5865758293894,0,1038.4178266290048,0,0.4845093430847446,0.5435205909136511,0.4591214091997735,0.11227652697095518
2687524.694,1247284.105,489,72,Hottingen,7,Kreis 7,11620.0,2687.0,692.0,0.23123924268502583,0.059552495697074014,5585,2559,0.45819158460161147,11610.0,12390.0,0.06718346253229975,1564.074490556519,0,1078.4097155816644,0,0.4845093430847446,0.505500572782423,0.43816716868829997,0.11227652697095518
2686324.694,1247084.105,490,73,Hirslanden,7,Kreis 7,7670.0,1784.0,510.0,0.23259452411994785,0.06649282920469361,3765,1756,0.4664010624169987,7750.0,8280.0,0.06838709677419355,1163.458556206373,0,700.8565892257543,0,0.5331916358632932,0.37588475452608694,0.63599075798876,0.1159877098211784
2686124.694,1247084.105,491,73,Hirslanden,7,Kreis 7,7670.0,1784.0,510.0,0.23259452411994785,0.06649282920469361,3765,1756,0.4664010624169987,7750.0,8280.0,0.06838709677419355,1237.833353892939,0,567.5582425276757,0,0.5331916358632932,0.39994807660894754,0.7058340609595137,0.1159877098211784
2687124.694,1247084.105,492,72,Hottingen,7,Kreis 7,11620.0,2687.0,692.0,0.23123924268502583,0.059552495697074014,5585,2559,0.45819158460161147,11610.0,12390.0,0.06718346253229975,1199.6888813395424,0,916.6460509166191,0,0.4845093430847446,0.38760676265201544,0.5229252239884937,0.11227652697095518
2686924.694,1247084.105,493,73,Hirslanden,7,Kreis 7,7670.0,1784.0,510.0,0.23259452411994785,0.06649282920469361,3765,1756,0.4664010624169987,7750.0,8280.0,0.06838709677419355,1139.2317639575128,0,884.286369148015,0,0.5331916358632932,0.3680463855751463,0.5398804759761342,0.1159877098211784
2686924.694,1247284.105,494,72,Hottingen,7,Kreis 7,11620.0,2687.0,692.0,0.23123924268502583,0.059552495697074014,5585,2559,0.45819158460161147,11610.0,12390.0,0.06718346253229975,1334.9591049952453,0,1084.0684400262612,0,0.4845093430847446,0.43137227276157386,0.43520221064041675,0.11227652697095518
2686524.694,1247284.105,495,73,Hirslanden,7,Kreis 7,7670.0,1784.0,510.0,0.23259452411994785,0.06649282920469361,3765,1756,0.4664010624169987,7750.0,8280.0,0.06838709677419355,1318.8278932483017,0,770.4022057738437,0,0.5331916358632932,0.4261531588153501,0.5995514795792697,0.1159877098211784
2686724.694,1247284.105,496,72,Hottingen,7,Kreis 7,11620.0,2687.0,692.0,0.23123924268502583,0.059552495697074014,5585,2559,0.45819158460161147,11610.0,12390.0,0.06718346253229975,1311.7589001069252,0,960.5192130620071,0,0.4845093430847446,0.4238660472660948,0.4999373428038465,0.11227652697095518
2687124.694,1247284.105,497,72,Hottingen,7,Kreis 7,11620.0,2687.0,692.0,0.23123924268502583,0.059552495697074014,5585,2559,0.45819158460161147,11610.0,12390.0,0.06718346253229975,1386.9103114512063,0,1110.6223402493872,0,0.4845093430847446,0.44818063597637264,0.42128896907156477,0.11227652697095518
2686324.694,1247284.105,498,73,Hirslanden,7,Kreis 7,7670.0,1784.0,510.0,0.23259452411994785,0.06649282920469361,3765,1756,0.4664010624169987,7750.0,8280.0,0.06838709677419355,1355.6926687158036,0,586.8917776397537,0,0.5331916358632932,0.438080437855829,0.6957040182112189,0.1159877098211784
2686324.694,1247484.105,499,73,Hirslanden,7,Kreis 7,7670.0,1784.0,510.0,0.23259452411994785,0.06649282920469361,3765,1756,0.4664010624169987,7750.0,8280.0,0.06838709677419355,1549.8933550440615,0,526.9572645491688,0,0.5331916358632932,0.500912389124095,0.7271074411334228,0.1159877098211784
2685324.694,1246484.105,500,73,Hirslanden,7,Kreis 7,7670.0,1784.0,510.0,0.23259452411994785,0.06649282920469361,3765,1756,0.4664010624169987,7750.0,8280.0,0.06838709677419355,1127.5148930570333,0,143.01638598789475,7,0.5331916358632932,0.3642554934039873,0.9282779715147942,0.1159877098211784
2684924.694,1246484.105,501,73,Hirslanden,7,Kreis 7,7670.0,1784.0,510.0,0.23259452411994785,0.06649282920469361,3765,1756,0.4664010624169987,7750.0,8280.0,0.06838709677419355,805.2752536029067,1,103.43901904500996,8,0.5331916358632932,0.25999764701995437,0.949015018137267,0.1159877098211784
2684724.694,1246484.105,502,73,Hirslanden,7,Kreis 7,7670.0,1784.0,510.0,0.23259452411994785,0.06649282920469361,3765,1756,0.4664010624169987,7750.0,8280.0,0.06838709677419355,676.0602296135543,1,205.96686787211792,9,0.5331916358632932,0.21819124435511766,0.8952942947678258,0.1159877098211784
2684924.694,1246684.105,503,72,Hottingen,7,Kreis 7,11620.0,2687.0,692.0,0.23123924268502583,0.059552495697074014,5585,2559,0.45819158460161147,11610.0,12390.0,0.06718346253229975,955.2646931951422,1,77.13462686118083,8,0.4845093430847446,0.3085254320520023,0.9627975269099972,0.11227652697095518
2685124.694,1246684.105,504,73,Hirslanden,7,Kreis 7,7670.0,1784.0,510.0,0.23259452411994785,0.06649282920469361,3765,1756,0.4664010624169987,7750.0,8280.0,0.06838709677419355,1088.0907287838193,0,155.3963405650824,5,0.5331916358632932,0.3515001462667498,0.9217913425376386,0.1159877098211784
2684724.694,1246684.105,505,72,Hottingen,7,Kreis 7,11620.0,2687.0,692.0,0.23123924268502583,0.059552495697074014,5585,2559,0.45819158460161147,11610.0,12390.0,0.06718346253229975,849.1877495967045,1,171.09105955882077,9,0.4845093430847446,0.2742051550391923,0.9135679021059029,0.11227652697095518
2685324.694,1246684.105,506,73,Hirslanden,7,Kreis 7,7670.0,1784.0,510.0,0.23259452411994785,0.06649282920469361,3765,1756,0.4664010624169987,7750.0,8280.0,0.06838709677419355,1239.0933112826478,0,215.62858498128455,4,0.5331916358632932,0.4003557249175455,0.890231919637235,0.1159877098211784
2685324.694,1246884.105,507,72,Hottingen,7,Kreis 7,11620.0,2687.0,692.0,0.23123924268502583,0.059552495697074014,5585,2559,0.45819158460161147,11610.0,12390.0,0.06718346253229975,1370.9174424688674,0,256.2569465615816,5,0.4845093430847446,0.44300628163428984,0.8689441914894491,0.11227652697095518
2684724.694,1246884.105,508,72,Hottingen,7,Kreis 7,11620.0,2687.0,692.0,0.23123924268502583,0.059552495697074014,5585,2559,0.45819158460161147,11610.0,12390.0,0.06718346253229975,1032.0766609438947,0,93.16096103518532,5,0.4845093430847446,0.3333772794149483,0.9544003326390073,0.11227652697095518
2685124.694,1246884.105,509,72,Hottingen,7,Kreis 7,11620.0,2687.0,692.0,0.23123924268502583,0.059552495697074014,5585,2559,0.45819158460161147,11610.0,12390.0,0.06718346253229975,1236.1245220710116,0,73.41677370336849,6,0.4845093430847446,0.3993951988627818,0.9647455416523706,0.11227652697095518
2684524.694,1246484.105,510,73,Hirslanden,7,Kreis 7,7670.0,1784.0,510.0,0.23259452411994785,0.06649282920469361,3765,1756,0.4664010624169987,7750.0,8280.0,0.06838709677419355,587.9172000078224,1,61.1943678862429,7,0.5331916358632932,0.18967332999788702,0.9711496210251668,0.1159877098211784
2684324.694,1246484.105,511,83,Weinegg,8,Kreis 8,5701.0,1249.0,278.0,0.21908437116295387,0.04876337484651815,2682,1222,0.45563012677106635,5720.0,6390.0,0.11713286713286714,560.5674215158637,1,158.27630479963187,7,0.4263972600454457,0.18082454587721747,0.9202823499690048,0.26628624793138733
2684324.694,1246684.105,512,72,Hottingen,7,Kreis 7,11620.0,2687.0,692.0,0.23123924268502583,0.059552495697074014,5585,2559,0.45819158460161147,11610.0,12390.0,0.06718346253229975,760.4592257740894,1,99.46551493366194,7,0.4845093430847446,0.24549780909550026,0.9510969843309889,0.11227652697095518
2684124.694,1246684.105,513,72,Hottingen,7,Kreis 7,11620.0,2687.0,692.0,0.23123924268502583,0.059552495697074014,5585,2559,0.45819158460161147,11610.0,12390.0,0.06718346253229975,791.7622332902938,1,137.17065524726812,9,0.4845093430847446,0.25562562625204616,0.9313409138041521,0.11227652697095518
2684524.694,1246684.105,514,72,Hottingen,7,Kreis 7,11620.0,2687.0,692.0,0.23123924268502583,0.059552495697074014,5585,2559,0.45819158460161147,11610.0,12390.0,0.06718346253229975,780.8386735203511,1,134.75489846752978,8,0.4845093430847446,0.2520914030311205,0.9326066791857219,0.11227652697095518
2684324.694,1246884.105,515,72,Hottingen,7,Kreis 7,11620.0,2687.0,692.0,0.23123924268502583,0.059552495697074014,5585,2559,0.45819158460161147,11610.0,12390.0,0.06718346253229975,960.396081866701,1,208.80787020861123,6,0.4845093430847446,0.3101856484448781,0.8938057167633457,0.11227652697095518
2684124.694,1246884.105,516,72,Hottingen,7,Kreis 7,11620.0,2687.0,692.0,0.23123924268502583,0.059552495697074014,5585,2559,0.45819158460161147,11610.0,12390.0,0.06718346253229975,985.3678673799026,1,11.096245356091798,8,0.4845093430847446,0.3182650535186323,0.9973991465205173,0.11227652697095518
2684524.694,1246884.105,517,72,Hottingen,7,Kreis 7,11620.0,2687.0,692.0,0.23123924268502583,0.059552495697074014,5585,2559,0.45819158460161147,11610.0,12390.0,0.06718346253229975,976.6122229754269,1,81.24581626758886,7,0.4845093430847446,0.3154322405510489,0.960643418817927,0.11227652697095518
2683924.694,1247084.105,518,12,Hochschulen,1,Kreis 1,688.0,175.0,78.0,0.2543604651162791,0.11337209302325581,260,142,0.5461538461538461,,,,1234.342510839154,0,139.65889395601675,10,0.9038719160057809,0.39881864455189586,0.9300371706272594,0.1802758300808398
2684124.694,1247084.105,519,72,Hottingen,7,Kreis 7,11620.0,2687.0,692.0,0.23123924268502583,0.059552495697074014,5585,2559,0.45819158460161147,11610.0,12390.0,0.06718346253229975,1181.106360183028,0,154.4916459261151,7,0.4845093430847446,0.3815945487622351,0.9222653683851499,0.11227652697095518
2684924.694,1246884.105,520,72,Hottingen,7,Kreis 7,11620.0,2687.0,692.0,0.23123924268502583,0.059552495697074014,5585,2559,0.45819158460161147,11610.0,12390.0,0.06718346253229975,1120.9786055341078,0,141.39218741149085,7,0.4845093430847446,0.3621407341470522,0.9291289902713388,0.11227652697095518
2685324.694,1247084.105,521,72,Hottingen,7,Kreis 7,11620.0,2687.0,692.0,0.23123924268502583,0.059552495697074014,5585,2559,0.45819158460161147,11610.0,12390.0,0.06718346253229975,1517.7210000739146,0,330.3448844179027,4,0.4845093430847446,0.49050330212296683,0.8301249081423137,0.11227652697095518
2684724.694,1247084.105,522,72,Hottingen,7,Kreis 7,11620.0,2687.0,692.0,0.23123924268502583,0.059552495697074014,5585,2559,0.45819158460161147,11610.0,12390.0,0.06718346253229975,1220.3461124062642,0,109.18317022779594,8,0.4845093430847446,0.39429023097677546,0.9460052997025903,0.11227652697095518
2685124.694,1247084.105,523,72,Hottingen,7,Kreis 7,11620.0,2687.0,692.0,0.23123924268502583,0.059552495697074014,5585,2559,0.45819158460161147,11610.0,12390.0,0.06718346253229975,1397.1636389719245,0,153.41872330662434,5,0.4845093430847446,0.4514980113538746,0.922827539345507,0.11227652697095518
2684924.694,1247084.105,524,72,Hottingen,7,Kreis 7,11620.0,2687.0,692.0,0.23123924268502583,0.059552495697074014,5585,2559,0.45819158460161147,11610.0,12390.0,0.06718346253229975,1296.4009542055946,0,132.88982151007997,7,0.4845093430847446,0.41889711679165775,0.9335839091231493,0.11227652697095518
2684724.694,1247284.105,525,72,Hottingen,7,Kreis 7,11620.0,2687.0,692.0,0.23123924268502583,0.059552495697074014,5585,2559,0.45819158460161147,11610.0,12390.0,0.06718346253229975,1411.8452585411285,0,282.75574735270624,6,0.4845093430847446,0.45624812229710876,0.8550598199435051,0.11227652697095518
2685124.694,1247284.105,526,72,Hottingen,7,Kreis 7,11620.0,2687.0,692.0,0.23123924268502583,0.059552495697074014,5585,2559,0.45819158460161147,11610.0,12390.0,0.06718346253229975,1567.2040818174428,0,60.76300404865108,6,0.4845093430847446,0.5065131249485033,0.9713756393963308,0.11227652697095518
2684924.694,1247284.105,527,72,Hottingen,7,Kreis 7,11620.0,2687.0,692.0,0.23123924268502583,0.059552495697074014,5585,2559,0.45819158460161147,11610.0,12390.0,0.06718346253229975,1478.0791027766952,0,130.00655622303617,6,0.4845093430847446,0.4776775093502764,0.935094631318708,0.11227652697095518
2685324.694,1247484.105,528,72,Hottingen,7,Kreis 7,11620.0,2687.0,692.0,0.23123924268502583,0.059552495697074014,5585,2559,0.45819158460161147,11610.0,12390.0,0.06718346253229975,1841.6302109993014,0,58.35416575532716,5,0.4845093430847446,0.5953013239065027,0.9726377797521242,0.11227652697095518
2684724.694,1247484.105,529,72,Hottingen,7,Kreis 7,11620.0,2687.0,692.0,0.23123924268502583,0.059552495697074014,5585,2559,0.45819158460161147,11610.0,12390.0,0.06718346253229975,1605.4187721791004,0,109.51170102313264,5,0.4845093430847446,0.5188771572695681,0.945833161964634,0.11227652697095518
2684324.694,1247084.105,530,72,Hottingen,7,Kreis 7,11620.0,2687.0,692.0,0.23123924268502583,0.059552495697074014,5585,2559,0.45819158460161147,11610.0,12390.0,0.06718346253229975,1160.354701832545,0,54.27032947213198,6,0.4845093430847446,0.3748805293070756,0.9747775558399416,0.11227652697095518
2684524.694,1247084.105,531,72,Hottingen,7,Kreis 7,11620.0,2687.0,692.0,0.23123924268502583,0.059552495697074014,5585,2559,0.45819158460161147,11610.0,12390.0,0.06718346253229975,1173.8116689081724,0,240.92190573075382,6,0.4845093430847446,0.37923441453529394,0.876979174138126,0.11227652697095518
2684124.694,1247284.105,532,72,Hottingen,7,Kreis 7,11620.0,2687.0,692.0,0.23123924268502583,0.059552495697074014,5585,2559,0.45819158460161147,11610.0,12390.0,0.06718346253229975,1378.0691688245495,0,231.3215698134367,6,0.4845093430847446,0.4453201607989836,0.8820093878407229,0.11227652697095518
2684324.694,1247284.105,533,72,Hottingen,7,Kreis 7,11620.0,2687.0,692.0,0.23123924268502583,0.059552495697074014,5585,2559,0.45819158460161147,11610.0,12390.0,0.06718346253229975,1360.3254882802419,0,180.51944122727144,5,0.4845093430847446,0.43957934652917646,0.9086277859401336,0.11227652697095518
2684524.694,1247284.105,534,72,Hottingen,7,Kreis 7,11620.0,2687.0,692.0,0.23123924268502583,0.059552495697074014,5585,2559,0.45819158460161147,11610.0,12390.0,0.06718346253229975,1371.822231218379,0,302.76206608665484,5,0.4845093430847446,0.4432990182033116,0.844577263968302,0.11227652697095518
2684324.694,1247484.105,535,71,Fluntern,7,Kreis 7,8878.0,2324.0,666.0,0.2617706690696103,0.07501689569722911,3939,1531,0.38867732927138865,8940.0,9620.0,0.07606263982102908,1560.303763395084,0,309.4261958223002,5,0.44176541392634416,0.5042805866447183,0.8410855114920518,0.13965382260702525
2684524.694,1247484.105,536,72,Hottingen,7,Kreis 7,11620.0,2687.0,692.0,0.23123924268502583,0.059552495697074014,5585,2559,0.45819158460161147,11610.0,12390.0,0.06718346253229975,1570.3371084149276,0,292.7716049430449,4,0.4845093430847446,0.5075267885879953,0.8498118885660935,0.11227652697095518
2684124.694,1247484.105,537,72,Hottingen,7,Kreis 7,11620.0,2687.0,692.0,0.23123924268502583,0.059552495697074014,5585,2559,0.45819158460161147,11610.0,12390.0,0.06718346253229975,1560.2929796923836,0,148.36599563592424,6,0.4845093430847446,0.5042770976710418,0.9254749779542748,0.11227652697095518
2684124.694,1247684.105,538,71,Fluntern,7,Kreis 7,8878.0,2324.0,666.0,0.2617706690696103,0.07501689569722911,3939,1531,0.38867732927138865,8940.0,9620.0,0.07606263982102908,1367.9219942954737,0,43.691768801450124,5,0.44176541392634416,0.442037130303181,0.9803203223949568,0.13965382260702525
2684524.694,1247684.105,539,71,Fluntern,7,Kreis 7,8878.0,2324.0,666.0,0.2617706690696103,0.07501689569722911,3939,1531,0.38867732927138865,8940.0,9620.0,0.07606263982102908,1533.257767786424,0,235.1115366394782,4,0.44176541392634416,0.4955300888467206,0.8800235882577777,0.13965382260702525
2685324.694,1247284.105,540,72,Hottingen,7,Kreis 7,11620.0,2687.0,692.0,0.23123924268502583,0.059552495697074014,5585,2559,0.45819158460161147,11610.0,12390.0,0.06718346253229975,1675.5713754016413,0,257.9984663927436,3,0.4845093430847446,0.5415744248763886,0.8680317008231325,0.11227652697095518
2685724.694,1247284.105,541,72,Hottingen,7,Kreis 7,11620.0,2687.0,692.0,0.23123924268502583,0.059552495697074014,5585,2559,0.45819158460161147,11610.0,12390.0,0.06718346253229975,1616.690883258098,0,277.86536067129566,2,0.4845093430847446,0.5225241512498514,0.857622198000658,0.11227652697095518
2686124.694,1247284.105,542,73,Hirslanden,7,Kreis 7,7670.0,1784.0,510.0,0.23259452411994785,0.06649282920469361,3765,1756,0.4664010624169987,7750.0,8280.0,0.06838709677419355,1420.0345812725132,0,418.7652787195907,1,0.5331916358632932,0.4588977067888377,0.783795958526802,0.1159877098211784
2685524.694,1247284.105,543,72,Hottingen,7,Kreis 7,11620.0,2687.0,692.0,0.23123924268502583,0.059552495697074014,5585,2559,0.45819158460161147,11610.0,12390.0,0.06718346253229975,1741.345747406262,0,321.93292571754955,3,0.4845093430847446,0.5628551536659334,0.8345324570327508,0.11227652697095518
2685924.694,1247284.105,544,72,Hottingen,7,Kreis 7,11620.0,2687.0,692.0,0.23123924268502583,0.059552495697074014,5585,2559,0.45819158460161147,11610.0,12390.0,0.06718346253229975,1508.3414109576868,0,293.74607854581285,1,0.4845093430847446,0.4874686172440935,0.8493013011750189,0.11227652697095518
2685924.694,1247484.105,545,72,Hottingen,7,Kreis 7,11620.0,2687.0,692.0,0.23123924268502583,0.059552495697074014,5585,2559,0.45819158460161147,11610.0,12390.0,0.06718346253229975,1685.0402404719553,0,139.745335024234,1,0.4845093430847446,0.5446379942175293,0.9299918787698122,0.11227652697095518
2685724.694,1247484.105,546,72,Hottingen,7,Kreis 7,11620.0,2687.0,692.0,0.23123924268502583,0.059552495697074014,5585,2559,0.45819158460161147,11610.0,12390.0,0.06718346253229975,1782.6823082113674,0,102.23090854033215,2,0.4845093430847446,0.5762292401494072,0.9496480224474515,0.11227652697095518
2685524.694,1247484.105,547,72,Hottingen,7,Kreis 7,11620.0,2687.0,692.0,0.23123924268502583,0.059552495697074014,5585,2559,0.45819158460161147,11610.0,12390.0,0.06718346253229975,1896.4577010863788,0,201.20340121641544,2,0.4845093430847446,0.6130402837961172,0.8977901715214879,0.11227652697095518
2686124.694,1247484.105,548,73,Hirslanden,7,Kreis 7,7670.0,1784.0,510.0,0.23259452411994785,0.06649282920469361,3765,1756,0.4664010624169987,7750.0,8280.0,0.06838709677419355,1606.475960607491,0,329.55478855736425,1,0.5331916358632932,0.5192192014356826,0.8305388885549028,0.1159877098211784
2685924.694,1247684.105,549,72,Hottingen,7,Kreis 7,11620.0,2687.0,692.0,0.23123924268502583,0.059552495697074014,5585,2559,0.45819158460161147,11610.0,12390.0,0.06718346253229975,1866.4478058627155,0,181.02695561995168,2,0.4845093430847446,0.6033308419300273,0.9083618675520363,0.11227652697095518
2684924.694,1247484.105,550,72,Hottingen,7,Kreis 7,11620.0,2687.0,692.0,0.23123924268502583,0.059552495697074014,5585,2559,0.45819158460161147,11610.0,12390.0,0.06718346253229975,1663.9652141992465,0,135.16809039501015,6,0.4845093430847446,0.5378193518698603,0.9323901822096458,0.11227652697095518
2685124.694,1247484.105,551,72,Hottingen,7,Kreis 7,11620.0,2687.0,692.0,0.23123924268502583,0.059552495697074014,5585,2559,0.45819158460161147,11610.0,12390.0,0.06718346253229975,1743.6143593309953,0,206.23807277272772,5,0.4845093430847446,0.5635891434195047,0.8951521936352188,0.11227652697095518
2684924.694,1247684.105,552,72,Hottingen,7,Kreis 7,11620.0,2687.0,692.0,0.23123924268502583,0.059552495697074014,5585,2559,0.45819158460161147,11610.0,12390.0,0.06718346253229975,1774.9783611293713,0,174.10460264170555,6,0.4845093430847446,0.5737366947481459,0.9119889192620266,0.11227652697095518
2684724.694,1247684.105,553,72,Hottingen,7,Kreis 7,11620.0,2687.0,692.0,0.23123924268502583,0.059552495697074014,5585,2559,0.45819158460161147,11610.0,12390.0,0.06718346253229975,1646.4245450300655,0,155.03165051360494,3,0.4845093430847446,0.5321442201734262,0.9219824263611571,0.11227652697095518
2685324.694,1247684.105,554,72,Hottingen,7,Kreis 7,11620.0,2687.0,692.0,0.23123924268502583,0.059552495697074014,5585,2559,0.45819158460161147,11610.0,12390.0,0.06718346253229975,2013.867978310722,0,142.29268660403017,5,0.4845093430847446,0.6510273628143858,0.928657162679419,0.11227652697095518
2685124.694,1247684.105,555,72,Hottingen,7,Kreis 7,11620.0,2687.0,692.0,0.23123924268502583,0.059552495697074014,5585,2559,0.45819158460161147,11610.0,12390.0,0.06718346253229975,1915.8242566784563,0,155.94689692656644,6,0.4845093430847446,0.6193061652417613,0.9215028717822984,0.11227652697095518
2684724.694,1247884.105,556,71,Fluntern,7,Kreis 7,8878.0,2324.0,666.0,0.2617706690696103,0.07501689569722911,3939,1531,0.38867732927138865,8940.0,9620.0,0.07606263982102908,1492.451065354381,0,84.83533851540228,6,0.44176541392634416,0.4823274334539643,0.9587626446291657,0.13965382260702525
2684924.694,1247884.105,557,71,Fluntern,7,Kreis 7,8878.0,2324.0,666.0,0.2617706690696103,0.07501689569722911,3939,1531,0.38867732927138865,8940.0,9620.0,0.07606263982102908,1633.1701021257636,0,140.29909002186736,6,0.44176541392634416,0.5278558598880078,0.9297017320498466,0.13965382260702525
2685124.694,1247884.105,558,71,Fluntern,7,Kreis 7,8878.0,2324.0,666.0,0.2617706690696103,0.07501689569722911,3939,1531,0.38867732927138865,8940.0,9620.0,0.07606263982102908,1785.2391947516523,0,97.78258874164501,6,0.44176541392634416,0.5770564986598438,0.9519787741417258,0.13965382260702525
2684924.694,1248084.105,559,71,Fluntern,7,Kreis 7,8878.0,2324.0,666.0,0.2617706690696103,0.07501689569722911,3939,1531,0.38867732927138865,8940.0,9620.0,0.07606263982102908,1504.639818188209,0,97.01665146243838,7,0.44176541392634416,0.48627099894055326,0.9523800963694455,0.13965382260702525
2685724.694,1247684.105,560,72,Hottingen,7,Kreis 7,11620.0,2687.0,692.0,0.23123924268502583,0.059552495697074014,5585,2559,0.45819158460161147,11610.0,12390.0,0.06718346253229975,1955.0506418018354,0,153.9258219434748,2,0.4845093430847446,0.6319975226468342,0.9225618387977739,0.11227652697095518
2685524.694,1247684.105,561,72,Hottingen,7,Kreis 7,11620.0,2687.0,692.0,0.23123924268502583,0.059552495697074014,5585,2559,0.45819158460161147,11610.0,12390.0,0.06718346253229975,2059.3247951719013,0,239.42599829810962,3,0.4845093430847446,0.6657345224842768,0.8777629731770669,0.11227652697095518
2686124.694,1247684.105,562,73,Hirslanden,7,Kreis 7,7670.0,1784.0,510.0,0.23259452411994785,0.06649282920469361,3765,1756,0.4664010624169987,7750.0,8280.0,0.06838709677419355,1795.8373567808753,0,349.06784249065623,1,0.5331916358632932,0.5804854422580541,0.8203147847193583,0.1159877098211784
2685324.694,1247884.105,563,72,Hottingen,7,Kreis 7,11620.0,2687.0,692.0,0.23123924268502583,0.059552495697074014,5585,2559,0.45819158460161147,11610.0,12390.0,0.06718346253229975,1945.9993274607211,0,254.55361058334887,5,0.4845093430847446,0.6290690482302539,0.8698366752578948,0.11227652697095518
2685924.694,1247884.105,564,72,Hottingen,7,Kreis 7,11620.0,2687.0,692.0,0.23123924268502583,0.059552495697074014,5585,2559,0.45819158460161147,11610.0,12390.0,0.06718346253229975,2051.31523954991,0,298.1383112936463,3,0.4845093430847446,0.6631431000849205,0.8469999369786585,0.11227652697095518
2685724.694,1247884.105,565,72,Hottingen,7,Kreis 7,11620.0,2687.0,692.0,0.23123924268502583,0.059552495697074014,5585,2559,0.45819158460161147,11610.0,12390.0,0.06718346253229975,2132.249941261514,0,323.43291833233906,2,0.4845093430847446,0.6893288223395754,0.8337465175125411,0.11227652697095518
2686124.694,1247884.105,566,72,Hottingen,7,Kreis 7,11620.0,2687.0,692.0,0.23123924268502583,0.059552495697074014,5585,2559,0.45819158460161147,11610.0,12390.0,0.06718346253229975,1987.2842303026714,0,391.36179254122493,3,0.4845093430847446,0.6424264212268449,0.7981543510727017,0.11227652697095518
2685524.694,1247884.105,567,72,Hottingen,7,Kreis 7,11620.0,2687.0,692.0,0.23123924268502583,0.059552495697074014,5585,2559,0.45819158460161147,11610.0,12390.0,0.06718346253229975,2113.468188186808,0,345.65176212638187,5,0.4845093430847446,0.6832521486870025,0.822104681906867,0.11227652697095518
2686124.694,1248084.105,568,72,Hottingen,7,Kreis 7,11620.0,2687.0,692.0,0.23123924268502583,0.059552495697074014,5585,2559,0.45819158460161147,11610.0,12390.0,0.06718346253229975,2180.267279947493,0,276.41644788447985,2,0.4845093430847446,0.7048644166847446,0.8583813736187695,0.11227652697095518
2685724.694,1248084.105,569,72,Hottingen,7,Kreis 7,11620.0,2687.0,692.0,0.23123924268502583,0.059552495697074014,5585,2559,0.45819158460161147,11610.0,12390.0,0.06718346253229975,2196.1963897788487,0,166.885747327224,4,0.4845093430847446,0.7100181423053578,0.9157713270061628,0.11227652697095518
2684324.694,1247684.105,570,71,Fluntern,7,Kreis 7,8878.0,2324.0,666.0,0.2617706690696103,0.07501689569722911,3939,1531,0.38867732927138865,8940.0,9620.0,0.07606263982102908,1439.1125676879333,0,196.4346473029975,4,0.44176541392634416,0.4650702241749201,0.9002888185986508,0.13965382260702525
2684124.694,1247884.105,571,71,Fluntern,7,Kreis 7,8878.0,2324.0,666.0,0.2617706690696103,0.07501689569722911,3939,1531,0.38867732927138865,8940.0,9620.0,0.07606263982102908,1178.094640713247,0,156.1798599722846,6,0.44176541392634416,0.380620132994007,0.9213808079384014,0.13965382260702525
2684324.694,1247884.105,572,71,Fluntern,7,Kreis 7,8878.0,2324.0,666.0,0.2617706690696103,0.07501689569722911,3939,1531,0.38867732927138865,8940.0,9620.0,0.07606263982102908,1260.0561029086464,0,73.9577491613696,5,0.44176541392634416,0.40713805471665443,0.9644620909288707,0.13965382260702525
2684524.694,1247884.105,573,71,Fluntern,7,Kreis 7,8878.0,2324.0,666.0,0.2617706690696103,0.07501689569722911,3939,1531,0.38867732927138865,8940.0,9620.0,0.07606263982102908,1366.5927639488568,0,115.40985512931404,6,0.44176541392634416,0.44160706932892796,0.9427427518101908,0.13965382260702525
2684324.694,1248084.105,574,71,Fluntern,7,Kreis 7,8878.0,2324.0,666.0,0.2617706690696103,0.07501689569722911,3939,1531,0.38867732927138865,8940.0,9620.0,0.07606263982102908,1088.3187871562698,0,157.19970948131112,6,0.44176541392634416,0.35157393257932706,0.9208464452849406,0.13965382260702525
2684124.694,1248084.105,575,71,Fluntern,7,Kreis 7,8878.0,2324.0,666.0,0.2617706690696103,0.07501689569722911,3939,1531,0.38867732927138865,8940.0,9620.0,0.07606263982102908,992.2718289245358,1,208.88788538580923,8,0.44176541392634416,0.3204987705230982,0.8937637918302785,0.13965382260702525
2684524.694,1248084.105,576,71,Fluntern,7,Kreis 7,8878.0,2324.0,666.0,0.2617706690696103,0.07501689569722911,3939,1531,0.38867732927138865,8940.0,9620.0,0.07606263982102908,1210.0711476922936,0,150.08118023581378,6,0.44176541392634416,0.3909658550726651,0.9245762859552497,0.13965382260702525
2684124.694,1248284.105,577,71,Fluntern,7,Kreis 7,8878.0,2324.0,666.0,0.2617706690696103,0.07501689569722911,3939,1531,0.38867732927138865,8940.0,9620.0,0.07606263982102908,813.2034078120996,1,145.7920596636232,8,0.44176541392634416,0.2625627326967233,0.9268236232630417,0.13965382260702525
2684324.694,1248284.105,578,71,Fluntern,7,Kreis 7,8878.0,2324.0,666.0,0.2617706690696103,0.07501689569722911,3939,1531,0.38867732927138865,8940.0,9620.0,0.07606263982102908,927.9731582741296,1,55.97253488109247,5,0.44176541392634416,0.2996954921346183,0.9738856644471267,0.13965382260702525
2684524.694,1248284.105,579,71,Fluntern,7,Kreis 7,8878.0,2324.0,666.0,0.2617706690696103,0.07501689569722911,3939,1531,0.38867732927138865,8940.0,9620.0,0.07606263982102908,1068.1613092025536,0,144.7976541970462,6,0.44176541392634416,0.34505215504895204,0.9273446541985207,0.13965382260702525
2685324.694,1248084.105,580,71,Fluntern,7,Kreis 7,8878.0,2324.0,666.0,0.2617706690696103,0.07501689569722911,3939,1531,0.38867732927138865,8940.0,9620.0,0.07606263982102908,1839.459100517744,0,63.5573808539321,6,0.44176541392634416,0.5945988799010028,0.9699114914105517,0.13965382260702525
2685124.694,1248084.105,581,71,Fluntern,7,Kreis 7,8878.0,2324.0,666.0,0.2617706690696103,0.07501689569722911,3939,1531,0.38867732927138865,8940.0,9620.0,0.07606263982102908,1668.4649778995952,0,148.62648034935728,5,0.44176541392634416,0.5392752114699707,0.925338493795167,0.13965382260702525
2684724.694,1248084.105,582,71,Fluntern,7,Kreis 7,8878.0,2324.0,666.0,0.2617706690696103,0.07501689569722911,3939,1531,0.38867732927138865,8940.0,9620.0,0.07606263982102908,1350.5948994711166,0,138.57113935097908,7,0.44176541392634416,0.43643109873754377,0.9306071129882818,0.13965382260702525
2684724.694,1248284.105,583,71,Fluntern,7,Kreis 7,8878.0,2324.0,666.0,0.2617706690696103,0.07501689569722911,3939,1531,0.38867732927138865,8940.0,9620.0,0.07606263982102908,1225.0726437552037,0,132.83057125910818,7,0.44176541392634416,0.3958194592869294,0.9336149540185454,0.13965382260702525
2685324.694,1248284.105,584,71,Fluntern,7,Kreis 7,8878.0,2324.0,666.0,0.2617706690696103,0.07501689569722911,3939,1531,0.38867732927138865,8940.0,9620.0,0.07606263982102908,1749.3730827006332,0,87.43716979073058,5,0.44176541392634416,0.5654523285244064,0.9573993832343854,0.13965382260702525
2684924.694,1248284.105,585,71,Fluntern,7,Kreis 7,8878.0,2324.0,666.0,0.2617706690696103,0.07501689569722911,3939,1531,0.38867732927138865,8940.0,9620.0,0.07606263982102908,1393.067615902909,0,147.83176472252774,7,0.44176541392634416,0.4501727785406853,0.9257548947909421,0.13965382260702525
2685124.694,1248284.105,586,71,Fluntern,7,Kreis 7,8878.0,2324.0,666.0,0.2617706690696103,0.07501689569722911,3939,1531,0.38867732927138865,8940.0,9620.0,0.07606263982102908,1568.5891056862104,0,180.46511757389405,6,0.44176541392634416,0.5069612374339592,0.9086562494843208,0.13965382260702525
2684924.694,1248484.105,587,71,Fluntern,7,Kreis 7,8878.0,2324.0,666.0,0.2617706690696103,0.07501689569722911,3939,1531,0.38867732927138865,8940.0,9620.0,0.07606263982102908,1302.8176320872324,0,111.96230017720114,5,0.44176541392634416,0.4209731773843672,0.9445491404938714,0.13965382260702525
2684724.694,1248484.105,588,71,Fluntern,7,Kreis 7,8878.0,2324.0,666.0,0.2617706690696103,0.07501689569722911,3939,1531,0.38867732927138865,8940.0,9620.0,0.07606263982102908,1121.382799260508,0,274.25772306537306,6,0.44176541392634416,0.36227150752896076,0.8595124639533921,0.13965382260702525
2685324.694,1248484.105,589,71,Fluntern,7,Kreis 7,8878.0,2324.0,666.0,0.2617706690696103,0.07501689569722911,3939,1531,0.38867732927138865,8940.0,9620.0,0.07606263982102908,1678.3928570145563,0,126.83555755782997,5,0.44176541392634416,0.5424872908325229,0.9367561149453241,0.13965382260702525
2684124.694,1248484.105,590,71,Fluntern,7,Kreis 7,8878.0,2324.0,666.0,0.2617706690696103,0.07501689569722911,3939,1531,0.38867732927138865,8940.0,9620.0,0.07606263982102908,646.526242682523,1,73.98206986166511,6,0.44176541392634416,0.20863577849815615,0.9644493477997826,0.13965382260702525
2684524.694,1248484.105,591,71,Fluntern,7,Kreis 7,8878.0,2324.0,666.0,0.2617706690696103,0.07501689569722911,3939,1531,0.38867732927138865,8940.0,9620.0,0.07606263982102908,947.451836494754,1,176.75660853568107,5,0.44176541392634416,0.30599764988631534,0.9105993682606726,0.13965382260702525
2684324.694,1248484.105,592,71,Fluntern,7,Kreis 7,8878.0,2324.0,666.0,0.2617706690696103,0.07501689569722911,3939,1531,0.38867732927138865,8940.0,9620.0,0.07606263982102908,786.0219987234653,1,110.29641272943718,4,0.44176541392634416,0.25376842303927405,0.9454220026456646,0.13965382260702525
2684724.694,1248684.105,593,71,Fluntern,7,Kreis 7,8878.0,2324.0,666.0,0.2617706690696103,0.07501689569722911,3939,1531,0.38867732927138865,8940.0,9620.0,0.07606263982102908,1046.0381362442295,0,77.84149703721911,4,0.44176541392634416,0.33789439391278775,0.9624271536151366,0.13965382260702525
2684524.694,1248684.105,594,71,Fluntern,7,Kreis 7,8878.0,2324.0,666.0,0.2617706690696103,0.07501689569722911,3939,1531,0.38867732927138865,8940.0,9620.0,0.07606263982102908,856.9488797339377,1,238.7083967122685,5,0.44176541392634416,0.2767162015230602,0.8781389693256592,0.13965382260702525
2684324.694,1248684.105,595,71,Fluntern,7,Kreis 7,8878.0,2324.0,666.0,0.2617706690696103,0.07501689569722911,3939,1531,0.38867732927138865,8940.0,9620.0,0.07606263982102908,674.1861630715956,1,294.2667950365153,9,0.44176541392634416,0.21758490634538066,0.8490284653858071,0.13965382260702525
2684124.694,1248684.105,596,63,Oberstrass,6,Kreis 6,11008.0,2215.0,514.0,0.2012172965116279,0.04669331395348837,5279,2358,0.4466755067247585,11190.0,11660.0,0.0420017873100983,504.6707664182159,1,158.47822140915403,11,0.4006725781538956,0.16273966690198066,0.9201765532859775,0.03463350388988689
2684524.694,1248884.105,597,71,Fluntern,7,Kreis 7,8878.0,2324.0,666.0,0.2617706690696103,0.07501689569722911,3939,1531,0.38867732927138865,8940.0,9620.0,0.07606263982102908,806.8815170006186,1,170.83162078795993,4,0.44176541392634416,0.2605173396401877,0.9137038382305769,0.13965382260702525
2684324.694,1248884.105,598,63,Oberstrass,6,Kreis 6,11008.0,2215.0,514.0,0.2012172965116279,0.04669331395348837,5279,2358,0.4466755067247585,11190.0,11660.0,0.0420017873100983,609.2810373523607,1,113.60388488510286,7,0.4006725781538956,0.19658541466820711,0.9436890120605772,0.03463350388988689
2684124.694,1248884.105,599,63,Oberstrass,6,Kreis 6,11008.0,2215.0,514.0,0.2012172965116279,0.04669331395348837,5279,2358,0.4466755067247585,11190.0,11660.0,0.0420017873100983,413.99152464406586,1,187.3629223219874,9,0.4006725781538956,0.13340118304839577,0.9050420601204767,0.03463350388988689
2687924.694,1247284.105,600,74,Witikon,7,Kreis 7,11984.0,3516.0,1203.0,0.29339118825100136,0.10038384512683578,5606,2375,0.4236532286835533,12030.0,13540.0,0.1255195344970906,1813.598029335494,0,1017.1475717224909,0,0.6282589546662345,0.5862317541457328,0.47026622002826546,0.2921449806005921
2687324.694,1247284.105,601,72,Hottingen,7,Kreis 7,11620.0,2687.0,692.0,0.23123924268502583,0.059552495697074014,5585,2559,0.45819158460161147,11610.0,12390.0,0.06718346253229975,1464.5561143259956,0,1119.4149876881552,0,0.4845093430847446,0.4733022634775637,0.4166819536494467,0.11227652697095518
2687724.694,1247484.105,602,72,Hottingen,7,Kreis 7,11620.0,2687.0,692.0,0.23123924268502583,0.059552495697074014,5585,2559,0.45819158460161147,11610.0,12390.0,0.06718346253229975,1841.7383668723337,0,1234.9710857590546,0,0.4845093430847446,0.5953363168031408,0.3561349193642849,0.11227652697095518
2687324.694,1247484.105,603,72,Hottingen,7,Kreis 7,11620.0,2687.0,692.0,0.23123924268502583,0.059552495697074014,5585,2559,0.45819158460161147,11610.0,12390.0,0.06718346253229975,1645.962153881315,0,1312.0716118645603,0,0.4845093430847446,0.5319946175192107,0.31573715347009657,0.11227652697095518
2687524.694,1247484.105,604,72,Hottingen,7,Kreis 7,11620.0,2687.0,692.0,0.23123924268502583,0.059552495697074014,5585,2559,0.45819158460161147,11610.0,12390.0,0.06718346253229975,1735.1068589598724,0,1277.266422740737,0,0.4845093430847446,0.5608366153062435,0.3339737590180677,0.11227652697095518
2687924.694,1247484.105,605,72,Hottingen,7,Kreis 7,11620.0,2687.0,692.0,0.23123924268502583,0.059552495697074014,5585,2559,0.45819158460161147,11610.0,12390.0,0.06718346253229975,1963.009070791459,0,1217.1405763760208,0,0.4845093430847446,0.6345724034667853,0.36547743335497074,0.11227652697095518
2687524.694,1247684.105,606,72,Hottingen,7,Kreis 7,11620.0,2687.0,692.0,0.23123924268502583,0.059552495697074014,5585,2559,0.45819158460161147,11610.0,12390.0,0.06718346253229975,1911.7694976145933,0,1320.8062653778113,0,0.4845093430847446,0.6179942830403021,0.3111605246762501,0.11227652697095518
2687324.694,1247684.105,607,72,Hottingen,7,Kreis 7,11620.0,2687.0,692.0,0.23123924268502583,0.059552495697074014,5585,2559,0.45819158460161147,11610.0,12390.0,0.06718346253229975,1831.2449896203343,0,1190.7357350231946,0,0.4845093430847446,0.5919412754126964,0.3793125737012891,0.11227652697095518
2687724.694,1247684.105,608,72,Hottingen,7,Kreis 7,11620.0,2687.0,692.0,0.23123924268502583,0.059552495697074014,5585,2559,0.45819158460161147,11610.0,12390.0,0.06718346253229975,2009.0462941429523,0,1432.4788245069772,0,0.4845093430847446,0.6494673486332403,0.2526483182312308,0.11227652697095518
2687524.694,1247884.105,609,72,Hottingen,7,Kreis 7,11620.0,2687.0,692.0,0.23123924268502583,0.059552495697074014,5585,2559,0.45819158460161147,11610.0,12390.0,0.06718346253229975,2092.636951793004,0,1184.9772954201587,0,0.4845093430847446,0.6765123824446687,0.3823297787289297,0.11227652697095518
2686924.694,1247484.105,610,72,Hottingen,7,Kreis 7,11620.0,2687.0,692.0,0.23123924268502583,0.059552495697074014,5585,2559,0.45819158460161147,11610.0,12390.0,0.06718346253229975,1531.790655412699,0,1124.685182022642,0,0.4845093430847446,0.495055417335956,0.41392057071607813,0.11227652697095518
2686724.694,1247484.105,611,72,Hottingen,7,Kreis 7,11620.0,2687.0,692.0,0.23123924268502583,0.059552495697074014,5585,2559,0.45819158460161147,11610.0,12390.0,0.06718346253229975,1511.6144389392718,0,925.1157541957925,0,0.4845093430847446,0.48852757711970907,0.5184874191180435,0.11227652697095518
2687124.694,1247484.105,612,72,Hottingen,7,Kreis 7,11620.0,2687.0,692.0,0.23123924268502583,0.059552495697074014,5585,2559,0.45819158460161147,11610.0,12390.0,0.06718346253229975,1577.27201585828,0,1261.5593488461736,0,0.4845093430847446,0.5097705178701571,0.34220367295156007,0.11227652697095518
2686524.694,1247484.105,613,73,Hirslanden,7,Kreis 7,7670.0,1784.0,510.0,0.23259452411994785,0.06649282920469361,3765,1756,0.4664010624169987,7750.0,8280.0,0.06838709677419355,1517.7528823921612,0,725.7834102962098,0,0.5331916358632932,0.4905136173710963,0.622930044489703,0.1159877098211784
2686324.694,1247684.105,614,73,Hirslanden,7,Kreis 7,7670.0,1784.0,510.0,0.23259452411994785,0.06649282920469361,3765,1756,0.4664010624169987,7750.0,8280.0,0.06838709677419355,1745.404311903032,0,539.3755265685821,0,0.5331916358632932,0.564168267082274,0.7206007405022694,0.1159877098211784
2686924.694,1247684.105,615,72,Hottingen,7,Kreis 7,11620.0,2687.0,692.0,0.23123924268502583,0.059552495697074014,5585,2559,0.45819158460161147,11610.0,12390.0,0.06718346253229975,1729.3494187149183,0,1002.2456738051407,0,0.4845093430847446,0.5589738453452279,0.4780742521371568,0.11227652697095518
2686524.694,1247684.105,616,72,Hottingen,7,Kreis 7,11620.0,2687.0,692.0,0.23123924268502583,0.059552495697074014,5585,2559,0.45819158460161147,11610.0,12390.0,0.06718346253229975,1716.9276665048162,0,734.8493441932087,0,0.4845093430847446,0.5549548949270384,0.6181798372773427,0.11227652697095518
2687124.694,1247684.105,617,72,Hottingen,7,Kreis 7,11620.0,2687.0,692.0,0.23123924268502583,0.059552495697074014,5585,2559,0.45819158460161147,11610.0,12390.0,0.06718346253229975,1769.7609477015822,0,1082.2079239504644,0,0.4845093430847446,0.57204864578993,0.4361770508479863,0.11227652697095518
2686724.694,1247684.105,618,72,Hottingen,7,Kreis 7,11620.0,2687.0,692.0,0.23123924268502583,0.059552495697074014,5585,2559,0.45819158460161147,11610.0,12390.0,0.06718346253229975,1711.5037283072595,0,932.2452245312081,0,0.4845093430847446,0.5532000266670215,0.5147518457295357,0.11227652697095518
2686524.694,1247884.105,619,72,Hottingen,7,Kreis 7,11620.0,2687.0,692.0,0.23123924268502583,0.059552495697074014,5585,2559,0.45819158460161147,11610.0,12390.0,0.06718346253229975,1916.274357186265,0,678.5336739330969,0,0.4845093430847446,0.6194517913654746,0.6476871231320347,0.11227652697095518
2687124.694,1247884.105,620,72,Hottingen,7,Kreis 7,11620.0,2687.0,692.0,0.23123924268502583,0.059552495697074014,5585,2559,0.45819158460161147,11610.0,12390.0,0.06718346253229975,1963.7516676019811,0,911.4910809553578,0,0.4845093430847446,0.6348126642377068,0.5256262336988766,0.11227652697095518
2686324.694,1247884.105,621,72,Hottingen,7,Kreis 7,11620.0,2687.0,692.0,0.23123924268502583,0.059552495697074014,5585,2559,0.45819158460161147,11610.0,12390.0,0.06718346253229975,1941.829810258782,0,545.3821161911476,0,0.4845093430847446,0.6277200370264437,0.7174535142296132,0.11227652697095518
2686724.694,1247884.105,622,72,Hottingen,7,Kreis 7,11620.0,2687.0,692.0,0.23123924268502583,0.059552495697074014,5585,2559,0.45819158460161147,11610.0,12390.0,0.06718346253229975,1911.4161796975586,0,759.908409389618,0,0.4845093430847446,0.6178799700861871,0.6050498328471984,0.11227652697095518
2686924.694,1247884.105,623,72,Hottingen,7,Kreis 7,11620.0,2687.0,692.0,0.23123924268502583,0.059552495697074014,5585,2559,0.45819158460161147,11610.0,12390.0,0.06718346253229975,1927.4117909802217,0,814.9468637040779,0,0.4845093430847446,0.6230552116758055,0.5762117599457119,0.11227652697095518
2686524.694,1248084.105,624,72,Hottingen,7,Kreis 7,11620.0,2687.0,692.0,0.23123924268502583,0.059552495697074014,5585,2559,0.45819158460161147,11610.0,12390.0,0.06718346253229975,2115.744363577413,0,555.0224740144662,0,0.4845093430847446,0.6839885855344952,0.7124023305587042,0.11227652697095518
2686924.694,1248084.105,625,72,Hottingen,7,Kreis 7,11620.0,2687.0,692.0,0.23123924268502583,0.059552495697074014,5585,2559,0.45819158460161147,11610.0,12390.0,0.06718346253229975,2125.8370144509067,0,635.4371649983226,0,0.4845093430847446,0.6872539753734327,0.6702680673453257,0.11227652697095518
2686324.694,1248084.105,626,72,Hottingen,7,Kreis 7,11620.0,2687.0,692.0,0.23123924268502583,0.059552495697074014,5585,2559,0.45819158460161147,11610.0,12390.0,0.06718346253229975,2138.917906795307,0,395.69223730202896,2,0.4845093430847446,0.6914861848772628,0.795885361449657,0.11227652697095518
2686724.694,1248084.105,627,72,Hottingen,7,Kreis 7,11620.0,2687.0,692.0,0.23123924268502583,0.059552495697074014,5585,2559,0.45819158460161147,11610.0,12390.0,0.06718346253229975,2111.3452138410644,0,563.1188068791984,0,0.4845093430847446,0.6825652787116303,0.7081601576943672,0.11227652697095518
2686524.694,1248284.105,628,72,Hottingen,7,Kreis 7,11620.0,2687.0,692.0,0.23123924268502583,0.059552495697074014,5585,2559,0.45819158460161147,11610.0,12390.0,0.06718346253229975,2315.305813928163,0,360.64829219197856,2,0.4845093430847446,0.748554965605204,0.8142470661237255,0.11227652697095518
2686924.694,1248284.105,629,72,Hottingen,7,Kreis 7,11620.0,2687.0,692.0,0.23123924268502583,0.059552495697074014,5585,2559,0.45819158460161147,11610.0,12390.0,0.06718346253229975,2324.532170568845,0,472.6757775273639,1,0.4845093430847446,0.7515400734428306,0.755548891741614,0.11227652697095518
2685924.694,1248084.105,630,72,Hottingen,7,Kreis 7,11620.0,2687.0,692.0,0.23123924268502583,0.059552495697074014,5585,2559,0.45819158460161147,11610.0,12390.0,0.06718346253229975,2238.7856109975482,0,110.12925433789017,2,0.4845093430847446,0.7237975162239625,0.9455095873342532,0.11227652697095518
2685524.694,1248084.105,631,72,Hottingen,7,Kreis 7,11620.0,2687.0,692.0,0.23123924268502583,0.059552495697074014,5585,2559,0.45819158460161147,11610.0,12390.0,0.06718346253229975,2015.7986463130683,0,242.3161997495533,4,0.4845093430847446,0.6516520137367495,0.8762486166931346,0.11227652697095518
2685524.694,1248284.105,632,71,Fluntern,7,Kreis 7,8878.0,2324.0,666.0,0.2617706690696103,0.07501689569722911,3939,1531,0.38867732927138865,8940.0,9620.0,0.07606263982102908,1933.944306974109,0,194.68047324012784,4,0.44176541392634416,0.6251687506871625,0.9012079396048097,0.13965382260702525
2686124.694,1248284.105,633,72,Hottingen,7,Kreis 7,11620.0,2687.0,692.0,0.23123924268502583,0.059552495697074014,5585,2559,0.45819158460161147,11610.0,12390.0,0.06718346253229975,2374.4119718384172,0,112.8571958761342,2,0.4845093430847446,0.7676782514374392,0.9440802489211246,0.11227652697095518
2685924.694,1248284.105,634,72,Hottingen,7,Kreis 7,11620.0,2687.0,692.0,0.23123924268502583,0.059552495697074014,5585,2559,0.45819158460161147,11610.0,12390.0,0.06718346253229975,2310.802757155545,0,123.9776296797622,3,0.4845093430847446,0.7470980405600621,0.9382535612948167,0.11227652697095518
2685724.694,1248284.105,635,72,Hottingen,7,Kreis 7,11620.0,2687.0,692.0,0.23123924268502583,0.059552495697074014,5585,2559,0.45819158460161147,11610.0,12390.0,0.06718346253229975,2121.314446864872,0,176.33165530034194,5,0.4845093430847446,0.6857907377734747,0.9108220277181932,0.11227652697095518
2686124.694,1248484.105,636,72,Hottingen,7,Kreis 7,11620.0,2687.0,692.0,0.23123924268502583,0.059552495697074014,5585,2559,0.45819158460161147,11610.0,12390.0,0.06718346253229975,2452.8229007569394,0,142.75414761405943,3,0.4845093430847446,0.7930474288479681,0.9284153745257695,0.11227652697095518
2685524.694,1248484.105,637,71,Fluntern,7,Kreis 7,8878.0,2324.0,666.0,0.2617706690696103,0.07501689569722911,3939,1531,0.38867732927138865,8940.0,9620.0,0.07606263982102908,1869.9831503191508,0,27.248608423049415,5,0.44176541392634416,0.60447467203075,0.9889359178659687,0.13965382260702525
2685924.694,1248484.105,638,72,Hottingen,7,Kreis 7,11620.0,2687.0,692.0,0.23123924268502583,0.059552495697074014,5585,2559,0.45819158460161147,11610.0,12390.0,0.06718346253229975,2257.544192807228,0,170.003372498792,4,0.4845093430847446,0.7298666930142819,0.9141378090758897,0.11227652697095518
2685724.694,1248484.105,639,72,Hottingen,7,Kreis 7,11620.0,2687.0,692.0,0.23123924268502583,0.059552495697074014,5585,2559,0.45819158460161147,11610.0,12390.0,0.06718346253229975,2063.1702262483304,0,173.83925523611265,5,0.4845093430847446,0.6669786784271207,0.9121279512883075,0.11227652697095518
2686324.694,1248284.105,640,72,Hottingen,7,Kreis 7,11620.0,2687.0,692.0,0.23123924268502583,0.059552495697074014,5585,2559,0.45819158460161147,11610.0,12390.0,0.06718346253229975,2336.500933449327,0,290.19708244756316,3,0.4845093430847446,0.7554124630840122,0.8511608411908715,0.11227652697095518
2686724.694,1248284.105,641,72,Hottingen,7,Kreis 7,11620.0,2687.0,692.0,0.23123924268502583,0.059552495697074014,5585,2559,0.45819158460161147,11610.0,12390.0,0.06718346253229975,2311.2865274581445,0,369.79019816788593,1,0.4845093430847446,0.7472545602544703,0.8094570524092146,0.11227652697095518
2686924.694,1248484.105,642,72,Hottingen,7,Kreis 7,11620.0,2687.0,692.0,0.23123924268502583,0.059552495697074014,5585,2559,0.45819158460161147,11610.0,12390.0,0.06718346253229975,2523.4334966488545,0,350.8053458274126,1,0.4845093430847446,0.8158928760190705,0.8194043985445272,0.11227652697095518
2686524.694,1248484.105,643,72,Hottingen,7,Kreis 7,11620.0,2687.0,692.0,0.23123924268502583,0.059552495697074014,5585,2559,0.45819158460161147,11610.0,12390.0,0.06718346253229975,2514.936939966788,0,172.36354214561524,2,0.4845093430847446,0.8131438886416865,0.9129011692541009,0.11227652697095518
2687124.694,1248484.105,644,72,Hottingen,7,Kreis 7,11620.0,2687.0,692.0,0.23123924268502583,0.059552495697074014,5585,2559,0.45819158460161147,11610.0,12390.0,0.06718346253229975,2551.2979073423476,0,538.2768717501656,0,0.4845093430847446,0.824908164934441,0.7211763941637266,0.11227652697095518
2686324.694,1248484.105,645,72,Hottingen,7,Kreis 7,11620.0,2687.0,692.0,0.23123924268502583,0.059552495697074014,5585,2559,0.45819158460161147,11610.0,12390.0,0.06718346253229975,2534.463140787322,0,303.0781197332964,2,0.4845093430847446,0.8194614219192795,0.8444116637853726,0.11227652697095518
2686724.694,1248484.105,646,72,Hottingen,7,Kreis 7,11620.0,2687.0,692.0,0.23123924268502583,0.059552495697074014,5585,2559,0.45819158460161147,11610.0,12390.0,0.06718346253229975,2511.2371875252024,0,190.75321926781976,1,0.4845093430847446,0.811946865760308,0.9032656724711616,0.11227652697095518
2686324.694,1248684.105,647,72,Hottingen,7,Kreis 7,11620.0,2687.0,692.0,0.23123924268502583,0.059552495697074014,5585,2559,0.45819158460161147,11610.0,12390.0,0.06718346253229975,2541.7148616091326,0,287.53015608962164,3,0.4845093430847446,0.8218076534280442,0.8525582099522433,0.11227652697095518
2686724.694,1248684.105,648,72,Hottingen,7,Kreis 7,11620.0,2687.0,692.0,0.23123924268502583,0.059552495697074014,5585,2559,0.45819158460161147,11610.0,12390.0,0.06718346253229975,2587.380304038175,0,126.6048603373088,1,0.4845093430847446,0.8365823120947776,0.9368769915823304,0.11227652697095518
2686924.694,1248684.105,649,72,Hottingen,7,Kreis 7,11620.0,2687.0,692.0,0.23123924268502583,0.059552495697074014,5585,2559,0.45819158460161147,11610.0,12390.0,0.06718346253229975,2632.802316491812,0,320.4783778370752,1,0.4845093430847446,0.851278211099838,0.8352945852272704,0.11227652697095518
2686524.694,1248684.105,650,72,Hottingen,7,Kreis 7,11620.0,2687.0,692.0,0.23123924268502583,0.059552495697074014,5585,2559,0.45819158460161147,11610.0,12390.0,0.06718346253229975,2556.838993312779,0,96.70155459441087,1,0.4845093430847446,0.8267009353424659,0.9525451952364902,0.11227652697095518
2686324.694,1248884.105,651,72,Hottingen,7,Kreis 7,11620.0,2687.0,692.0,0.23123924268502583,0.059552495697074014,5585,2559,0.45819158460161147,11610.0,12390.0,0.06718346253229975,2341.859525617357,0,377.24738655279606,2,0.4845093430847446,0.757146189201741,0.8055497671308985,0.11227652697095518
2686524.694,1248884.105,652,72,Hottingen,7,Kreis 7,11620.0,2687.0,692.0,0.23123924268502583,0.059552495697074014,5585,2559,0.45819158460161147,11610.0,12390.0,0.06718346253229975,2358.2657266993315,0,262.6655490561493,1,0.4845093430847446,0.7624542735673008,0.865586325643888,0.11227652697095518
2686924.694,1248884.105,653,72,Hottingen,7,Kreis 7,11620.0,2687.0,692.0,0.23123924268502583,0.059552495697074014,5585,2559,0.45819158460161147,11610.0,12390.0,0.06718346253229975,2440.4179227592704,0,402.92479529196964,1,0.4845093430847446,0.7890339055810318,0.7920957740207213,0.11227652697095518
2686724.694,1248884.105,654,72,Hottingen,7,Kreis 7,11620.0,2687.0,692.0,0.23123924268502583,0.059552495697074014,5585,2559,0.45819158460161147,11610.0,12390.0,0.06718346253229975,2391.3444832823016,0,275.0832431483641,1,0.4845093430847446,0.7731566189654158,0.8590799225851531,0.11227652697095518
2686124.694,1248884.105,655,72,Hottingen,7,Kreis 7,11620.0,2687.0,692.0,0.23123924268502583,0.059552495697074014,5585,2559,0.45819158460161147,11610.0,12390.0,0.06718346253229975,2342.4762192442377,0,183.18580365586206,1,0.4845093430847446,0.7573457150872784,0.9072307126564589,0.11227652697095518
2687124.694,1248884.105,656,72,Hottingen,7,Kreis 7,11620.0,2687.0,692.0,0.23123924268502583,0.059552495697074014,5585,2559,0.45819158460161147,11610.0,12390.0,0.06718346253229975,2504.5460342594315,0,573.6078718611952,0,0.4845093430847446,0.8097820010326273,0.7026642835026427,0.11227652697095518
2686524.694,1249084.105,657,72,Hottingen,7,Kreis 7,11620.0,2687.0,692.0,0.23123924268502583,0.059552495697074014,5585,2559,0.45819158460161147,11610.0,12390.0,0.06718346253229975,2159.9557490200455,0,456.7660130317939,1,0.4845093430847446,0.6982927966480365,0.763885007900461,0.11227652697095518
2686124.694,1249084.105,658,71,Fluntern,7,Kreis 7,8878.0,2324.0,666.0,0.2617706690696103,0.07501689569722911,3939,1531,0.38867732927138865,8940.0,9620.0,0.07606263982102908,2142.7054015250906,0,313.04798140386816,1,0.44176541392634416,0.6927115960165846,0.8391878325340261,0.13965382260702525
2686924.694,1249084.105,659,72,Hottingen,7,Kreis 7,11620.0,2687.0,692.0,0.23123924268502583,0.059552495697074014,5585,2559,0.45819158460161147,11610.0,12390.0,0.06718346253229975,2249.3624069332827,0,549.5365235005479,0,0.4845093430847446,0.7272195470075465,0.715276761587425,0.11227652697095518
2685724.694,1248684.105,660,72,Hottingen,7,Kreis 7,11620.0,2687.0,692.0,0.23123924268502583,0.059552495697074014,5585,2559,0.45819158460161147,11610.0,12390.0,0.06718346253229975,2023.2073009154437,0,266.38287981952635,3,0.4845093430847446,0.6540490198119652,0.8636385846164836,0.11227652697095518
2686124.694,1248684.105,661,72,Hottingen,7,Kreis 7,11620.0,2687.0,692.0,0.23123924268502583,0.059552495697074014,5585,2559,0.45819158460161147,11610.0,12390.0,0.06718346253229975,2419.3049792197876,0,221.61912972722254,3,0.4845093430847446,0.7822029954298693,0.8870931002743956,0.11227652697095518
2685524.694,1248684.105,662,71,Fluntern,7,Kreis 7,8878.0,2324.0,666.0,0.2617706690696103,0.07501689569722911,3939,1531,0.38867732927138865,8940.0,9620.0,0.07606263982102908,1825.7966432430267,0,208.7689791635367,3,0.44176541392634416,0.5901785100973721,0.8938260942032111,0.13965382260702525
2685924.694,1248684.105,663,72,Hottingen,7,Kreis 7,11620.0,2687.0,692.0,0.23123924268502583,0.059552495697074014,5585,2559,0.45819158460161147,11610.0,12390.0,0.06718346253229975,2221.0813092900507,0,141.5536600056595,3,0.4845093430847446,0.7180694426359842,0.9290443847259936,0.11227652697095518
2685924.694,1248884.105,664,71,Fluntern,7,Kreis 7,8878.0,2324.0,666.0,0.2617706690696103,0.07501689569722911,3939,1531,0.38867732927138865,8940.0,9620.0,0.07606263982102908,2202.2485287718036,0,66.92860868858996,1,0.44176541392634416,0.7119762594956922,0.9681450952558209,0.13965382260702525
2685524.694,1248884.105,665,71,Fluntern,7,Kreis 7,8878.0,2324.0,666.0,0.2617706690696103,0.07501689569722911,3939,1531,0.38867732927138865,8940.0,9620.0,0.07606263982102908,1802.8393667982384,0,407.954025180507,2,0.44176541392634416,0.5827508819972691,0.7894606473629969,0.13965382260702525
2685724.694,1248884.105,666,71,Fluntern,7,Kreis 7,8878.0,2324.0,666.0,0.2617706690696103,0.07501689569722911,3939,1531,0.38867732927138865,8940.0,9620.0,0.07606263982102908,2002.5144649858396,0,235.3759517472776,2,0.44176541392634416,0.647354031841977,0.8798850447203556,0.13965382260702525
2685524.694,1249084.105,667,71,Fluntern,7,Kreis 7,8878.0,2324.0,666.0,0.2617706690696103,0.07501689569722911,3939,1531,0.38867732927138865,8940.0,9620.0,0.07606263982102908,1801.9229124680783,0,500.76565243722104,0,0.44176541392634416,0.5824543711305934,0.7408308574048236,0.13965382260702525
2685924.694,1249084.105,668,71,Fluntern,7,Kreis 7,8878.0,2324.0,666.0,0.2617706690696103,0.07501689569722911,3939,1531,0.38867732927138865,8940.0,9620.0,0.07606263982102908,2161.9609704443847,0,262.52892918873334,1,0.44176541392634416,0.6989415686848314,0.8656579092983603,0.13965382260702525
2685724.694,1249084.105,669,71,Fluntern,7,Kreis 7,8878.0,2324.0,666.0,0.2617706690696103,0.07501689569722911,3939,1531,0.38867732927138865,8940.0,9620.0,0.07606263982102908,2001.6894320741897,0,346.1846886575565,1,0.44176541392634416,0.6470870995840143,0.8218254485172565,0.13965382260702525
2687324.694,1247884.105,670,72,Hottingen,7,Kreis 7,11620.0,2687.0,692.0,0.23123924268502583,0.059552495697074014,5585,2559,0.45819158460161147,11610.0,12390.0,0.06718346253229975,2019.3377657067522,0,1038.0238873268863,0,0.4845093430847446,0.6527970651857472,0.45932781852675697,0.11227652697095518
2687524.694,1248084.105,671,72,Hottingen,7,Kreis 7,11620.0,2687.0,692.0,0.23123924268502583,0.059552495697074014,5585,2559,0.45819158460161147,11610.0,12390.0,0.06718346253229975,2276.7073180383713,0,1069.492024589836,0,0.4845093430847446,0.7360667563273212,0.4428397022130597,0.11227652697095518
2687124.694,1248084.105,672,72,Hottingen,7,Kreis 7,11620.0,2687.0,692.0,0.23123924268502583,0.059552495697074014,5585,2559,0.45819158460161147,11610.0,12390.0,0.06718346253229975,2158.839366884327,0,755.2866943493439,0,0.4845093430847446,0.6979316008702333,0.6074714371041026,0.11227652697095518
2687324.694,1248084.105,673,72,Hottingen,7,Kreis 7,11620.0,2687.0,692.0,0.23123924268502583,0.059552495697074014,5585,2559,0.45819158460161147,11610.0,12390.0,0.06718346253229975,2209.522982910451,0,903.9555247141382,0,0.4845093430847446,0.7143298461723642,0.5295745807762845,0.11227652697095518
2687324.694,1248284.105,674,72,Hottingen,7,Kreis 7,11620.0,2687.0,692.0,0.23123924268502583,0.059552495697074014,5585,2559,0.45819158460161147,11610.0,12390.0,0.06718346253229975,2401.303523507484,0,797.9834526236777,0,0.4845093430847446,0.7763787802354829,0.5850999471502342,0.11227652697095518
2687524.694,1248284.105,675,72,Hottingen,7,Kreis 7,11620.0,2687.0,692.0,0.23123924268502583,0.059552495697074014,5585,2559,0.45819158460161147,11610.0,12390.0,0.06718346253229975,2463.262676210037,0,981.5575330367849,0,0.4845093430847446,0.7964251278402977,0.4889140571263263,0.11227652697095518
2687124.694,1248284.105,676,72,Hottingen,7,Kreis 7,11620.0,2687.0,692.0,0.23123924268502583,0.059552495697074014,5585,2559,0.45819158460161147,11610.0,12390.0,0.06718346253229975,2354.751411934916,0,624.5798513089833,0,0.4845093430847446,0.7613172474414206,0.6759568899619379,0.11227652697095518
2687324.694,1248484.105,677,72,Hottingen,7,Kreis 7,11620.0,2687.0,692.0,0.23123924268502583,0.059552495697074014,5585,2559,0.45819158460161147,11610.0,12390.0,0.06718346253229975,2594.3256179611335,0,732.4067112344055,0,0.4845093430847446,0.8388294083033488,0.6194596847624316,0.11227652697095518
2687124.694,1248684.105,678,72,Hottingen,7,Kreis 7,11620.0,2687.0,692.0,0.23123924268502583,0.059552495697074014,5585,2559,0.45819158460161147,11610.0,12390.0,0.06718346253229975,2692.3519899382813,0,519.0221485265699,0,0.4845093430847446,0.87054499254522,0.7312651424568289,0.11227652697095518
2687324.694,1250084.105,679,123,Hirzenbach,12,Kreis 12,12597.0,2569.0,613.0,0.20393744542351352,0.048662379931729775,5705,2361,0.4138475021910605,13070.0,16430.0,0.2570772762050497,1579.1806855850089,0,143.62361456596128,3,0.3539379638964317,0.5103880514408384,0.9279598066567825,0.6977788665828333
2686324.694,1249084.105,680,72,Hottingen,7,Kreis 7,11620.0,2687.0,692.0,0.23123924268502583,0.059552495697074014,5585,2559,0.45819158460161147,11610.0,12390.0,0.06718346253229975,2142.0311943864804,0,455.05674224330556,1,0.4845093430847446,0.6924934621321025,0.7647806012855001,0.11227652697095518
2686724.694,1249084.105,681,72,Hottingen,7,Kreis 7,11620.0,2687.0,692.0,0.23123924268502583,0.059552495697074014,5585,2559,0.45819158460161147,11610.0,12390.0,0.06718346253229975,2196.02368787878,0,464.01809303195773,1,0.4845093430847446,0.7099622661003133,0.7600851916749317,0.11227652697095518
2687124.694,1249084.105,682,72,Hottingen,7,Kreis 7,11620.0,2687.0,692.0,0.23123924268502583,0.059552495697074014,5585,2559,0.45819158460161147,11610.0,12390.0,0.06718346253229975,2318.7803772079546,0,684.5933031085842,0,0.4845093430847446,0.7496791304822804,0.644512106135368,0.11227652697095518
2686324.694,1249284.105,683,71,Fluntern,7,Kreis 7,8878.0,2324.0,666.0,0.2617706690696103,0.07501689569722911,3939,1531,0.38867732927138865,8940.0,9620.0,0.07606263982102908,1942.238203136987,0,592.8900729992725,0,0.44176541392634416,0.6278521690075755,0.6925611378193725,0.13965382260702525
2686524.694,1249284.105,684,72,Hottingen,7,Kreis 7,11620.0,2687.0,692.0,0.23123924268502583,0.059552495697074014,5585,2559,0.45819158460161147,11610.0,12390.0,0.06718346253229975,1961.9888984713357,0,654.4289042065253,0,0.4845093430847446,0.6342423355421289,0.6603171127512342,0.11227652697095518
2686724.694,1249284.105,685,72,Hottingen,7,Kreis 7,11620.0,2687.0,692.0,0.23123924268502583,0.059552495697074014,5585,2559,0.45819158460161147,11610.0,12390.0,0.06718346253229975,2001.6272474476207,0,659.5110239116608,0,0.4845093430847446,0.6470669802862915,0.6576542738256819,0.11227652697095518
2686324.694,1249484.105,686,123,Hirzenbach,12,Kreis 12,12597.0,2569.0,613.0,0.20393744542351352,0.048662379931729775,5705,2361,0.4138475021910605,13070.0,16430.0,0.2570772762050497,1742.4927080836844,0,758.9207064384759,0,0.3539379638964317,0.5632262428662497,0.6055673519175435,0.6977788665828333
2686524.694,1249484.105,687,72,Hottingen,7,Kreis 7,11620.0,2687.0,692.0,0.23123924268502583,0.059552495697074014,5585,2559,0.45819158460161147,11610.0,12390.0,0.06718346253229975,1764.480670827761,0,853.1818039907708,0,0.4845093430847446,0.570340257907829,0.5561780942277059,0.11227652697095518
2686724.694,1249484.105,688,72,Hottingen,7,Kreis 7,11620.0,2687.0,692.0,0.23123924268502583,0.059552495697074014,5585,2559,0.45819158460161147,11610.0,12390.0,0.06718346253229975,1808.4532721983055,0,857.0862212525643,0,0.4845093430847446,0.5845672125015056,0.5541323269358029,0.11227652697095518
2686724.694,1249684.105,689,123,Hirzenbach,12,Kreis 12,12597.0,2569.0,613.0,0.20393744542351352,0.048662379931729775,5705,2361,0.4138475021910605,13070.0,16430.0,0.2570772762050497,1616.9399610760997,0,757.9932088488371,0,0.3539379638964317,0.522604738222115,0.60605332565062,0.6977788665828333
2685924.694,1249284.105,690,71,Fluntern,7,Kreis 7,8878.0,2324.0,666.0,0.2617706690696103,0.07501689569722911,3939,1531,0.38867732927138865,8940.0,9620.0,0.07606263982102908,1964.196231980106,0,461.9128041751771,1,0.44176541392634416,0.6349564991945758,0.7611882835819763,0.13965382260702525
2686124.694,1249284.105,691,71,Fluntern,7,Kreis 7,8878.0,2324.0,666.0,0.2617706690696103,0.07501689569722911,3939,1531,0.38867732927138865,8940.0,9620.0,0.07606263982102908,1942.9817389066782,0,492.3830202809893,1,0.44176541392634416,0.6280927335706094,0.7452230402929292,0.13965382260702525
2685724.694,1249284.105,692,71,Fluntern,7,Kreis 7,8878.0,2324.0,666.0,0.2617706690696103,0.07501689569722911,3939,1531,0.38867732927138865,8940.0,9620.0,0.07606263982102908,2005.2320658030762,0,514.0873842654786,0,0.44176541392634416,0.6482332880657506,0.7338507726909181,0.13965382260702525
2685524.694,1249284.105,693,71,Fluntern,7,Kreis 7,8878.0,2324.0,666.0,0.2617706690696103,0.07501689569722911,3939,1531,0.38867732927138865,8940.0,9620.0,0.07606263982102908,1823.0805200202788,0,628.6558984538905,0,0.44176541392634416,0.5892997319365069,0.67382119508862,0.13965382260702525
2685724.694,1249484.105,694,122,Schwamendingen-Mitte,12,Kreis 12,11383.0,2266.0,533.0,0.1990687867873144,0.04682421154352982,5693,2527,0.44387844721587916,11780.0,14020.0,0.19015280135823429,1812.4423405242146,0,699.0907227684504,0,0.39650709576885174,0.5858578410332484,0.6369160053683298,0.49142966624693135
2686124.694,1249484.105,695,71,Fluntern,7,Kreis 7,8878.0,2324.0,666.0,0.2617706690696103,0.07501689569722911,3939,1531,0.38867732927138865,8940.0,9620.0,0.07606263982102908,1743.3214384400942,0,683.2884007950242,0,0.44176541392634416,0.5634943714004633,0.6451958257004697,0.13965382260702525
2685924.694,1249484.105,696,71,Fluntern,7,Kreis 7,8878.0,2324.0,666.0,0.2617706690696103,0.07501689569722911,3939,1531,0.38867732927138865,8940.0,9620.0,0.07606263982102908,1766.9347576310977,0,661.6686774065764,0,0.44176541392634416,0.5711342564531005,0.6565237448245036,0.13965382260702525
2685524.694,1249484.105,697,71,Fluntern,7,Kreis 7,8878.0,2324.0,666.0,0.2617706690696103,0.07501689569722911,3939,1531,0.38867732927138865,8940.0,9620.0,0.07606263982102908,1865.5613049367687,0,787.1786573966934,0,0.44176541392634416,0.6030440222280402,0.5907612520746267,0.13965382260702525
2685724.694,1249684.105,698,122,Schwamendingen-Mitte,12,Kreis 12,11383.0,2266.0,533.0,0.1990687867873144,0.04682421154352982,5693,2527,0.44387844721587916,11780.0,14020.0,0.19015280135823429,1621.400270668817,0,890.600830148337,0,0.39650709576885174,0.5240478327871737,0.5365719367206443,0.49142966624693135
2685324.694,1249684.105,699,122,Schwamendingen-Mitte,12,Kreis 12,11383.0,2266.0,533.0,0.1990687867873144,0.04682421154352982,5693,2527,0.44387844721587916,11780.0,14020.0,0.19015280135823429,1742.7509812010715,0,1065.370657874901,0,0.39650709576885174,0.5633098048980446,0.44499914283070496,0.49142966624693135
2683524.694,1247484.105,700,11,Rathaus,1,Kreis 1,3252.0,782.0,176.0,0.24046740467404673,0.05412054120541206,1927,1160,0.6019719771665801,,,,1521.5160145319487,0,146.67031963229545,12,0.7050865020543281,0.49173114620528136,0.9263634481851167,0.1802758300808398
2683924.694,1247684.105,701,71,Fluntern,7,Kreis 7,8878.0,2324.0,666.0,0.2617706690696103,0.07501689569722911,3939,1531,0.38867732927138865,8940.0,9620.0,0.07606263982102908,1323.3957013974525,0,212.67668104647893,8,0.44176541392634416,0.4276310336079505,0.8917786058937882,0.13965382260702525
2683724.694,1247684.105,702,12,Hochschulen,1,Kreis 1,688.0,175.0,78.0,0.2543604651162791,0.11337209302325581,260,142,0.5461538461538461,,,,1308.2590655054541,0,211.4633742778849,11,0.9038719160057809,0.4227337060716104,0.8924143328501571,0.1802758300808398
2683524.694,1247684.105,703,11,Rathaus,1,Kreis 1,3252.0,782.0,176.0,0.24046740467404673,0.05412054120541206,1927,1160,0.6019719771665801,,,,1323.5208281236658,0,150.14348690845702,12,0.7050865020543281,0.42767151727725383,0.9245436396102474,0.1802758300808398
2683524.694,1247884.105,704,12,Hochschulen,1,Kreis 1,688.0,175.0,78.0,0.2543604651162791,0.11337209302325581,260,142,0.5461538461538461,,,,1126.2343372838188,0,40.6941354621389,15,0.9038719160057809,0.36384118066668364,0.9818909691336366,0.1802758300808398
2683924.694,1247884.105,705,71,Fluntern,7,Kreis 7,8878.0,2324.0,666.0,0.2617706690696103,0.07501689569722911,3939,1531,0.38867732927138865,8940.0,9620.0,0.07606263982102908,1126.0872890132557,0,158.13550095104497,9,0.44176541392634416,0.36379360447143533,0.9203561258717066,0.13965382260702525
2683724.694,1247884.105,706,12,Hochschulen,1,Kreis 1,688.0,175.0,78.0,0.2543604651162791,0.11337209302325581,260,142,0.5461538461538461,,,,1108.2590773267652,0,78.23356479810576,11,0.9038719160057809,0.35802544088218596,0.9622217249051265,0.1802758300808398
2683524.694,1248084.105,707,12,Hochschulen,1,Kreis 1,688.0,175.0,78.0,0.2543604651162791,0.11337209302325581,260,142,0.5461538461538461,,,,930.1076187609106,1,143.25517324344895,13,0.9038719160057809,0.3003860783515114,0.9281528560047496,0.1802758300808398
2683924.694,1248084.105,708,63,Oberstrass,6,Kreis 6,11008.0,2215.0,514.0,0.2012172965116279,0.04669331395348837,5279,2358,0.4466755067247585,11190.0,11660.0,0.0420017873100983,929.9295578038117,1,168.07390237937148,10,0.4006725781538956,0.300328468269947,0.9151487785999824,0.03463350388988689
2683724.694,1248084.105,709,63,Oberstrass,6,Kreis 6,11008.0,2215.0,514.0,0.2012172965116279,0.04669331395348837,5279,2358,0.4466755067247585,11190.0,11660.0,0.0420017873100983,908.2590943542167,1,129.5038094458107,9,0.4006725781538956,0.2933171773771632,0.9353580516562374,0.03463350388988689
2683324.694,1247484.105,710,11,Rathaus,1,Kreis 1,3252.0,782.0,176.0,0.24046740467404673,0.05412054120541206,1927,1160,0.6019719771665801,,,,1413.857915761271,0,56.873391502407024,12,0.7050865020543281,0.45689930012127955,0.9734136495760181,0.1802758300808398
2683324.694,1247684.105,711,11,Rathaus,1,Kreis 1,3252.0,782.0,176.0,0.24046740467404673,0.05412054120541206,1927,1160,0.6019719771665801,,,,1316.0078289891771,0,114.30427227788279,15,0.7050865020543281,0.4252407514317676,0.9433220354994828,0.1802758300808398
2682924.694,1247684.105,712,14,City,1,Kreis 1,769.0,165.0,21.0,0.21456436931079323,0.027308192457737322,297,108,0.36363636363636365,,,,970.6194959717909,1,139.64931314184503,14,0.1611795840494058,0.313493345595652,0.9300421906123041,0.1802758300808398
2683124.694,1247684.105,713,13,Lindenhof,1,Kreis 1,1038.0,259.0,81.0,0.24951830443159922,0.07803468208092486,623,358,0.5746388443017657,,,,1138.854427027735,0,164.21870983844485,17,0.7770424673476961,0.3679243014773412,0.9171687539958995,0.1802758300808398
2683124.694,1247884.105,714,14,City,1,Kreis 1,769.0,165.0,21.0,0.21456436931079323,0.027308192457737322,297,108,0.36363636363636365,,,,1053.504535329902,0,37.54709923543883,17,0.1611795840494058,0.34031008271579966,0.9835398973468215,0.1802758300808398
2682924.694,1247884.105,715,14,City,1,Kreis 1,769.0,165.0,21.0,0.21456436931079323,0.027308192457737322,297,108,0.36363636363636365,,,,868.898501529687,1,93.50898705997001,12,0.1611795840494058,0.28058239823194114,0.954217980136573,0.1802758300808398
2683324.694,1247884.105,716,14,City,1,Kreis 1,769.0,165.0,21.0,0.21456436931079323,0.027308192457737322,297,108,0.36363636363636365,,,,1178.3757390904957,0,109.27743893874009,18,0.1611795840494058,0.38071107994107917,0.9459559064557704,0.1802758300808398
2683124.694,1248084.105,717,14,City,1,Kreis 1,769.0,165.0,21.0,0.21456436931079323,0.027308192457737322,297,108,0.36363636363636365,,,,1001.3761560775625,0,85.45546595158964,15,0.1611795840494058,0.32344439677615067,0.9584377212563034,0.1802758300808398
2683324.694,1248084.105,718,12,Hochschulen,1,Kreis 1,688.0,175.0,78.0,0.2543604651162791,0.11337209302325581,260,142,0.5461538461538461,,,,992.6055523102018,1,95.24694567813246,17,0.9038719160057809,0.32060674383617804,0.9533073554114675,0.1802758300808398
2682924.694,1248084.105,719,42,Langstrasse,4,Kreis 4,11978.0,1446.0,176.0,0.12072132242444482,0.014693604942394389,6754,3621,0.5361267397098016,11900.0,12340.0,0.03697478991596639,804.9018610740925,1,94.48741006597402,13,0.39544988856444657,0.25987683909894255,0.9537053234072538,0.019133690185795593
2682724.694,1248084.105,720,42,Langstrasse,4,Kreis 4,11978.0,1446.0,176.0,0.12072132242444482,0.014693604942394389,6754,3621,0.5361267397098016,11900.0,12340.0,0.03697478991596639,610.7207266504066,1,109.0046634826721,11,0.39544988856444657,0.19705121368018055,0.9460988305001645,0.019133690185795593
2682524.694,1248084.105,721,42,Langstrasse,4,Kreis 4,11978.0,1446.0,176.0,0.12072132242444482,0.014693604942394389,6754,3621,0.5361267397098016,11900.0,12340.0,0.03697478991596639,422.01019651219747,1,83.78458486513252,9,0.39544988856444657,0.13599555493029034,0.9593131998863111,0.019133690185795593
2682524.694,1248284.105,722,42,Langstrasse,4,Kreis 4,11978.0,1446.0,176.0,0.12072132242444482,0.014693604942394389,6754,3621,0.5361267397098016,11900.0,12340.0,0.03697478991596639,388.5550230794421,1,213.21786196520952,7,0.39544988856444657,0.12517142311828858,0.8914950475166201,0.019133690185795593
2682724.694,1248284.105,723,42,Langstrasse,4,Kreis 4,11978.0,1446.0,176.0,0.12072132242444482,0.014693604942394389,6754,3621,0.5361267397098016,11900.0,12340.0,0.03697478991596639,588.1005066826613,1,223.1964933886548,10,0.39544988856444657,0.1897326372860248,0.8862666212457396,0.019133690185795593
2682724.694,1248484.105,724,51,Gewerbeschule,5,Kreis 5,9528.0,1479.0,223.0,0.15522670025188917,0.023404701931150292,5081,2572,0.5061995670143673,9670.0,10120.0,0.04653567735263702,631.462275959859,1,62.11823130920889,8,0.3872681842770399,0.2037619624426076,0.9706655514582729,0.0486129125715419
2682524.694,1248484.105,725,51,Gewerbeschule,5,Kreis 5,9528.0,1479.0,223.0,0.15522670025188917,0.023404701931150292,5081,2572,0.5061995670143673,9670.0,10120.0,0.04653567735263702,451.50570977593185,1,168.13033236464065,5,0.3872681842770399,0.1455385729651848,0.9151192114173773,0.0486129125715419
2682724.694,1248684.105,726,51,Gewerbeschule,5,Kreis 5,9528.0,1479.0,223.0,0.15522670025188917,0.023404701931150292,5081,2572,0.5061995670143673,9670.0,10120.0,0.04653567735263702,729.1275649434791,1,194.68095608193659,5,0.3872681842770399,0.23536072140707073,0.9012076866139245,0.0486129125715419
2682324.694,1248684.105,727,51,Gewerbeschule,5,Kreis 5,9528.0,1479.0,223.0,0.15522670025188917,0.023404701931150292,5081,2572,0.5061995670143673,9670.0,10120.0,0.04653567735263702,471.0123203910203,1,214.55117958422747,5,0.3872681842770399,0.15184976800135772,0.8907964394038561,0.0486129125715419
2682524.694,1248684.105,728,51,Gewerbeschule,5,Kreis 5,9528.0,1479.0,223.0,0.15522670025188917,0.023404701931150292,5081,2572,0.5061995670143673,9670.0,10120.0,0.04653567735263702,580.2928622344671,1,85.40352838730182,4,0.3872681842770399,0.18720654149942353,0.958464934579859,0.0486129125715419
2682724.694,1248884.105,729,51,Gewerbeschule,5,Kreis 5,9528.0,1479.0,223.0,0.15522670025188917,0.023404701931150292,5081,2572,0.5061995670143673,9670.0,10120.0,0.04653567735263702,807.4115771110853,2,222.74057255257037,6,0.3872681842770399,0.26068883600129633,0.8865055065573291,0.0486129125715419
2682924.694,1248284.105,730,51,Gewerbeschule,5,Kreis 5,9528.0,1479.0,223.0,0.15522670025188917,0.023404701931150292,5081,2572,0.5061995670143673,9670.0,10120.0,0.04653567735263702,787.8765169495407,1,72.77090531923653,13,0.3872681842770399,0.2543684363605963,0.9650839523104887,0.0486129125715419
2683324.694,1248284.105,731,61,Unterstrass,6,Kreis 6,25576.0,4143.0,894.0,0.16198780106349703,0.03495464497966844,12376,5263,0.4252585649644473,25390.0,27440.0,0.08074044899566758,813.6105840492793,1,57.83556570991741,16,0.3053620250538033,0.2626944710441812,0.9729095066038775,0.15407697922827637
2683124.694,1248284.105,732,14,City,1,Kreis 1,769.0,165.0,21.0,0.21456436931079323,0.027308192457737322,297,108,0.36363636363636365,,,,928.5083642471718,2,138.4673414962349,15,0.1611795840494058,0.2998686533950262,0.9306614991468216,0.1802758300808398
2683124.694,1248484.105,733,14,City,1,Kreis 1,769.0,165.0,21.0,0.21456436931079323,0.027308192457737322,297,108,0.36363636363636365,,,,786.6537881920657,1,249.8891567495261,11,0.1611795840494058,0.2539728330537464,0.8722806730296502,0.1802758300808398
2682924.694,1248484.105,734,51,Gewerbeschule,5,Kreis 5,9528.0,1479.0,223.0,0.15522670025188917,0.023404701931150292,5081,2572,0.5061995670143673,9670.0,10120.0,0.04653567735263702,820.7507575144492,2,140.48585217393966,9,0.3872681842770399,0.2650046123711392,0.9296038757305916,0.0486129125715419
2683324.694,1248484.105,735,61,Unterstrass,6,Kreis 6,25576.0,4143.0,894.0,0.16198780106349703,0.03495464497966844,12376,5263,0.4252585649644473,25390.0,27440.0,0.08074044899566758,647.0383160810325,1,158.95818525943105,12,0.3053620250538033,0.20880145541428474,0.9199250703423381,0.15407697922827637
2683324.694,1248684.105,736,61,Unterstrass,6,Kreis 6,25576.0,4143.0,894.0,0.16198780106349703,0.03495464497966844,12376,5263,0.4252585649644473,25390.0,27440.0,0.08074044899566758,505.32660970598687,1,132.52996137113837,7,0.3053620250538033,0.16295185932146156,0.9337724622547806,0.15407697922827637
2683124.694,1248684.105,737,61,Unterstrass,6,Kreis 6,25576.0,4143.0,894.0,0.16198780106349703,0.03495464497966844,12376,5263,0.4252585649644473,25390.0,27440.0,0.08074044899566758,674.9226492546358,1,82.98548464027782,7,0.3053620250538033,0.21782319007566733,0.959731898245976,0.15407697922827637
2682924.694,1248684.105,738,51,Gewerbeschule,5,Kreis 5,9528.0,1479.0,223.0,0.15522670025188917,0.023404701931150292,5081,2572,0.5061995670143673,9670.0,10120.0,0.04653567735263702,857.7215063625521,2,231.90143307239515,5,0.3872681842770399,0.2769661781817194,0.8817055613771526,0.0486129125715419
2683124.694,1248884.105,739,61,Unterstrass,6,Kreis 6,25576.0,4143.0,894.0,0.16198780106349703,0.03495464497966844,12376,5263,0.4252585649644473,25390.0,27440.0,0.08074044899566758,610.0958797409345,2,176.99884367129164,8,0.3053620250538033,0.19684904987062676,0.910472446191602,0.15407697922827637
2683724.694,1248284.105,740,63,Oberstrass,6,Kreis 6,11008.0,2215.0,514.0,0.2012172965116279,0.04669331395348837,5279,2358,0.4466755067247585,11190.0,11660.0,0.0420017873100983,708.2591209981773,1,63.21861008425374,12,0.4006725781538956,0.2286089169834787,0.9700889945086049,0.03463350388988689
2683924.694,1248284.105,741,63,Oberstrass,6,Kreis 6,11008.0,2215.0,514.0,0.2012172965116279,0.04669331395348837,5279,2358,0.4466755067247585,11190.0,11660.0,0.0420017873100983,735.8433138088308,1,142.38747368023127,10,0.4006725781538956,0.23753354382812256,0.9286074978287677,0.03463350388988689
2683524.694,1248284.105,742,61,Unterstrass,6,Kreis 6,25576.0,4143.0,894.0,0.16198780106349703,0.03495464497966844,12376,5263,0.4252585649644473,25390.0,27440.0,0.08074044899566758,736.0683273155149,1,61.351810576405306,12,0.3053620250538033,0.2376063450007342,0.9710671269974318,0.15407697922827637
2683924.694,1248484.105,743,63,Oberstrass,6,Kreis 6,11008.0,2215.0,514.0,0.2012172965116279,0.04669331395348837,5279,2358,0.4466755067247585,11190.0,11660.0,0.0420017873100983,546.0419237358337,1,154.90560564731882,10,0.4006725781538956,0.17612494678764748,0.9220484691141394,0.03463350388988689
2683724.694,1248484.105,744,63,Oberstrass,6,Kreis 6,11008.0,2215.0,514.0,0.2012172965116279,0.04669331395348837,5279,2358,0.4466755067247585,11190.0,11660.0,0.0420017873100983,508.25916861093555,1,160.0979595778443,8,0.4006725781538956,0.16390066337406722,0.9193278716147385,0.03463350388988689
2683524.694,1248484.105,745,63,Oberstrass,6,Kreis 6,11008.0,2215.0,514.0,0.2012172965116279,0.04669331395348837,5279,2358,0.4466755067247585,11190.0,11660.0,0.0420017873100983,546.3451129799083,1,130.94008042240253,9,0.4006725781538956,0.1762230410434863,0.9346054998695793,0.03463350388988689
2683924.694,1248684.105,746,63,Oberstrass,6,Kreis 6,11008.0,2215.0,514.0,0.2012172965116279,0.04669331395348837,5279,2358,0.4466755067247585,11190.0,11660.0,0.0420017873100983,367.23042150276547,1,75.66851829538876,10,0.4006725781538956,0.11827203284107733,0.9635657124673211,0.03463350388988689
2683724.694,1248684.105,747,63,Oberstrass,6,Kreis 6,11008.0,2215.0,514.0,0.2012172965116279,0.04669331395348837,5279,2358,0.4466755067247585,11190.0,11660.0,0.0420017873100983,308.2592780064343,1,80.45717283736495,9,0.4006725781538956,0.0991924297539267,0.9610566382118463,0.03463350388988689
2683524.694,1248684.105,748,61,Unterstrass,6,Kreis 6,25576.0,4143.0,894.0,0.16198780106349703,0.03495464497966844,12376,5263,0.4252585649644473,25390.0,27440.0,0.08074044899566758,367.68108800562135,1,124.84912759413979,11,0.3053620250538033,0.11841784208758956,0.9377969292781412,0.15407697922827637
2683924.694,1248884.105,749,63,Oberstrass,6,Kreis 6,11008.0,2215.0,514.0,0.2012172965116279,0.04669331395348837,5279,2358,0.4466755067247585,11190.0,11660.0,0.0420017873100983,227.056342076295,1,95.6128164055775,11,0.4006725781538956,0.07291992263941283,0.9531156529583009,0.03463350388988689
2682924.694,1248884.105,750,61,Unterstrass,6,Kreis 6,25576.0,4143.0,894.0,0.16198780106349703,0.03495464497966844,12376,5263,0.4252585649644473,25390.0,27440.0,0.08074044899566758,807.7020381779497,2,311.1044208316986,8,0.3053620250538033,0.26078281216556026,0.8402061849235836,0.15407697922827637
2683324.694,1248884.105,751,61,Unterstrass,6,Kreis 6,25576.0,4143.0,894.0,0.16198780106349703,0.03495464497966844,12376,5263,0.4252585649644473,25390.0,27440.0,0.08074044899566758,414.7907695174948,1,41.42347958577609,8,0.3053620250538033,0.1336597718097857,0.9815088203384044,0.15407697922827637
2683124.694,1249084.105,752,61,Unterstrass,6,Kreis 6,25576.0,4143.0,894.0,0.16198780106349703,0.03495464497966844,12376,5263,0.4252585649644473,25390.0,27440.0,0.08074044899566758,607.3824021790832,2,84.00152773020301,8,0.3053620250538033,0.1959711276904467,0.9591995300124696,0.15407697922827637
2682924.694,1249084.105,753,61,Unterstrass,6,Kreis 6,25576.0,4143.0,894.0,0.16198780106349703,0.03495464497966844,12376,5263,0.4252585649644473,25390.0,27440.0,0.08074044899566758,681.471536348399,2,120.11644625536984,9,0.3053620250538033,0.21994202581469857,0.9402766756875729,0.15407697922827637
2683324.694,1249084.105,754,61,Unterstrass,6,Kreis 6,25576.0,4143.0,894.0,0.16198780106349703,0.03495464497966844,12376,5263,0.4252585649644473,25390.0,27440.0,0.08074044899566758,410.78921903682453,2,145.09156647085322,9,0.3053620250538033,0.132365104784902,0.927190655259338,0.15407697922827637
2683124.694,1249284.105,755,61,Unterstrass,6,Kreis 6,25576.0,4143.0,894.0,0.16198780106349703,0.03495464497966844,12376,5263,0.4252585649644473,25390.0,27440.0,0.08074044899566758,660.9791637056985,2,87.50922614775656,9,0.3053620250538033,0.21331189600619258,0.9573616284227212,0.15407697922827637
2682924.694,1249284.105,756,61,Unterstrass,6,Kreis 6,25576.0,4143.0,894.0,0.16198780106349703,0.03495464497966844,12376,5263,0.4252585649644473,25390.0,27440.0,0.08074044899566758,515.3121916402234,2,109.8633726999663,8,0.3053620250538033,0.1661826079317765,0.9456488992781135,0.15407697922827637
2683324.694,1249284.105,757,61,Unterstrass,6,Kreis 6,25576.0,4143.0,894.0,0.16198780106349703,0.03495464497966844,12376,5263,0.4252585649644473,25390.0,27440.0,0.08074044899566758,495.423235705445,2,139.76932661007152,8,0.3053620250538033,0.15974770837658966,0.9299793080842792,0.15407697922827637
2683124.694,1249484.105,758,61,Unterstrass,6,Kreis 6,25576.0,4143.0,894.0,0.16198780106349703,0.03495464497966844,12376,5263,0.4252585649644473,25390.0,27440.0,0.08074044899566758,563.9473866001044,2,106.77665784721728,9,0.3053620250538033,0.18191810432686417,0.9472662213678854,0.15407697922827637
2683324.694,1249484.105,759,61,Unterstrass,6,Kreis 6,25576.0,4143.0,894.0,0.16198780106349703,0.03495464497966844,12376,5263,0.4252585649644473,25390.0,27440.0,0.08074044899566758,634.1455530687113,2,245.30400049924512,10,0.3053620250538033,0.20463011352760266,0.874683121860332,0.15407697922827637
2683724.694,1248884.105,760,63,Oberstrass,6,Kreis 6,11008.0,2215.0,514.0,0.2012172965116279,0.04669331395348837,5279,2358,0.4466755067247585,11190.0,11660.0,0.0420017873100983,108.25979159880566,1,91.37724367141676,12,0.4006725781538956,0.03448432690818602,0.9553349332198686,0.03463350388988689
2683524.694,1248884.105,761,63,Oberstrass,6,Kreis 6,11008.0,2215.0,514.0,0.2012172965116279,0.04669331395348837,5279,2358,0.4466755067247585,11190.0,11660.0,0.0420017873100983,227.7845088608226,1,183.2853094523586,10,0.4006725781538956,0.07315551470031458,0.907178575374458,0.03463350388988689
2683524.694,1249084.105,762,63,Oberstrass,6,Kreis 6,11008.0,2215.0,514.0,0.2012172965116279,0.04669331395348837,5279,2358,0.4466755067247585,11190.0,11660.0,0.0420017873100983,220.41366218303003,1,85.61052891449548,10,0.4006725781538956,0.07077074105187287,0.9583564741158396,0.03463350388988689
2683924.694,1249084.105,763,63,Oberstrass,6,Kreis 6,11008.0,2215.0,514.0,0.2012172965116279,0.04669331395348837,5279,2358,0.4466755067247585,11190.0,11660.0,0.0420017873100983,219.66106272399804,1,102.31942465130453,11,0.4006725781538956,0.0705272440105983,0.9496016433459129,0.03463350388988689
2683724.694,1249084.105,764,63,Oberstrass,6,Kreis 6,11008.0,2215.0,514.0,0.2012172965116279,0.04669331395348837,5279,2358,0.4466755067247585,11190.0,11660.0,0.0420017873100983,91.74193412494387,1,148.29632719989402,12,0.4006725781538956,0.029140117083409363,0.9255114815854577,0.03463350388988689
2683724.694,1249284.105,765,63,Oberstrass,6,Kreis 6,11008.0,2215.0,514.0,0.2012172965116279,0.04669331395348837,5279,2358,0.4466755067247585,11190.0,11660.0,0.0420017873100983,291.7412937466245,1,92.14355463635681,12,0.4006725781538956,0.09384817890865389,0.9549334151949276,0.03463350388988689
2683524.694,1249284.105,766,61,Unterstrass,6,Kreis 6,25576.0,4143.0,894.0,0.16198780106349703,0.03495464497966844,12376,5263,0.4252585649644473,25390.0,27440.0,0.08074044899566758,353.9471464454878,1,112.3068771757528,11,0.3053620250538033,0.11397434416210381,0.9443685951510166,0.15407697922827637
2683924.694,1249484.105,767,63,Oberstrass,6,Kreis 6,11008.0,2215.0,514.0,0.2012172965116279,0.04669331395348837,5279,2358,0.4466755067247585,11190.0,11660.0,0.0420017873100983,530.7012177082069,1,132.31761281470125,9,0.4006725781538956,0.1711615941251374,0.9338837248842882,0.03463350388988689
2683724.694,1249484.105,768,63,Oberstrass,6,Kreis 6,11008.0,2215.0,514.0,0.2012172965116279,0.04669331395348837,5279,2358,0.4466755067247585,11190.0,11660.0,0.0420017873100983,491.7411742745598,1,129.42438201903047,8,0.4006725781538956,0.15855640926860873,0.9353996686302676,0.03463350388988689
2683524.694,1249484.105,769,61,Unterstrass,6,Kreis 6,25576.0,4143.0,894.0,0.16198780106349703,0.03495464497966844,12376,5263,0.4252585649644473,25390.0,27440.0,0.08074044899566758,531.0131660108553,2,49.51416626569908,10,0.3053620250538033,0.17126252229856875,0.9772696058618197,0.15407697922827637
2682524.694,1248884.105,770,51,Gewerbeschule,5,Kreis 5,9528.0,1479.0,223.0,0.15522670025188917,0.023404701931150292,5081,2572,0.5061995670143673,9670.0,10120.0,0.04653567735263702,741.3650962651752,2,115.4805726561538,6,0.3872681842770399,0.23932006875123513,0.9427056984950166,0.0486129125715419
2682324.694,1248884.105,771,51,Gewerbeschule,5,Kreis 5,9528.0,1479.0,223.0,0.15522670025188917,0.023404701931150292,5081,2572,0.5061995670143673,9670.0,10120.0,0.04653567735263702,659.3443758462913,3,122.66179788755835,5,0.3872681842770399,0.212782974543255,0.9389430074942479,0.0486129125715419
2682524.694,1249084.105,772,102,Wipkingen,10,Kreis 10,16745.0,2954.0,688.0,0.17641086891609437,0.041086891609435655,8696,4173,0.4798758049678013,16860.0,17660.0,0.04744958481613286,601.4231911499413,3,203.33348632468596,6,0.42994408413227814,0.19404307653851893,0.8966740873144767,0.0514307766594564
2682724.694,1249084.105,773,102,Wipkingen,10,Kreis 10,16745.0,2954.0,688.0,0.17641086891609437,0.041086891609435655,8696,4173,0.4798758049678013,16860.0,17660.0,0.04744958481613286,610.7836399683714,1,69.44139011428918,8,0.42994408413227814,0.19707156873969772,0.9668284926214918,0.0514307766594564
2682724.694,1249284.105,774,102,Wipkingen,10,Kreis 10,16745.0,2954.0,688.0,0.17641086891609437,0.041086891609435655,8696,4173,0.4798758049678013,16860.0,17660.0,0.04744958481613286,417.3725612124209,2,131.39294753143125,9,0.42994408413227814,0.13449508816745404,0.9343682145957191,0.0514307766594564
2682524.694,1249284.105,775,102,Wipkingen,10,Kreis 10,16745.0,2954.0,688.0,0.17641086891609437,0.041086891609435655,8696,4173,0.4798758049678013,16860.0,17660.0,0.04744958481613286,403.5505604666927,2,124.05927075791331,9,0.42994408413227814,0.13002309945461515,0.9382107844510117,0.0514307766594564
2682524.694,1249484.105,776,102,Wipkingen,10,Kreis 10,16745.0,2954.0,688.0,0.17641086891609437,0.041086891609435655,8696,4173,0.4798758049678013,16860.0,17660.0,0.04744958481613286,209.75284230013378,2,119.30089128324983,7,0.42994408413227814,0.06732152504740589,0.9407039957138003,0.0514307766594564
2682924.694,1249484.105,777,61,Unterstrass,6,Kreis 6,25576.0,4143.0,894.0,0.16198780106349703,0.03495464497966844,12376,5263,0.4252585649644473,25390.0,27440.0,0.08074044899566758,383.0011159945273,2,73.03550274365622,9,0.3053620250538033,0.12337450454963846,0.9649453132460383,0.15407697922827637
2682724.694,1249484.105,778,102,Wipkingen,10,Kreis 10,16745.0,2954.0,688.0,0.17641086891609437,0.041086891609435655,8696,4173,0.4798758049678013,16860.0,17660.0,0.04744958481613286,235.2510464440468,2,139.48686196543736,10,0.42994408413227814,0.07557124831301065,0.9301273088978107,0.0514307766594564
2682324.694,1249684.105,779,102,Wipkingen,10,Kreis 10,16745.0,2954.0,688.0,0.17641086891609437,0.041086891609435655,8696,4173,0.4798758049678013,16860.0,17660.0,0.04744958481613286,271.6480348777688,2,70.85848333823286,7,0.42994408413227814,0.08734717890737383,0.9660859892534502,0.0514307766594564
2682924.694,1249684.105,780,61,Unterstrass,6,Kreis 6,25576.0,4143.0,894.0,0.16198780106349703,0.03495464497966844,12376,5263,0.4252585649644473,25390.0,27440.0,0.08074044899566758,328.37943731764983,2,176.53796945971882,7,0.3053620250538033,0.10570213316051087,0.9107139268850062,0.15407697922827637
2683324.694,1249684.105,781,61,Unterstrass,6,Kreis 6,25576.0,4143.0,894.0,0.16198780106349703,0.03495464497966844,12376,5263,0.4252585649644473,25390.0,27440.0,0.08074044899566758,728.3726071545558,2,209.08129199178381,9,0.3053620250538033,0.235116461348571,0.8936624540679413,0.15407697922827637
2683124.694,1249684.105,782,61,Unterstrass,6,Kreis 6,25576.0,4143.0,894.0,0.16198780106349703,0.03495464497966844,12376,5263,0.4252585649644473,25390.0,27440.0,0.08074044899566758,528.3747295746557,2,137.99729947000506,8,0.3053620250538033,0.17040887902511762,0.9309077834291114,0.15407697922827637
2683124.694,1249884.105,783,61,Unterstrass,6,Kreis 6,25576.0,4143.0,894.0,0.16198780106349703,0.03495464497966844,12376,5263,0.4252585649644473,25390.0,27440.0,0.08074044899566758,565.9708957650504,1,134.82276759136866,7,0.3053620250538033,0.18257279320385333,0.932571118326221,0.15407697922827637
2683324.694,1249884.105,784,61,Unterstrass,6,Kreis 6,25576.0,4143.0,894.0,0.16198780106349703,0.03495464497966844,12376,5263,0.4252585649644473,25390.0,27440.0,0.08074044899566758,756.0885231592448,2,212.73170581991266,9,0.3053620250538033,0.2440837060925901,0.8917497749891519,0.15407697922827637
2682924.694,1249884.105,785,61,Unterstrass,6,Kreis 6,25576.0,4143.0,894.0,0.16198780106349703,0.03495464497966844,12376,5263,0.4252585649644473,25390.0,27440.0,0.08074044899566758,385.974422537374,2,71.28945687137859,6,0.3053620250538033,0.1243364921478181,0.9658601753870859,0.15407697922827637
2682924.694,1250084.105,786,61,Unterstrass,6,Kreis 6,25576.0,4143.0,894.0,0.16198780106349703,0.03495464497966844,12376,5263,0.4252585649644473,25390.0,27440.0,0.08074044899566758,519.7301750457273,1,162.24730093597458,5,0.3053620250538033,0.1676120082252925,0.9182016978595344,0.15407697922827637
2683324.694,1250084.105,787,61,Unterstrass,6,Kreis 6,25576.0,4143.0,894.0,0.16198780106349703,0.03495464497966844,12376,5263,0.4252585649644473,25390.0,27440.0,0.08074044899566758,832.3539240329986,1,170.9756610193953,7,0.3053620250538033,0.2687587164736281,0.9136283665854041,0.15407697922827637
2683124.694,1250084.105,788,61,Unterstrass,6,Kreis 6,25576.0,4143.0,894.0,0.16198780106349703,0.03495464497966844,12376,5263,0.4252585649644473,25390.0,27440.0,0.08074044899566758,664.4292700153242,1,76.28354121951052,5,0.3053620250538033,0.21442814804224522,0.9632434636661362,0.15407697922827637
2682924.694,1250284.105,789,61,Unterstrass,6,Kreis 6,25576.0,4143.0,894.0,0.16198780106349703,0.03495464497966844,12376,5263,0.4252585649644473,25390.0,27440.0,0.08074044899566758,686.4857280767498,1,290.37635003746163,6,0.3053620250538033,0.22156432415093072,0.8510669117393498,0.15407697922827637
2683724.694,1249684.105,790,63,Oberstrass,6,Kreis 6,11008.0,2215.0,514.0,0.2012172965116279,0.04669331395348837,5279,2358,0.4466755067247585,11190.0,11660.0,0.0420017873100983,691.7411238873193,1,72.06018776689724,8,0.4006725781538956,0.22326466198036046,0.9654563414853305,0.03463350388988689
2683924.694,1249684.105,791,63,Oberstrass,6,Kreis 6,11008.0,2215.0,514.0,0.2012172965116279,0.04669331395348837,5279,2358,0.4466755067247585,11190.0,11660.0,0.0420017873100983,719.9584588550525,1,40.99034838848665,6,0.4006725781538956,0.23239413649012677,0.9817357647393494,0.03463350388988689
2683524.694,1249684.105,792,61,Unterstrass,6,Kreis 6,25576.0,4143.0,894.0,0.16198780106349703,0.03495464497966844,12376,5263,0.4252585649644473,25390.0,27440.0,0.08074044899566758,720.1884353950992,2,95.87797797725611,9,0.3053620250538033,0.23246854340922812,0.9529767183019777,0.15407697922827637
2683724.694,1249884.105,793,63,Oberstrass,6,Kreis 6,11008.0,2215.0,514.0,0.2012172965116279,0.04669331395348837,5279,2358,0.4466755067247585,11190.0,11660.0,0.0420017873100983,891.7410961018115,1,104.26059975368284,6,0.4006725781538956,0.28797292200470725,0.9485845408524981,0.03463350388988689
2683524.694,1249884.105,794,63,Oberstrass,6,Kreis 6,11008.0,2215.0,514.0,0.2012172965116279,0.04669331395348837,5279,2358,0.4466755067247585,11190.0,11660.0,0.0420017873100983,913.9845635878156,2,105.99333309694416,8,0.4006725781538956,0.29516960339416176,0.9476766539742382,0.03463350388988689
2683924.694,1250084.105,795,63,Oberstrass,6,Kreis 6,11008.0,2215.0,514.0,0.2012172965116279,0.04669331395348837,5279,2358,0.4466755067247585,11190.0,11660.0,0.0420017873100983,1109.834664477948,0,367.13740297202605,3,0.4006725781538956,0.3585352084683555,0.8108470169749676,0.03463350388988689
2683524.694,1250084.105,796,61,Unterstrass,6,Kreis 6,25576.0,4143.0,894.0,0.16198780106349703,0.03495464497966844,12376,5263,0.4252585649644473,25390.0,27440.0,0.08074044899566758,1012.0078333951597,0,20.36822675157108,6,0.3053620250538033,0.32688418395584196,0.9925409781952159,0.15407697922827637
2683724.694,1250084.105,797,63,Oberstrass,6,Kreis 6,11008.0,2215.0,514.0,0.2012172965116279,0.04669331395348837,5279,2358,0.4466755067247585,11190.0,11660.0,0.0420017873100983,1091.7410784965587,0,215.15683735604838,6,0.4006725781538956,0.35268118532278736,0.8904790975890345,0.03463350388988689
2683924.694,1250284.105,798,63,Oberstrass,6,Kreis 6,11008.0,2215.0,514.0,0.2012172965116279,0.04669331395348837,5279,2358,0.4466755067247585,11190.0,11660.0,0.0420017873100983,1307.0690044817252,0,443.8466048771677,2,0.4006725781538956,0.4223486721272771,0.7706542901931377,0.03463350388988689
2683524.694,1250284.105,799,61,Unterstrass,6,Kreis 6,25576.0,4143.0,894.0,0.16198780106349703,0.03495464497966844,12376,5263,0.4252585649644473,25390.0,27440.0,0.08074044899566758,1106.9340788200388,0,214.60863137580455,4,0.3053620250538033,0.35759674908310324,0.8907663368333087,0.15407697922827637
2685124.694,1248484.105,800,71,Fluntern,7,Kreis 7,8878.0,2324.0,666.0,0.2617706690696103,0.07501689569722911,3939,1531,0.38867732927138865,8940.0,9620.0,0.07606263982102908,1489.0158435951694,0,89.51623685691517,6,0.44176541392634416,0.4812159971853734,0.9563100305559988,0.13965382260702525
2684924.694,1248684.105,801,71,Fluntern,7,Kreis 7,8878.0,2324.0,666.0,0.2617706690696103,0.07501689569722911,3939,1531,0.38867732927138865,8940.0,9620.0,0.07606263982102908,1238.5597209974785,0,187.44838932636642,3,0.44176541392634416,0.40018308639896527,0.9049972786357193,0.13965382260702525
2685124.694,1248684.105,802,71,Fluntern,7,Kreis 7,8878.0,2324.0,666.0,0.2617706690696103,0.07501689569722911,3939,1531,0.38867732927138865,8940.0,9620.0,0.07606263982102908,1433.1310416278766,0,229.90249381208523,4,0.44176541392634416,0.4631349531878749,0.8827529301092958,0.13965382260702525
2685324.694,1248684.105,803,71,Fluntern,7,Kreis 7,8878.0,2324.0,666.0,0.2617706690696103,0.07501689569722911,3939,1531,0.38867732927138865,8940.0,9620.0,0.07606263982102908,1629.0177968571902,0,306.7684577347084,3,0.44176541392634416,0.52651241745627,0.842478065946527,0.13965382260702525
2684724.694,1248884.105,804,71,Fluntern,7,Kreis 7,8878.0,2324.0,666.0,0.2617706690696103,0.07501689569722911,3939,1531,0.38867732927138865,8940.0,9620.0,0.07606263982102908,1005.431341503372,0,130.00499475400144,2,0.44176541392634416,0.3247564169233275,0.935095449469552,0.13965382260702525
2685324.694,1248884.105,805,71,Fluntern,7,Kreis 7,8878.0,2324.0,666.0,0.2617706690696103,0.07501689569722911,3939,1531,0.38867732927138865,8940.0,9620.0,0.07606263982102908,1603.2452658521784,0,465.77772237508754,1,0.44176541392634416,0.5181739381090363,0.7591632123077996,0.13965382260702525
2684924.694,1248884.105,806,71,Fluntern,7,Kreis 7,8878.0,2324.0,666.0,0.2617706690696103,0.07501689569722911,3939,1531,0.38867732927138865,8940.0,9620.0,0.07606263982102908,1204.4611170466735,0,214.42690750239717,2,0.44176541392634416,0.3891507782116943,0.8908615532846886,0.13965382260702525
2685124.694,1248884.105,807,71,Fluntern,7,Kreis 7,8878.0,2324.0,666.0,0.2617706690696103,0.07501689569722911,3939,1531,0.38867732927138865,8940.0,9620.0,0.07606263982102908,1403.7667122700166,0,393.77214053446596,2,0.44176541392634416,0.4536343785703386,0.7968914196911281,0.13965382260702525
2685124.694,1249084.105,808,71,Fluntern,7,Kreis 7,8878.0,2324.0,666.0,0.2617706690696103,0.07501689569722911,3939,1531,0.38867732927138865,8940.0,9620.0,0.07606263982102908,1402.5895274374966,0,495.8815369229709,1,0.44176541392634416,0.4532535106062285,0.7433899496070591,0.13965382260702525
2684724.694,1249084.105,809,71,Fluntern,7,Kreis 7,8878.0,2324.0,666.0,0.2617706690696103,0.07501689569722911,3939,1531,0.38867732927138865,8940.0,9620.0,0.07606263982102908,1003.7871200992962,0,328.24274350087387,2,0.44176541392634416,0.3242244433186591,0.831226350647732,0.13965382260702525
2684124.694,1249084.105,810,63,Oberstrass,6,Kreis 6,11008.0,2215.0,514.0,0.2012172965116279,0.04669331395348837,5279,2358,0.4466755067247585,11190.0,11660.0,0.0420017873100983,409.9821733649975,1,43.87355309307733,8,0.4006725781538956,0.1321039921427057,0.9802250742867099,0.03463350388988689
2684324.694,1249084.105,811,63,Oberstrass,6,Kreis 6,11008.0,2215.0,514.0,0.2012172965116279,0.04669331395348837,5279,2358,0.4466755067247585,11190.0,11660.0,0.0420017873100983,606.5639145853778,1,118.94470421578362,6,0.4006725781538956,0.19570631311345568,0.9408906242946007,0.03463350388988689
2684524.694,1249084.105,812,63,Oberstrass,6,Kreis 6,11008.0,2215.0,514.0,0.2012172965116279,0.04669331395348837,5279,2358,0.4466755067247585,11190.0,11660.0,0.0420017873100983,804.8317727806154,1,174.42890431644034,4,0.4006725781538956,0.2598541626381973,0.911818997423658,0.03463350388988689
2683924.694,1249284.105,813,63,Oberstrass,6,Kreis 6,11008.0,2215.0,514.0,0.2012172965116279,0.04669331395348837,5279,2358,0.4466755067247585,11190.0,11660.0,0.0420017873100983,353.4789703461932,1,95.21528585783189,11,0.4006725781538956,0.11382286983720814,0.9533239439624588,0.03463350388988689
2684324.694,1249284.105,814,63,Oberstrass,6,Kreis 6,11008.0,2215.0,514.0,0.2012172965116279,0.04669331395348837,5279,2358,0.4466755067247585,11190.0,11660.0,0.0420017873100983,666.7954577508054,1,240.72916038783922,5,0.4006725781538956,0.21519370760487222,0.8770801654235759,0.03463350388988689
2684124.694,1249284.105,815,63,Oberstrass,6,Kreis 6,11008.0,2215.0,514.0,0.2012172965116279,0.04669331395348837,5279,2358,0.4466755067247585,11190.0,11660.0,0.0420017873100983,494.75426473862314,1,166.56395366657904,9,0.4006725781538956,0.15953126861017097,0.9159399347398012,0.03463350388988689
2684524.694,1249284.105,816,63,Oberstrass,6,Kreis 6,11008.0,2215.0,514.0,0.2012172965116279,0.04669331395348837,5279,2358,0.4466755067247585,11190.0,11660.0,0.0420017873100983,851.1466280713076,1,334.16678868646784,3,0.4006725781538956,0.27483893321569514,0.8281223745448099,0.03463350388988689
2684124.694,1249484.105,817,63,Oberstrass,6,Kreis 6,11008.0,2215.0,514.0,0.2012172965116279,0.04669331395348837,5279,2358,0.4466755067247585,11190.0,11660.0,0.0420017873100983,633.6230602471979,1,190.22500009471636,6,0.4006725781538956,0.20446106549734056,0.9035424393827992,0.03463350388988689
2684524.694,1249484.105,818,63,Oberstrass,6,Kreis 6,11008.0,2215.0,514.0,0.2012172965116279,0.04669331395348837,5279,2358,0.4466755067247585,11190.0,11660.0,0.0420017873100983,938.6942966041318,1,522.4073531842934,0,0.4006725781538956,0.30316422365059453,0.7294914229742993,0.03463350388988689
2684324.694,1249484.105,819,63,Oberstrass,6,Kreis 6,11008.0,2215.0,514.0,0.2012172965116279,0.04669331395348837,5279,2358,0.4466755067247585,11190.0,11660.0,0.0420017873100983,775.4434747143565,1,367.2371858364679,4,0.4006725781538956,0.250345833152506,0.81079473451982,0.03463350388988689
2685324.694,1249084.105,820,71,Fluntern,7,Kreis 7,8878.0,2324.0,666.0,0.2617706690696103,0.07501689569722911,3939,1531,0.38867732927138865,8940.0,9620.0,0.07606263982102908,1602.2146493143143,0,647.9127153104164,0,0.44176541392634416,0.5178404910481239,0.6637313498108763,0.13965382260702525
2684924.694,1249084.105,821,71,Fluntern,7,Kreis 7,8878.0,2324.0,666.0,0.2617706690696103,0.07501689569722911,3939,1531,0.38867732927138865,8940.0,9620.0,0.07606263982102908,1203.0889337356941,0,369.89309085333576,1,0.44176541392634416,0.3887068201775767,0.8094031405252238,0.13965382260702525
2684924.694,1249284.105,822,63,Oberstrass,6,Kreis 6,11008.0,2215.0,514.0,0.2012172965116279,0.04669331395348837,5279,2358,0.4466755067247585,11190.0,11660.0,0.0420017873100983,1234.5523004220024,0,554.6736866492107,0,0.4006725781538956,0.39888652015571235,0.712585081974812,0.03463350388988689
2685124.694,1249284.105,823,71,Fluntern,7,Kreis 7,8878.0,2324.0,666.0,0.2617706690696103,0.07501689569722911,3939,1531,0.38867732927138865,8940.0,9620.0,0.07606263982102908,1429.6691164312492,0,645.5544118516118,0,0.44176541392634416,0.4620148772532245,0.6649670118205735,0.13965382260702525
2684724.694,1249284.105,824,63,Oberstrass,6,Kreis 6,11008.0,2215.0,514.0,0.2012172965116279,0.04669331395348837,5279,2358,0.4466755067247585,11190.0,11660.0,0.0420017873100983,1041.2900568416119,0,456.0099150907577,1,0.4006725781538956,0.3363581939163631,0.7642811746863174,0.03463350388988689
2685324.694,1249284.105,825,71,Fluntern,7,Kreis 7,8878.0,2324.0,666.0,0.2617706690696103,0.07501689569722911,3939,1531,0.38867732927138865,8940.0,9620.0,0.07606263982102908,1625.972995617504,0,778.3431753803293,0,0.44176541392634416,0.5255272983677095,0.5953907111988219,0.13965382260702525
2684724.694,1249484.105,826,63,Oberstrass,6,Kreis 6,11008.0,2215.0,514.0,0.2012172965116279,0.04669331395348837,5279,2358,0.4466755067247585,11190.0,11660.0,0.0420017873100983,1113.9934391535598,0,607.6076387448339,0,0.4006725781538956,0.3598807440207482,0.6848496888117754,0.03463350388988689
2685124.694,1249484.105,827,63,Oberstrass,6,Kreis 6,11008.0,2215.0,514.0,0.2012172965116279,0.04669331395348837,5279,2358,0.4466755067247585,11190.0,11660.0,0.0420017873100983,1483.4588576961876,0,817.05721871915,0,0.4006725781538956,0.4794180824930788,0.5751060135629201,0.03463350388988689
2685324.694,1249484.105,828,71,Fluntern,7,Kreis 7,8878.0,2324.0,666.0,0.2617706690696103,0.07501689569722911,3939,1531,0.38867732927138865,8940.0,9620.0,0.07606263982102908,1673.4648435139975,0,911.3575800204918,0,0.44176541392634416,0.5408928747160263,0.5256961831504017,0.13965382260702525
2684924.694,1249484.105,829,63,Oberstrass,6,Kreis 6,11008.0,2215.0,514.0,0.2012172965116279,0.04669331395348837,5279,2358,0.4466755067247585,11190.0,11660.0,0.0420017873100983,1296.4627964107674,0,738.5557816855314,0,0.4006725781538956,0.41891712530190145,0.6162378039128569,0.03463350388988689
2684124.694,1249684.105,830,63,Oberstrass,6,Kreis 6,11008.0,2215.0,514.0,0.2012172965116279,0.04669331395348837,5279,2358,0.4466755067247585,11190.0,11660.0,0.0420017873100983,798.8582993729194,1,238.2389738499206,4,0.4006725781538956,0.25792149701712824,0.8783849291894422,0.03463350388988689
2684524.694,1249684.105,831,63,Oberstrass,6,Kreis 6,11008.0,2215.0,514.0,0.2012172965116279,0.04669331395348837,5279,2358,0.4466755067247585,11190.0,11660.0,0.0420017873100983,1057.281127457165,0,634.021096384919,0,0.4006725781538956,0.3415319664124371,0.6710100338561132,0.03463350388988689
2684324.694,1249684.105,832,63,Oberstrass,6,Kreis 6,11008.0,2215.0,514.0,0.2012172965116279,0.04669331395348837,5279,2358,0.4466755067247585,11190.0,11660.0,0.0420017873100983,915.428305481671,1,437.9901924257172,2,0.4006725781538956,0.2956367135884344,0.7737228292958379,0.03463350388988689
2684724.694,1249684.105,833,63,Oberstrass,6,Kreis 6,11008.0,2215.0,514.0,0.2012172965116279,0.04669331395348837,5279,2358,0.4466755067247585,11190.0,11660.0,0.0420017873100983,1215.5977058538506,0,781.2995857294852,0,0.4006725781538956,0.3927539251338658,0.5938416637512219,0.03463350388988689
2684524.694,1249884.105,834,63,Oberstrass,6,Kreis 6,11008.0,2215.0,514.0,0.2012172965116279,0.04669331395348837,5279,2358,0.4466755067247585,11190.0,11660.0,0.0420017873100983,1197.7227485846058,0,673.3164253611841,0,0.4006725781538956,0.38697063741589605,0.6504207644839952,0.03463350388988689
2684124.694,1249884.105,835,63,Oberstrass,6,Kreis 6,11008.0,2215.0,514.0,0.2012172965116279,0.04669331395348837,5279,2358,0.4466755067247585,11190.0,11660.0,0.0420017873100983,977.1750009476101,1,321.2472702779834,3,0.4006725781538956,0.31561432249314514,0.8348917146063473,0.03463350388988689
2684324.694,1249884.105,836,63,Oberstrass,6,Kreis 6,11008.0,2215.0,514.0,0.2012172965116279,0.04669331395348837,5279,2358,0.4466755067247585,11190.0,11660.0,0.0420017873100983,1074.572185791635,0,488.13667006393746,1,0.4006725781538956,0.34712633868366466,0.7474479675487881,0.03463350388988689
2683924.694,1249884.105,837,63,Oberstrass,6,Kreis 6,11008.0,2215.0,514.0,0.2012172965116279,0.04669331395348837,5279,2358,0.4466755067247585,11190.0,11660.0,0.0420017873100983,913.803360946386,1,219.3677475405217,5,0.4006725781538956,0.2951109768478233,0.8882727395727349,0.03463350388988689
2684524.694,1250084.105,838,63,Oberstrass,6,Kreis 6,11008.0,2215.0,514.0,0.2012172965116279,0.04669331395348837,5279,2358,0.4466755067247585,11190.0,11660.0,0.0420017873100983,1353.2317549026966,0,761.444028580667,0,0.4006725781538956,0.4372842304906337,0.6042452263455809,0.03463350388988689
2684124.694,1250084.105,839,63,Oberstrass,6,Kreis 6,11008.0,2215.0,514.0,0.2012172965116279,0.04669331395348837,5279,2358,0.4466755067247585,11190.0,11660.0,0.0420017873100983,1162.5693022254331,0,479.20956653748914,1,0.4006725781538956,0.37559704409698436,0.7521254328864583,0.03463350388988689
2684924.694,1249684.105,840,63,Oberstrass,6,Kreis 6,11008.0,2215.0,514.0,0.2012172965116279,0.04669331395348837,5279,2358,0.4466755067247585,11190.0,11660.0,0.0420017873100983,1384.7426412432008,0,886.9648486051287,0,0.4006725781538956,0.4474793050416052,0.5384770538268118,0.03463350388988689
2685124.694,1249684.105,841,63,Oberstrass,6,Kreis 6,11008.0,2215.0,514.0,0.2012172965116279,0.04669331395348837,5279,2358,0.4466755067247585,11190.0,11660.0,0.0420017873100983,1561.2003658971023,0,999.2119388103134,0,0.4006725781538956,0.5045706746242149,0.4796638147808452,0.03463350388988689
2684924.694,1249884.105,842,63,Oberstrass,6,Kreis 6,11008.0,2215.0,514.0,0.2012172965116279,0.04669331395348837,5279,2358,0.4466755067247585,11190.0,11660.0,0.0420017873100983,1494.7269257216062,0,1052.5913939706668,0,0.4006725781538956,0.48306376837836906,0.45169499482524067,0.03463350388988689
2685324.694,1249884.105,843,122,Schwamendingen-Mitte,12,Kreis 12,11383.0,2266.0,533.0,0.1990687867873144,0.04682421154352982,5693,2527,0.44387844721587916,11780.0,14020.0,0.19015280135823429,1618.2422679330148,0,1076.897468963986,0,0.39650709576885174,0.5230260883342959,0.4389595288435555,0.49142966624693135
2684724.694,1249884.105,844,63,Oberstrass,6,Kreis 6,11008.0,2215.0,514.0,0.2012172965116279,0.04669331395348837,5279,2358,0.4466755067247585,11190.0,11660.0,0.0420017873100983,1339.5425273118856,0,865.1199966832444,0,0.4006725781538956,0.432855199382926,0.5499229318059826,0.03463350388988689
2685124.694,1249884.105,845,122,Schwamendingen-Mitte,12,Kreis 12,11383.0,2266.0,533.0,0.1990687867873144,0.04682421154352982,5693,2527,0.44387844721587916,11780.0,14020.0,0.19015280135823429,1659.5309525517189,0,1095.7328865471666,0,0.39650709576885174,0.5363846848920245,0.4290904808813748,0.49142966624693135
2684724.694,1250084.105,846,63,Oberstrass,6,Kreis 6,11008.0,2215.0,514.0,0.2012172965116279,0.04669331395348837,5279,2358,0.4466755067247585,11190.0,11660.0,0.0420017873100983,1480.2265307975947,0,889.7638881529808,0,0.4006725781538956,0.47837229110060037,0.5370104627398979,0.03463350388988689
2684924.694,1250084.105,847,122,Schwamendingen-Mitte,12,Kreis 12,11383.0,2266.0,533.0,0.1990687867873144,0.04682421154352982,5693,2527,0.44387844721587916,11780.0,14020.0,0.19015280135823429,1622.006468074999,0,900.5422492371251,0,0.39650709576885174,0.5242439627113481,0.5313630083087252,0.49142966624693135
2685124.694,1250084.105,848,122,Schwamendingen-Mitte,12,Kreis 12,11383.0,2266.0,533.0,0.1990687867873144,0.04682421154352982,5693,2527,0.44387844721587916,11780.0,14020.0,0.19015280135823429,1589.2100042867316,0,899.9291964710216,0,0.39650709576885174,0.5136329507037349,0.5316842248214626,0.49142966624693135
2685324.694,1250084.105,849,122,Schwamendingen-Mitte,12,Kreis 12,11383.0,2266.0,533.0,0.1990687867873144,0.04682421154352982,5693,2527,0.44387844721587916,11780.0,14020.0,0.19015280135823429,1456.9487423121677,0,876.8980320772947,0,0.39650709576885174,0.4708409641037579,0.5437516857642734,0.49142966624693135
2684324.694,1250084.105,850,63,Oberstrass,6,Kreis 6,11008.0,2215.0,514.0,0.2012172965116279,0.04669331395348837,5279,2358,0.4466755067247585,11190.0,11660.0,0.0420017873100983,1245.552801962639,0,603.9200349889892,0,0.4006725781538956,0.40244563722062043,0.6867818540091346,0.03463350388988689
2684324.694,1250284.105,851,63,Oberstrass,6,Kreis 6,11008.0,2215.0,514.0,0.2012172965116279,0.04669331395348837,5279,2358,0.4466755067247585,11190.0,11660.0,0.0420017873100983,1424.1131213765814,0,524.5521982234903,0,0.4006725781538956,0.460217283140032,0.7283676051205246,0.03463350388988689
2684524.694,1250284.105,852,63,Oberstrass,6,Kreis 6,11008.0,2215.0,514.0,0.2012172965116279,0.04669331395348837,5279,2358,0.4466755067247585,11190.0,11660.0,0.0420017873100983,1519.1881326804132,0,646.7180039716299,0,0.4006725781538956,0.49097798017987027,0.6643573334638203,0.03463350388988689
2684124.694,1250284.105,853,63,Oberstrass,6,Kreis 6,11008.0,2215.0,514.0,0.2012172965116279,0.04669331395348837,5279,2358,0.4466755067247585,11190.0,11660.0,0.0420017873100983,1352.1330491031194,0,442.806287964661,1,0.4006725781538956,0.4369287537384017,0.7711993769935792,0.03463350388988689
2684324.694,1250484.105,854,122,Schwamendingen-Mitte,12,Kreis 12,11383.0,2266.0,533.0,0.1990687867873144,0.04682421154352982,5693,2527,0.44387844721587916,11780.0,14020.0,0.19015280135823429,1607.7296360013142,0,377.3552817453182,2,0.39650709576885174,0.519624817258882,0.8054932341219972,0.49142966624693135
2684524.694,1250484.105,855,122,Schwamendingen-Mitte,12,Kreis 12,11383.0,2266.0,533.0,0.1990687867873144,0.04682421154352982,5693,2527,0.44387844721587916,11780.0,14020.0,0.19015280135823429,1609.2842895911313,0,449.7623557625088,1,0.39650709576885174,0.5201278119724501,0.7675546599905199,0.49142966624693135
2684124.694,1250484.105,856,63,Oberstrass,6,Kreis 6,11008.0,2215.0,514.0,0.2012172965116279,0.04669331395348837,5279,2358,0.4466755067247585,11190.0,11660.0,0.0420017873100983,1544.3316296951468,0,251.63348080300213,1,0.4006725781538956,0.49911294102379417,0.8713667130566729,0.03463350388988689
2684324.694,1250684.105,857,115,Oerlikon,11,Kreis 11,24205.0,3775.0,925.0,0.15595951249741788,0.03821524478413551,12029,5536,0.46022113226369604,24370.0,27030.0,0.10915059499384488,1449.1126680575564,0,262.39393411620705,2,0.3818023922160809,0.46830567009934837,0.8657286416216304,0.24167439290344803
2684524.694,1250684.105,858,122,Schwamendingen-Mitte,12,Kreis 12,11383.0,2266.0,533.0,0.1990687867873144,0.04682421154352982,5693,2527,0.44387844721587916,11780.0,14020.0,0.19015280135823429,1410.6389774583915,0,257.54257252158146,3,0.39650709576885174,0.4558578404930669,0.8682705720061203,0.49142966624693135
2684124.694,1250684.105,859,115,Oerlikon,11,Kreis 11,24205.0,3775.0,925.0,0.15595951249741788,0.03821524478413551,12029,5536,0.46022113226369604,24370.0,27030.0,0.10915059499384488,1467.4730997851227,0,102.76871440777778,4,0.3818023922160809,0.4742460288765609,0.9493662324697819,0.24167439290344803
2684724.694,1250284.105,860,122,Schwamendingen-Mitte,12,Kreis 12,11383.0,2266.0,533.0,0.1990687867873144,0.04682421154352982,5693,2527,0.44387844721587916,11780.0,14020.0,0.19015280135823429,1633.3300286460942,0,701.954943469308,0,0.39650709576885174,0.527907602729508,0.6354152618171873,0.49142966624693135
2685124.694,1250284.105,861,122,Schwamendingen-Mitte,12,Kreis 12,11383.0,2266.0,533.0,0.1990687867873144,0.04682421154352982,5693,2527,0.44387844721587916,11780.0,14020.0,0.19015280135823429,1452.439340463158,0,706.4804021775628,0,0.39650709576885174,0.46938198616406573,0.6330440922455332,0.49142966624693135
2685324.694,1250284.105,862,122,Schwamendingen-Mitte,12,Kreis 12,11383.0,2266.0,533.0,0.1990687867873144,0.04682421154352982,5693,2527,0.44387844721587916,11780.0,14020.0,0.19015280135823429,1306.4039335997986,0,676.8989279508608,0,0.39650709576885174,0.42213349419957136,0.6485436683311747,0.49142966624693135
2684924.694,1250284.105,863,122,Schwamendingen-Mitte,12,Kreis 12,11383.0,2266.0,533.0,0.1990687867873144,0.04682421154352982,5693,2527,0.44387844721587916,11780.0,14020.0,0.19015280135823429,1610.1145418028746,0,702.1526491163107,0,0.39650709576885174,0.5203964328897853,0.6353116715195978,0.49142966624693135
2684724.694,1250484.105,864,122,Schwamendingen-Mitte,12,Kreis 12,11383.0,2266.0,533.0,0.1990687867873144,0.04682421154352982,5693,2527,0.44387844721587916,11780.0,14020.0,0.19015280135823429,1599.928349872206,0,504.76008425884055,0,0.39650709576885174,0.5171007786513901,0.7387379258807343,0.49142966624693135
2684924.694,1250484.105,865,122,Schwamendingen-Mitte,12,Kreis 12,11383.0,2266.0,533.0,0.1990687867873144,0.04682421154352982,5693,2527,0.44387844721587916,11780.0,14020.0,0.19015280135823429,1502.151935632711,0,505.0349915214246,0,0.39650709576885174,0.48546606607216997,0.7385938848501804,0.49142966624693135
2685124.694,1250484.105,866,122,Schwamendingen-Mitte,12,Kreis 12,11383.0,2266.0,533.0,0.1990687867873144,0.04682421154352982,5693,2527,0.44387844721587916,11780.0,14020.0,0.19015280135823429,1331.7550967520544,0,518.031426325627,0,0.39650709576885174,0.4303356436249548,0.7317842435001227,0.49142966624693135
2684924.694,1250684.105,867,122,Schwamendingen-Mitte,12,Kreis 12,11383.0,2266.0,533.0,0.1990687867873144,0.04682421154352982,5693,2527,0.44387844721587916,11780.0,14020.0,0.19015280135823429,1414.3733728139543,0,311.6124879735053,3,0.39650709576885174,0.4570660717894308,0.8399399769158048,0.49142966624693135
2685324.694,1250684.105,868,122,Schwamendingen-Mitte,12,Kreis 12,11383.0,2266.0,533.0,0.1990687867873144,0.04682421154352982,5693,2527,0.44387844721587916,11780.0,14020.0,0.19015280135823429,1055.781434637429,0,276.9046020943128,2,0.39650709576885174,0.34104675378034705,0.8581255992358282,0.49142966624693135
2685124.694,1250684.105,869,122,Schwamendingen-Mitte,12,Kreis 12,11383.0,2266.0,533.0,0.1990687867873144,0.04682421154352982,5693,2527,0.44387844721587916,11780.0,14020.0,0.19015280135823429,1231.8941666089233,0,342.92646246820334,2,0.39650709576885174,0.3980265039664513,0.8235326360745461,0.49142966624693135
2684724.694,1250684.105,870,122,Schwamendingen-Mitte,12,Kreis 12,11383.0,2266.0,533.0,0.1990687867873144,0.04682421154352982,5693,2527,0.44387844721587916,11780.0,14020.0,0.19015280135823429,1399.9561152853412,0,311.1667441436895,2,0.39650709576885174,0.45240149289639503,0.8401735298601912,0.49142966624693135
2684924.694,1250884.105,871,122,Schwamendingen-Mitte,12,Kreis 12,11383.0,2266.0,533.0,0.1990687867873144,0.04682421154352982,5693,2527,0.44387844721587916,11780.0,14020.0,0.19015280135823429,1220.638490596137,0,138.36308272451342,5,0.39650709576885174,0.39438482740959624,0.9307161268084624,0.49142966624693135
2685324.694,1250884.105,872,122,Schwamendingen-Mitte,12,Kreis 12,11383.0,2266.0,533.0,0.1990687867873144,0.04682421154352982,5693,2527,0.44387844721587916,11780.0,14020.0,0.19015280135823429,968.8477887290074,1,76.9295694840563,4,0.39650709576885174,0.31292012505125066,0.9629049692367151,0.49142966624693135
2685124.694,1250884.105,873,122,Schwamendingen-Mitte,12,Kreis 12,11383.0,2266.0,533.0,0.1990687867873144,0.04682421154352982,5693,2527,0.44387844721587916,11780.0,14020.0,0.19015280135823429,1158.255083185528,0,216.42679746498263,5,0.39650709576885174,0.3742012158658845,0.8898136864204327,0.49142966624693135
2684724.694,1250884.105,874,122,Schwamendingen-Mitte,12,Kreis 12,11383.0,2266.0,533.0,0.1990687867873144,0.04682421154352982,5693,2527,0.44387844721587916,11780.0,14020.0,0.19015280135823429,1199.993135282385,0,137.3562618193175,3,0.39650709576885174,0.38770520138192577,0.9312436629652173,0.49142966624693135
2685324.694,1251084.105,875,122,Schwamendingen-Mitte,12,Kreis 12,11383.0,2266.0,533.0,0.1990687867873144,0.04682421154352982,5693,2527,0.44387844721587916,11780.0,14020.0,0.19015280135823429,917.9638542584929,1,123.12659607491305,5,0.39650709576885174,0.29645706845017933,0.9386994707856253,0.49142966624693135
2684724.694,1251084.105,876,122,Schwamendingen-Mitte,12,Kreis 12,11383.0,2266.0,533.0,0.1990687867873144,0.04682421154352982,5693,2527,0.44387844721587916,11780.0,14020.0,0.19015280135823429,1000.0449613516749,0,144.59855691178058,4,0.39650709576885174,0.3230137002439862,0.9274489736620394,0.49142966624693135
2685124.694,1251084.105,877,122,Schwamendingen-Mitte,12,Kreis 12,11383.0,2266.0,533.0,0.1990687867873144,0.04682421154352982,5693,2527,0.44387844721587916,11780.0,14020.0,0.19015280135823429,1086.296241696899,0,197.98184427103908,6,0.39650709576885174,0.3509195555009359,0.8994781457788362,0.49142966624693135
2684924.694,1251084.105,878,122,Schwamendingen-Mitte,12,Kreis 12,11383.0,2266.0,533.0,0.1990687867873144,0.04682421154352982,5693,2527,0.44387844721587916,11780.0,14020.0,0.19015280135823429,1024.7266585411155,0,94.17881216601502,5,0.39650709576885174,0.3309992497512815,0.9538670170603025,0.49142966624693135
2685324.694,1251284.105,879,122,Schwamendingen-Mitte,12,Kreis 12,11383.0,2266.0,533.0,0.1990687867873144,0.04682421154352982,5693,2527,0.44387844721587916,11780.0,14020.0,0.19015280135823429,909.2025284418911,1,91.19435651951365,7,0.39650709576885174,0.29362241731087474,0.955430759185278,0.49142966624693135
2684524.694,1250884.105,880,122,Schwamendingen-Mitte,12,Kreis 12,11383.0,2266.0,533.0,0.1990687867873144,0.04682421154352982,5693,2527,0.44387844721587916,11780.0,14020.0,0.19015280135823429,1212.4391633087744,0,101.83406434502463,3,0.39650709576885174,0.39173200603036934,0.9498559538288349,0.49142966624693135
2684124.694,1250884.105,881,115,Oerlikon,11,Kreis 11,24205.0,3775.0,925.0,0.15595951249741788,0.03821524478413551,12029,5536,0.46022113226369604,24370.0,27030.0,0.10915059499384488,1268.2596337473533,0,194.4309868848583,5,0.3818023922160809,0.4097922361185373,0.9013386610393195,0.24167439290344803
2684324.694,1250884.105,882,115,Oerlikon,11,Kreis 11,24205.0,3775.0,925.0,0.15595951249741788,0.03821524478413551,12029,5536,0.46022113226369604,24370.0,27030.0,0.10915059499384488,1256.9940034562273,0,113.54548278541499,3,0.3818023922160809,0.406147338941079,0.9437196125567099,0.24167439290344803
2684124.694,1251084.105,883,115,Oerlikon,11,Kreis 11,24205.0,3775.0,925.0,0.15595951249741788,0.03821524478413551,12029,5536,0.46022113226369604,24370.0,27030.0,0.10915059499384488,1069.3398424228778,0,80.34930404799168,6,0.3818023922160809,0.34543345927226604,0.961113157386494,0.24167439290344803
2684324.694,1251084.105,884,115,Oerlikon,11,Kreis 11,24205.0,3775.0,925.0,0.15595951249741788,0.03821524478413551,12029,5536,0.46022113226369604,24370.0,27030.0,0.10915059499384488,1067.773536254265,0,192.18370550326458,3,0.3818023922160809,0.3449266944676808,0.9025161516705477,0.24167439290344803
2684524.694,1251084.105,885,122,Schwamendingen-Mitte,12,Kreis 12,11383.0,2266.0,533.0,0.1990687867873144,0.04682421154352982,5693,2527,0.44387844721587916,11780.0,14020.0,0.19015280135823429,1014.9458728054939,0,185.50519308369556,4,0.39650709576885174,0.3278347611785317,0.9060154401303693,0.49142966624693135
2684524.694,1251284.105,886,115,Oerlikon,11,Kreis 11,24205.0,3775.0,925.0,0.15595951249741788,0.03821524478413551,12029,5536,0.46022113226369604,24370.0,27030.0,0.10915059499384488,818.6705837667128,1,372.09431151391135,6,0.3818023922160809,0.26433159015881613,0.8082497839734708,0.24167439290344803
2684324.694,1251284.105,887,115,Oerlikon,11,Kreis 11,24205.0,3775.0,925.0,0.15595951249741788,0.03821524478413551,12029,5536,0.46022113226369604,24370.0,27030.0,0.10915059499384488,883.3157559587415,2,215.3499725122871,4,0.3818023922160809,0.28524697612214156,0.8903779020561144,0.24167439290344803
2684124.694,1251284.105,888,115,Oerlikon,11,Kreis 11,24205.0,3775.0,925.0,0.15595951249741788,0.03821524478413551,12029,5536,0.46022113226369604,24370.0,27030.0,0.10915059499384488,870.9149778210266,2,125.29170228306886,6,0.3818023922160809,0.281234811683544,0.9375650368439756,0.24167439290344803
2684124.694,1251484.105,889,115,Oerlikon,11,Kreis 11,24205.0,3775.0,925.0,0.15595951249741788,0.03821524478413551,12029,5536,0.46022113226369604,24370.0,27030.0,0.10915059499384488,673.4226745462418,2,290.38645743380596,6,0.3818023922160809,0.21733788624094175,0.85106161584512,0.24167439290344803
2685524.694,1251084.105,890,122,Schwamendingen-Mitte,12,Kreis 12,11383.0,2266.0,533.0,0.1990687867873144,0.04682421154352982,5693,2527,0.44387844721587916,11780.0,14020.0,0.19015280135823429,720.9499550766895,1,49.22948974948255,6,0.39650709576885174,0.23271492651130757,0.9774187656125839,0.49142966624693135
2685724.694,1251284.105,891,122,Schwamendingen-Mitte,12,Kreis 12,11383.0,2266.0,533.0,0.1990687867873144,0.04682421154352982,5693,2527,0.44387844721587916,11780.0,14020.0,0.19015280135823429,510.75594732227455,1,151.47724799796666,7,0.39650709576885174,0.16470847451667733,0.9238447991356824,0.49142966624693135
2685924.694,1251284.105,892,122,Schwamendingen-Mitte,12,Kreis 12,11383.0,2266.0,533.0,0.1990687867873144,0.04682421154352982,5693,2527,0.44387844721587916,11780.0,14020.0,0.19015280135823429,313.02210421158316,1,234.64650575068245,6,0.39650709576885174,0.10073340095067777,0.8802672468931731,0.49142966624693135
2686124.694,1251284.105,893,122,Schwamendingen-Mitte,12,Kreis 12,11383.0,2266.0,533.0,0.1990687867873144,0.04682421154352982,5693,2527,0.44387844721587916,11780.0,14020.0,0.19015280135823429,122.85779472634373,1,151.5837809957331,5,0.39650709576885174,0.03920738447541359,0.9237889798654236,0.49142966624693135
2685524.694,1251284.105,894,122,Schwamendingen-Mitte,12,Kreis 12,11383.0,2266.0,533.0,0.1990687867873144,0.04682421154352982,5693,2527,0.44387844721587916,11780.0,14020.0,0.19015280135823429,709.7608313545492,1,107.08761207994066,6,0.39650709576885174,0.2290947823720856,0.9471032930853964,0.49142966624693135
2685524.694,1251484.105,895,122,Schwamendingen-Mitte,12,Kreis 12,11383.0,2266.0,533.0,0.1990687867873144,0.04682421154352982,5693,2527,0.44387844721587916,11780.0,14020.0,0.19015280135823429,753.4932234102182,1,139.6773305192235,5,0.39650709576885174,0.24324401932092882,0.9300275105639377,0.49142966624693135
2686124.694,1251484.105,896,122,Schwamendingen-Mitte,12,Kreis 12,11383.0,2266.0,533.0,0.1990687867873144,0.04682421154352982,5693,2527,0.44387844721587916,11780.0,14020.0,0.19015280135823429,281.2216878639351,1,34.58963227621962,4,0.39650709576885174,0.09044465147175663,0.985089498418218,0.49142966624693135
2685324.694,1251484.105,897,122,Schwamendingen-Mitte,12,Kreis 12,11383.0,2266.0,533.0,0.1990687867873144,0.04682421154352982,5693,2527,0.44387844721587916,11780.0,14020.0,0.19015280135823429,866.1565243792971,2,281.3011031991334,7,0.39650709576885174,0.2796952552565513,0.8558219985814949,0.49142966624693135
2685924.694,1251484.105,898,122,Schwamendingen-Mitte,12,Kreis 12,11383.0,2266.0,533.0,0.1990687867873144,0.04682421154352982,5693,2527,0.44387844721587916,11780.0,14020.0,0.19015280135823429,402.46047970585556,1,192.1427663508321,5,0.39650709576885174,0.1296704132590184,0.9025376022413727,0.49142966624693135
2685724.694,1251484.105,899,122,Schwamendingen-Mitte,12,Kreis 12,11383.0,2266.0,533.0,0.1990687867873144,0.04682421154352982,5693,2527,0.44387844721587916,11780.0,14020.0,0.19015280135823429,569.9677514781816,1,176.0322602849547,5,0.39650709576885174,0.1838659412773327,0.9109788994070446,0.49142966624693135
2686524.694,1249684.105,900,123,Hirzenbach,12,Kreis 12,12597.0,2569.0,613.0,0.20393744542351352,0.048662379931729775,5705,2361,0.4138475021910605,13070.0,16430.0,0.2570772762050497,1567.6044264178402,0,847.7476656770593,0,0.3539379638964317,0.5066426529790076,0.5590253776189186,0.6977788665828333
2686324.694,1249684.105,901,123,Hirzenbach,12,Kreis 12,12597.0,2569.0,613.0,0.20393744542351352,0.048662379931729775,5705,2361,0.4138475021910605,13070.0,16430.0,0.2570772762050497,1542.8131571012843,0,938.2977345496832,0,0.3539379638964317,0.4986216523583232,0.5115805589024652,0.6977788665828333
2686724.694,1249884.105,902,123,Hirzenbach,12,Kreis 12,12597.0,2569.0,613.0,0.20393744542351352,0.048662379931729775,5705,2361,0.4138475021910605,13070.0,16430.0,0.2570772762050497,1427.7557346145732,0,574.2784208560768,0,0.3539379638964317,0.46139581912662364,0.7023129411359416,0.6977788665828333
2686324.694,1249884.105,903,122,Schwamendingen-Mitte,12,Kreis 12,11383.0,2266.0,533.0,0.1990687867873144,0.04682421154352982,5693,2527,0.44387844721587916,11780.0,14020.0,0.19015280135823429,1343.228959531789,0,759.0186075854376,0,0.39650709576885174,0.43404791262186493,0.605516055411339,0.49142966624693135
2686924.694,1249884.105,904,123,Hirzenbach,12,Kreis 12,12597.0,2569.0,613.0,0.20393744542351352,0.048662379931729775,5705,2361,0.4138475021910605,13070.0,16430.0,0.2570772762050497,1508.5084148670742,0,515.43506347648,0,0.3539379638964317,0.48752264991356875,0.7331446396459633,0.6977788665828333
2686524.694,1249884.105,905,123,Hirzenbach,12,Kreis 12,12597.0,2569.0,613.0,0.20393744542351352,0.048662379931729775,5705,2361,0.4138475021910605,13070.0,16430.0,0.2570772762050497,1371.632325998781,0,688.4171007905713,0,0.3539379638964317,0.44323757601312685,0.6425085804606887,0.6977788665828333
2686324.694,1250084.105,906,123,Hirzenbach,12,Kreis 12,12597.0,2569.0,613.0,0.20393744542351352,0.048662379931729775,5705,2361,0.4138475021910605,13070.0,16430.0,0.2570772762050497,1143.7900321846107,0,585.6203946763885,0,0.3539379638964317,0.36952117380853383,0.6963701749018438,0.6977788665828333
2687124.694,1250084.105,907,123,Hirzenbach,12,Kreis 12,12597.0,2569.0,613.0,0.20393744542351352,0.048662379931729775,5705,2361,0.4138475021910605,13070.0,16430.0,0.2570772762050497,1447.9987699320625,0,283.4610073024827,3,0.3539379638964317,0.4679452780015545,0.8546902903464356,0.6977788665828333
2686524.694,1250084.105,908,123,Hirzenbach,12,Kreis 12,12597.0,2569.0,613.0,0.20393744542351352,0.048662379931729775,5705,2361,0.4138475021910605,13070.0,16430.0,0.2570772762050497,1177.0160736900946,0,500.42866290909313,0,0.3539379638964317,0.38027117196858756,0.7410074271995286,0.6977788665828333
2686924.694,1250084.105,909,123,Hirzenbach,12,Kreis 12,12597.0,2569.0,613.0,0.20393744542351352,0.048662379931729775,5705,2361,0.4138475021910605,13070.0,16430.0,0.2570772762050497,1334.012457859668,0,317.67169320069337,3,0.3539379638964317,0.43106599327402206,0.836765182052047,0.6977788665828333
2685524.694,1249684.105,910,122,Schwamendingen-Mitte,12,Kreis 12,11383.0,2266.0,533.0,0.1990687867873144,0.04682421154352982,5693,2527,0.44387844721587916,11780.0,14020.0,0.19015280135823429,1694.646758981039,0,961.2971645962831,0,0.39650709576885174,0.5477461001374033,0.4995297255598903,0.49142966624693135
2686124.694,1249684.105,911,122,Schwamendingen-Mitte,12,Kreis 12,11383.0,2266.0,533.0,0.1990687867873144,0.04682421154352982,5693,2527,0.44387844721587916,11780.0,14020.0,0.19015280135823429,1543.7490850928007,0,878.2511250553649,0,0.39650709576885174,0.49892446375958754,0.5430427161096908,0.49142966624693135
2685924.694,1249684.105,912,122,Schwamendingen-Mitte,12,Kreis 12,11383.0,2266.0,533.0,0.1990687867873144,0.04682421154352982,5693,2527,0.44387844721587916,11780.0,14020.0,0.19015280135823429,1570.3662113420826,0,861.5378335633094,0,0.39650709576885174,0.5075362045881925,0.5517998500894702,0.49142966624693135
2686124.694,1249884.105,913,122,Schwamendingen-Mitte,12,Kreis 12,11383.0,2266.0,533.0,0.1990687867873144,0.04682421154352982,5693,2527,0.44387844721587916,11780.0,14020.0,0.19015280135823429,1344.3038487354263,0,846.9846295305405,0,0.39650709576885174,0.4343956837206115,0.5594251797625991,0.49142966624693135
2685924.694,1249884.105,914,122,Schwamendingen-Mitte,12,Kreis 12,11383.0,2266.0,533.0,0.1990687867873144,0.04682421154352982,5693,2527,0.44387844721587916,11780.0,14020.0,0.19015280135823429,1374.787851897487,0,907.2515432122082,0,0.39650709576885174,0.4442585191067991,0.5278475914755145,0.49142966624693135
2685524.694,1249884.105,915,122,Schwamendingen-Mitte,12,Kreis 12,11383.0,2266.0,533.0,0.1990687867873144,0.04682421154352982,5693,2527,0.44387844721587916,11780.0,14020.0,0.19015280135823429,1515.1961053688597,0,1055.186029409473,0,0.39650709576885174,0.4896863942939319,0.4503355037772261,0.49142966624693135
2685724.694,1249884.105,916,122,Schwamendingen-Mitte,12,Kreis 12,11383.0,2266.0,533.0,0.1990687867873144,0.04682421154352982,5693,2527,0.44387844721587916,11780.0,14020.0,0.19015280135823429,1432.8050941160607,0,996.4412459653516,0,0.39650709576885174,0.4630294956914796,0.48111555326525324,0.49142966624693135
2685524.694,1250084.105,917,122,Schwamendingen-Mitte,12,Kreis 12,11383.0,2266.0,533.0,0.1990687867873144,0.04682421154352982,5693,2527,0.44387844721587916,11780.0,14020.0,0.19015280135823429,1341.570288030031,0,873.5328022810141,0,0.39650709576885174,0.43351126381315597,0.5455149391732612,0.49142966624693135
2685924.694,1250084.105,918,123,Hirzenbach,12,Kreis 12,12597.0,2569.0,613.0,0.20393744542351352,0.048662379931729775,5705,2361,0.4138475021910605,13070.0,16430.0,0.2570772762050497,1180.6918470646465,0,728.5240988882425,0,0.3539379638964317,0.38146043663036455,0.621494027101465,0.6977788665828333
2686124.694,1250084.105,919,123,Hirzenbach,12,Kreis 12,12597.0,2569.0,613.0,0.20393744542351352,0.048662379931729775,5705,2361,0.4138475021910605,13070.0,16430.0,0.2570772762050497,1145.0521550239098,0,651.9393857261421,0,0.3539379638964317,0.3699295227296049,0.6616215264801646,0.6977788665828333
2686724.694,1250084.105,920,123,Hirzenbach,12,Kreis 12,12597.0,2569.0,613.0,0.20393744542351352,0.048662379931729775,5705,2361,0.4138475021910605,13070.0,16430.0,0.2570772762050497,1241.9653931268856,0,406.2483288100294,2,0.3539379638964317,0.40128496214058285,0.7903543678878975,0.6977788665828333
2686724.694,1250284.105,921,123,Hirzenbach,12,Kreis 12,12597.0,2569.0,613.0,0.20393744542351352,0.048662379931729775,5705,2361,0.4138475021910605,13070.0,16430.0,0.2570772762050497,1061.3527395380102,0,283.33673369497,2,0.3539379638964317,0.34284930126167923,0.8547554050266682,0.6977788665828333
2686324.694,1250284.105,922,123,Hirzenbach,12,Kreis 12,12597.0,2569.0,613.0,0.20393744542351352,0.048662379931729775,5705,2361,0.4138475021910605,13070.0,16430.0,0.2570772762050497,944.5883959296202,1,432.3708624098363,2,0.3539379638964317,0.3050712084743424,0.7766671461498255,0.6977788665828333
2686524.694,1250284.105,923,123,Hirzenbach,12,Kreis 12,12597.0,2569.0,613.0,0.20393744542351352,0.048662379931729775,5705,2361,0.4138475021910605,13070.0,16430.0,0.2570772762050497,984.5600224084188,1,311.8827450516866,3,0.3539379638964317,0.31800368226994996,0.8397983724063793,0.6977788665828333
2686924.694,1250284.105,924,123,Hirzenbach,12,Kreis 12,12597.0,2569.0,613.0,0.20393744542351352,0.048662379931729775,5705,2361,0.4138475021910605,13070.0,16430.0,0.2570772762050497,1167.7246412253244,0,127.11138682662538,4,0.3539379638964317,0.37726500941130375,0.936611590818312,0.6977788665828333
2686724.694,1250484.105,925,123,Hirzenbach,12,Kreis 12,12597.0,2569.0,613.0,0.20393744542351352,0.048662379931729775,5705,2361,0.4138475021910605,13070.0,16430.0,0.2570772762050497,889.0788703623878,1,107.65893674480309,3,0.3539379638964317,0.28711158190809266,0.9468039405228846,0.6977788665828333
2686324.694,1250484.105,926,123,Hirzenbach,12,Kreis 12,12597.0,2569.0,613.0,0.20393744542351352,0.048662379931729775,5705,2361,0.4138475021910605,13070.0,16430.0,0.2570772762050497,745.814211265053,1,233.63767389061672,2,0.3539379638964317,0.24075954140266909,0.8807958367143861,0.6977788665828333
2686924.694,1250484.105,927,123,Hirzenbach,12,Kreis 12,12597.0,2569.0,613.0,0.20393744542351352,0.048662379931729775,5705,2361,0.4138475021910605,13070.0,16430.0,0.2570772762050497,1013.6924769005799,0,106.76752624735923,3,0.3539379638964317,0.32742923578155,0.9472710059815831,0.6977788665828333
2686524.694,1250484.105,928,123,Hirzenbach,12,Kreis 12,12597.0,2569.0,613.0,0.20393744542351352,0.048662379931729775,5705,2361,0.4138475021910605,13070.0,16430.0,0.2570772762050497,795.8329207345511,1,155.28311775903995,3,0.3539379638964317,0.2569426619431229,0.9218506670149597,0.6977788665828333
2687124.694,1250484.105,929,123,Hirzenbach,12,Kreis 12,12597.0,2569.0,613.0,0.20393744542351352,0.048662379931729775,5705,2361,0.4138475021910605,13070.0,16430.0,0.2570772762050497,1159.6049489911666,0,165.157211955864,5,0.3539379638964317,0.37463795326430555,0.9166770143055786,0.6977788665828333
2685724.694,1250084.105,930,122,Schwamendingen-Mitte,12,Kreis 12,11383.0,2266.0,533.0,0.1990687867873144,0.04682421154352982,5693,2527,0.44387844721587916,11780.0,14020.0,0.19015280135823429,1247.7668202532689,0,801.5841544472888,0,0.39650709576885174,0.4031619636763816,0.5832133152856738,0.49142966624693135
2686124.694,1250284.105,931,123,Hirzenbach,12,Kreis 12,12597.0,2569.0,613.0,0.20393744542351352,0.048662379931729775,5705,2361,0.4138475021910605,13070.0,16430.0,0.2570772762050497,946.1162918610586,1,461.15828373886114,1,0.3539379638964317,0.3055655459791278,0.7615836238148946,0.6977788665828333
2685724.694,1250284.105,932,122,Schwamendingen-Mitte,12,Kreis 12,11383.0,2266.0,533.0,0.1990687867873144,0.04682421154352982,5693,2527,0.44387844721587916,11780.0,14020.0,0.19015280135823429,1068.1355895788574,0,610.0648790587502,0,0.39650709576885174,0.3450438336873067,0.683562187623891,0.49142966624693135
2685524.694,1250284.105,933,122,Schwamendingen-Mitte,12,Kreis 12,11383.0,2266.0,533.0,0.1990687867873144,0.04682421154352982,5693,2527,0.44387844721587916,11780.0,14020.0,0.19015280135823429,1176.3513241056007,0,701.9270308663956,0,0.39650709576885174,0.3800560979938853,0.6354298869676877,0.49142966624693135
2685924.694,1250284.105,934,123,Hirzenbach,12,Kreis 12,12597.0,2569.0,613.0,0.20393744542351352,0.048662379931729775,5705,2361,0.4138475021910605,13070.0,16430.0,0.2570772762050497,988.951382892479,1,564.2600133457255,0,0.3539379638964317,0.3194244689476524,0.7075622085752055,0.6977788665828333
2685524.694,1250484.105,935,122,Schwamendingen-Mitte,12,Kreis 12,11383.0,2266.0,533.0,0.1990687867873144,0.04682421154352982,5693,2527,0.44387844721587916,11780.0,14020.0,0.19015280135823429,1023.6181112724709,0,516.2477686741811,0,0.39650709576885174,0.33064058887690995,0.7327188127939805,0.49142966624693135
2685724.694,1250484.105,936,123,Hirzenbach,12,Kreis 12,12597.0,2569.0,613.0,0.20393744542351352,0.048662379931729775,5705,2361,0.4138475021910605,13070.0,16430.0,0.2570772762050497,897.1651117408621,1,426.4049210093148,1,0.3539379638964317,0.28972781532024927,0.7797930742882004,0.6977788665828333
2685924.694,1250484.105,937,123,Hirzenbach,12,Kreis 12,12597.0,2569.0,613.0,0.20393744542351352,0.048662379931729775,5705,2361,0.4138475021910605,13070.0,16430.0,0.2570772762050497,801.2592824579112,1,375.8972687597153,2,0.3539379638964317,0.2586983143139381,0.8062571779008305,0.6977788665828333
2685324.694,1250484.105,938,122,Schwamendingen-Mitte,12,Kreis 12,11383.0,2266.0,533.0,0.1990687867873144,0.04682421154352982,5693,2527,0.44387844721587916,11780.0,14020.0,0.19015280135823429,1170.7616485540716,0,476.900575236618,1,0.39650709576885174,0.3782476068474357,0.7533352571864464,0.49142966624693135
2686124.694,1250484.105,939,123,Hirzenbach,12,Kreis 12,12597.0,2569.0,613.0,0.20393744542351352,0.048662379931729775,5705,2361,0.4138475021910605,13070.0,16430.0,0.2570772762050497,747.7483786173929,1,283.3883601366939,2,0.3539379638964317,0.24138532450943664,0.8547283547195943,0.6977788665828333
2687124.694,1250284.105,940,123,Hirzenbach,12,Kreis 12,12597.0,2569.0,613.0,0.20393744542351352,0.048662379931729775,5705,2361,0.4138475021910605,13070.0,16430.0,0.2570772762050497,1296.415071543364,0,178.98297310370515,3,0.3539379638964317,0.41890168433410846,0.9094328372503513,0.6977788665828333
2687324.694,1250284.105,941,123,Hirzenbach,12,Kreis 12,12597.0,2569.0,613.0,0.20393744542351352,0.048662379931729775,5705,2361,0.4138475021910605,13070.0,16430.0,0.2570772762050497,1441.4587187029529,0,65.82945131917496,3,0.3539379638964317,0.46582930103005815,0.9687210122350349,0.6977788665828333
2687524.694,1250284.105,942,123,Hirzenbach,12,Kreis 12,12597.0,2569.0,613.0,0.20393744542351352,0.048662379931729775,5705,2361,0.4138475021910605,13070.0,16430.0,0.2570772762050497,1598.409971729635,0,147.685871568804,2,0.3539379638964317,0.516609520544817,0.9258313372974644,0.6977788665828333
2687324.694,1250484.105,943,123,Hirzenbach,12,Kreis 12,12597.0,2569.0,613.0,0.20393744542351352,0.048662379931729775,5705,2361,0.4138475021910605,13070.0,16430.0,0.2570772762050497,1319.7707519583766,0,240.78105544451824,3,0.3539379638964317,0.4264582125906192,0.877052974372403,0.6977788665828333
2687524.694,1250484.105,944,123,Hirzenbach,12,Kreis 12,12597.0,2569.0,613.0,0.20393744542351352,0.048662379931729775,5705,2361,0.4138475021910605,13070.0,16430.0,0.2570772762050497,1489.599287635689,0,274.68730706210255,2,0.3539379638964317,0.4814047654550165,0.8592873781516686,0.6977788665828333
2687324.694,1250684.105,945,123,Hirzenbach,12,Kreis 12,12597.0,2569.0,613.0,0.20393744542351352,0.048662379931729775,5705,2361,0.4138475021910605,13070.0,16430.0,0.2570772762050497,1218.9283972919816,0,398.26813412711857,4,0.3539379638964317,0.39383154152177363,0.7945356887280319,0.6977788665828333
2687324.694,1250884.105,946,123,Hirzenbach,12,Kreis 12,12597.0,2569.0,613.0,0.20393744542351352,0.048662379931729775,5705,2361,0.4138475021910605,13070.0,16430.0,0.2570772762050497,1144.455345448139,0,329.63541475558884,2,0.3539379638964317,0.36973643015670904,0.8304966434698776,0.6977788665828333
2687324.694,1251084.105,947,123,Hirzenbach,12,Kreis 12,12597.0,2569.0,613.0,0.20393744542351352,0.048662379931729775,5705,2361,0.4138475021910605,13070.0,16430.0,0.2570772762050497,1101.712139229136,0,353.90816416281575,2,0.3539379638964317,0.35590723572398547,0.8177786388375924,0.6977788665828333
2687324.694,1251284.105,948,123,Hirzenbach,12,Kreis 12,12597.0,2569.0,613.0,0.20393744542351352,0.048662379931729775,5705,2361,0.4138475021910605,13070.0,16430.0,0.2570772762050497,1094.4227874660046,0,350.56096283112737,2,0.3539379638964317,0.35354882904984963,0.8195324460115307,0.6977788665828333
2687524.694,1251284.105,949,123,Hirzenbach,12,Kreis 12,12597.0,2569.0,613.0,0.20393744542351352,0.048662379931729775,5705,2361,0.4138475021910605,13070.0,16430.0,0.2570772762050497,1294.168628009825,0,545.8668231914637,0,0.3539379638964317,0.4181748669716422,0.7171995460543605,0.6977788665828333
2686524.694,1250684.105,950,123,Hirzenbach,12,Kreis 12,12597.0,2569.0,613.0,0.20393744542351352,0.048662379931729775,5705,2361,0.4138475021910605,13070.0,16430.0,0.2570772762050497,614.2813994619294,1,175.93989502372798,2,0.3539379638964317,0.1982032385509767,0.9110272953180489,0.6977788665828333
2686724.694,1250684.105,951,123,Hirzenbach,12,Kreis 12,12597.0,2569.0,613.0,0.20393744542351352,0.048662379931729775,5705,2361,0.4138475021910605,13070.0,16430.0,0.2570772762050497,731.0628138025347,1,135.7661469623929,4,0.3539379638964317,0.2359868544259758,0.9320768231390792,0.6977788665828333
2686924.694,1250684.105,952,123,Hirzenbach,12,Kreis 12,12597.0,2569.0,613.0,0.20393744542351352,0.048662379931729775,5705,2361,0.4138475021910605,13070.0,16430.0,0.2570772762050497,878.3871798500094,1,235.92860500793296,3,0.3539379638964317,0.28365237797863985,0.8795954752689867,0.6977788665828333
2687124.694,1250684.105,953,123,Hirzenbach,12,Kreis 12,12597.0,2569.0,613.0,0.20393744542351352,0.048662379931729775,5705,2361,0.4138475021910605,13070.0,16430.0,0.2570772762050497,1043.39601193642,0,259.1136944683605,3,0.3539379638964317,0.33703955746039554,0.8674473634003794,0.6977788665828333
2686324.694,1250684.105,954,123,Hirzenbach,12,Kreis 12,12597.0,2569.0,613.0,0.20393744542351352,0.048662379931729775,5705,2361,0.4138475021910605,13070.0,16430.0,0.2570772762050497,547.932877025036,1,47.20765468661544,3,0.3539379638964317,0.17673674835830153,0.9784781308811762,0.6977788665828333
2686724.694,1250884.105,955,123,Hirzenbach,12,Kreis 12,12597.0,2569.0,613.0,0.20393744542351352,0.048662379931729775,5705,2361,0.4138475021910605,13070.0,16430.0,0.2570772762050497,598.7022947382945,1,272.44578664557866,5,0.3539379638964317,0.19316275405369715,0.8604618502546197,0.6977788665828333
2687124.694,1250884.105,956,123,Hirzenbach,12,Kreis 12,12597.0,2569.0,613.0,0.20393744542351352,0.048662379931729775,5705,2361,0.4138475021910605,13070.0,16430.0,0.2570772762050497,955.3359815922596,1,131.0797721276454,2,0.3539379638964317,0.3085484967958936,0.9345323066880173,0.6977788665828333
2686124.694,1250884.105,957,123,Hirzenbach,12,Kreis 12,12597.0,2569.0,613.0,0.20393744542351352,0.048662379931729775,5705,2361,0.4138475021910605,13070.0,16430.0,0.2570772762050497,356.52606878737515,1,200.15083477480775,4,0.3539379638964317,0.1148087321654305,0.8983416766128793,0.6977788665828333
2686324.694,1250884.105,958,123,Hirzenbach,12,Kreis 12,12597.0,2569.0,613.0,0.20393744542351352,0.048662379931729775,5705,2361,0.4138475021910605,13070.0,16430.0,0.2570772762050497,352.4514686094432,1,172.83102343330398,6,0.3539379638964317,0.11349043054323775,0.912656226702164,0.6977788665828333
2686524.694,1250884.105,959,123,Hirzenbach,12,Kreis 12,12597.0,2569.0,613.0,0.20393744542351352,0.048662379931729775,5705,2361,0.4138475021910605,13070.0,16430.0,0.2570772762050497,448.7017246734478,1,290.08302718541967,5,0.3539379638964317,0.14463136785356936,0.8512206018437726,0.6977788665828333
2686124.694,1250684.105,960,123,Hirzenbach,12,Kreis 12,12597.0,2569.0,613.0,0.20393744542351352,0.048662379931729775,5705,2361,0.4138475021910605,13070.0,16430.0,0.2570772762050497,550.5626555851387,1,167.18541401975557,3,0.3539379638964317,0.17758759045087483,0.915614312968741,0.6977788665828333
2685924.694,1250684.105,961,123,Hirzenbach,12,Kreis 12,12597.0,2569.0,613.0,0.20393744542351352,0.048662379931729775,5705,2361,0.4138475021910605,13070.0,16430.0,0.2570772762050497,621.2954512347462,1,175.89984838255603,3,0.3539379638964317,0.20047257429594825,0.9110482782466569,0.6977788665828333
2685524.694,1250684.105,962,122,Schwamendingen-Mitte,12,Kreis 12,11383.0,2266.0,533.0,0.1990687867873144,0.04682421154352982,5693,2527,0.44387844721587916,11780.0,14020.0,0.19015280135823429,889.8233744541894,1,340.2260405393205,3,0.39650709576885174,0.2873524597633647,0.8249475552509634,0.49142966624693135
2685724.694,1250684.105,963,122,Schwamendingen-Mitte,12,Kreis 12,11383.0,2266.0,533.0,0.1990687867873144,0.04682421154352982,5693,2527,0.44387844721587916,11780.0,14020.0,0.19015280135823429,740.875723536015,1,267.32593712723155,4,0.39650709576885174,0.2391617364402018,0.8631444581783663,0.49142966624693135
2685724.694,1250884.105,964,122,Schwamendingen-Mitte,12,Kreis 12,11383.0,2266.0,533.0,0.1990687867873144,0.04682421154352982,5693,2527,0.44387844721587916,11780.0,14020.0,0.19015280135823429,610.6459184544132,1,202.74406689455824,5,0.39650709576885174,0.19702701013582652,0.8969829208510883,0.49142966624693135
2685924.694,1250884.105,965,123,Hirzenbach,12,Kreis 12,12597.0,2569.0,613.0,0.20393744542351352,0.048662379931729775,5705,2361,0.4138475021910605,13070.0,16430.0,0.2570772762050497,458.25717422099024,1,24.140353373526903,5,0.3539379638964317,0.1477229508529349,0.9905645262059197,0.6977788665828333
2685524.694,1250884.105,966,122,Schwamendingen-Mitte,12,Kreis 12,11383.0,2266.0,533.0,0.1990687867873144,0.04682421154352982,5693,2527,0.44387844721587916,11780.0,14020.0,0.19015280135823429,784.7147492720273,1,153.56282968544784,6,0.39650709576885174,0.2533454737934131,0.9227520330415993,0.49142966624693135
2685724.694,1251084.105,967,122,Schwamendingen-Mitte,12,Kreis 12,11383.0,2266.0,533.0,0.1990687867873144,0.04682421154352982,5693,2527,0.44387844721587916,11780.0,14020.0,0.19015280135823429,526.1939164652647,1,152.11634580464676,6,0.39650709576885174,0.16970329581835777,0.9235099360046264,0.49142966624693135
2686124.694,1251084.105,968,123,Hirzenbach,12,Kreis 12,12597.0,2569.0,613.0,0.20393744542351352,0.048662379931729775,5705,2361,0.4138475021910605,13070.0,16430.0,0.2570772762050497,176.35883228520282,1,177.01876358445682,5,0.3539379638964317,0.05651718212987616,0.9104620089088837,0.6977788665828333
2685924.694,1251084.105,969,123,Hirzenbach,12,Kreis 12,12597.0,2569.0,613.0,0.20393744542351352,0.048662379931729775,5705,2361,0.4138475021910605,13070.0,16430.0,0.2570772762050497,337.6258842639692,1,58.45496267223607,6,0.3539379638964317,0.1086937410426464,0.9725849659717543,0.6977788665828333
2686924.694,1250884.105,970,123,Hirzenbach,12,Kreis 12,12597.0,2569.0,613.0,0.20393744542351352,0.048662379931729775,5705,2361,0.4138475021910605,13070.0,16430.0,0.2570772762050497,771.7225134236223,1,75.52686052644981,4,0.3539379638964317,0.2491419483315465,0.9636399357920603,0.6977788665828333
2686324.694,1251084.105,971,123,Hirzenbach,12,Kreis 12,12597.0,2569.0,613.0,0.20393744542351352,0.048662379931729775,5705,2361,0.4138475021910605,13070.0,16430.0,0.2570772762050497,167.96915706454405,1,140.04728723193273,6,0.3539379638964317,0.05380277532427927,0.9298336672086984,0.6977788665828333
2687124.694,1251084.105,972,123,Hirzenbach,12,Kreis 12,12597.0,2569.0,613.0,0.20393744542351352,0.048662379931729775,5705,2361,0.4138475021910605,13070.0,16430.0,0.2570772762050497,903.6915611672305,1,173.70488957148234,2,0.3539379638964317,0.2918393915461913,0.912198353825594,0.6977788665828333
2686924.694,1251084.105,973,123,Hirzenbach,12,Kreis 12,12597.0,2569.0,613.0,0.20393744542351352,0.048662379931729775,5705,2361,0.4138475021910605,13070.0,16430.0,0.2570772762050497,706.786557402511,1,122.86492038408373,3,0.3539379638964317,0.2281324817770349,0.9388365789719412,0.6977788665828333
2686524.694,1251084.105,974,123,Hirzenbach,12,Kreis 12,12597.0,2569.0,613.0,0.20393744542351352,0.048662379931729775,5705,2361,0.4138475021910605,13070.0,16430.0,0.2570772762050497,324.5378833432958,1,231.58988894377595,4,0.3539379638964317,0.1044592316204873,0.8818687987428282,0.6977788665828333
2686724.694,1251084.105,975,123,Hirzenbach,12,Kreis 12,12597.0,2569.0,613.0,0.20393744542351352,0.048662379931729775,5705,2361,0.4138475021910605,13070.0,16430.0,0.2570772762050497,512.285113706147,1,259.0588285718982,4,0.3539379638964317,0.16520322306535207,0.8674761110594787,0.6977788665828333
2686524.694,1251284.105,976,123,Hirzenbach,12,Kreis 12,12597.0,2569.0,613.0,0.20393744542351352,0.048662379931729775,5705,2361,0.4138475021910605,13070.0,16430.0,0.2570772762050497,298.8585580587693,1,69.8274778363291,4,0.3539379638964317,0.09615090817742775,0.9666261972261498,0.6977788665828333
2686924.694,1251284.105,977,123,Hirzenbach,12,Kreis 12,12597.0,2569.0,613.0,0.20393744542351352,0.048662379931729775,5705,2361,0.4138475021910605,13070.0,16430.0,0.2570772762050497,695.3695691680166,1,112.86181223505045,3,0.3539379638964317,0.2244386140469921,0.9440778301232746,0.6977788665828333
2686324.694,1251284.105,978,122,Schwamendingen-Mitte,12,Kreis 12,11383.0,2266.0,533.0,0.1990687867873144,0.04682421154352982,5693,2527,0.44387844721587916,11780.0,14020.0,0.19015280135823429,110.47731769460006,1,106.09072844040621,3,0.39650709576885174,0.03520178828394836,0.9476256224899785,0.49142966624693135
2686724.694,1251284.105,979,123,Hirzenbach,12,Kreis 12,12597.0,2569.0,613.0,0.20393744542351352,0.048662379931729775,5705,2361,0.4138475021910605,13070.0,16430.0,0.2570772762050497,496.41478395082066,1,135.475003823719,4,0.3539379638964317,0.16006851522960083,0.9322293711559599,0.6977788665828333
2687124.694,1251284.105,980,123,Hirzenbach,12,Kreis 12,12597.0,2569.0,613.0,0.20393744542351352,0.048662379931729775,5705,2361,0.4138475021910605,13070.0,16430.0,0.2570772762050497,894.7904993488064,1,166.77946114864812,2,0.3539379638964317,0.2889595300329024,0.9158270169524807,0.6977788665828333
2686524.694,1251484.105,981,122,Schwamendingen-Mitte,12,Kreis 12,11383.0,2266.0,533.0,0.1990687867873144,0.04682421154352982,5693,2527,0.44387844721587916,11780.0,14020.0,0.19015280135823429,391.54570323908155,1,190.04703802210543,3,0.39650709576885174,0.1261390317998141,0.9036356847925328,0.49142966624693135
2686924.694,1251484.105,982,123,Hirzenbach,12,Kreis 12,12597.0,2569.0,613.0,0.20393744542351352,0.048662379931729775,5705,2361,0.4138475021910605,13070.0,16430.0,0.2570772762050497,739.9529969700327,1,300.6323147317539,2,0.3539379638964317,0.23886319624591157,0.8456931733011435,0.6977788665828333
2686724.694,1251484.105,983,122,Schwamendingen-Mitte,12,Kreis 12,11383.0,2266.0,533.0,0.1990687867873144,0.04682421154352982,5693,2527,0.44387844721587916,11780.0,14020.0,0.19015280135823429,557.1527956718517,1,222.70041908588593,2,0.39650709576885174,0.1797197732387332,0.8865265454584741,0.49142966624693135
2686324.694,1251484.105,984,122,Schwamendingen-Mitte,12,Kreis 12,11383.0,2266.0,533.0,0.1990687867873144,0.04682421154352982,5693,2527,0.44387844721587916,11780.0,14020.0,0.19015280135823429,276.0377469206226,1,213.24643645570666,3,0.39650709576885174,0.08876743224619109,0.8914800755620051,0.49142966624693135
2686324.694,1251684.105,985,122,Schwamendingen-Mitte,12,Kreis 12,11383.0,2266.0,533.0,0.1990687867873144,0.04682421154352982,5693,2527,0.44387844721587916,11780.0,14020.0,0.19015280135823429,469.24240827639807,1,268.91642318952984,3,0.39650709576885174,0.15127712825513623,0.8623111035068979,0.49142966624693135
2680324.694,1241684.105,986,23,Leimbach,2,Kreis 2,6316.0,1282.0,306.0,0.20297656744775175,0.04844838505383154,2662,956,0.35912847483095417,6510.0,7860.0,0.2073732718894009,2161.3066188881467,0,1018.9867696200687,0,0.2586375993647369,0.6987298589021772,0.4693025497415314,0.544525791866859
2680524.694,1241684.105,987,23,Leimbach,2,Kreis 2,6316.0,1282.0,306.0,0.20297656744775175,0.04844838505383154,2662,956,0.35912847483095417,6510.0,7860.0,0.2073732718894009,2045.951197084091,0,825.7188605456439,0,0.2586375993647369,0.6614076105705139,0.5705676401374628,0.544525791866859
2680724.694,1241684.105,988,23,Leimbach,2,Kreis 2,6316.0,1282.0,306.0,0.20297656744775175,0.04844838505383154,2662,956,0.35912847483095417,6510.0,7860.0,0.2073732718894009,1944.3729839847954,0,636.6233082921566,0,0.2586375993647369,0.6285428588745062,0.6696465730245775,0.544525791866859
2680924.694,1241884.105,989,23,Leimbach,2,Kreis 2,6316.0,1282.0,306.0,0.20297656744775175,0.04844838505383154,2662,956,0.35912847483095417,6510.0,7860.0,0.2073732718894009,1675.9028315657197,0,392.94889828182033,1,0.2586375993647369,0.5416816646495465,0.7973227675622319,0.544525791866859
2680724.694,1241884.105,990,23,Leimbach,2,Kreis 2,6316.0,1282.0,306.0,0.20297656744775175,0.04844838505383154,2662,956,0.35912847483095417,6510.0,7860.0,0.2073732718894009,1770.3051434286365,0,592.3944941175963,0,0.2586375993647369,0.5722247156074428,0.6928208024501515,0.544525791866859
2680324.694,1241884.105,991,23,Leimbach,2,Kreis 2,6316.0,1282.0,306.0,0.20297656744775175,0.04844838505383154,2662,956,0.35912847483095417,6510.0,7860.0,0.2073732718894009,2006.1506176879298,0,991.9556626486566,0,0.2586375993647369,0.6485304775780932,0.4834658296366331,0.544525791866859
2680524.694,1241884.105,992,23,Leimbach,2,Kreis 2,6316.0,1282.0,306.0,0.20297656744775175,0.04844838505383154,2662,956,0.35912847483095417,6510.0,7860.0,0.2073732718894009,1881.3054778131523,0,792.1197110669505,0,0.2586375993647369,0.6081379130974884,0.588172326427498,0.544525791866859
2680524.694,1242084.105,993,23,Leimbach,2,Kreis 2,6316.0,1282.0,306.0,0.20297656744775175,0.04844838505383154,2662,956,0.35912847483095417,6510.0,7860.0,0.2073732718894009,1724.153212695937,0,775.0429992334858,0,0.2586375993647369,0.557292657860583,0.597119878950639,0.544525791866859
2680324.694,1242084.105,994,23,Leimbach,2,Kreis 2,6316.0,1282.0,306.0,0.20297656744775175,0.04844838505383154,2662,956,0.35912847483095417,6510.0,7860.0,0.2073732718894009,1859.57906550101,0,951.8477035013445,0,0.2586375993647369,0.6011085204344608,0.5044808865495986,0.544525791866859
2680724.694,1242084.105,995,23,Leimbach,2,Kreis 2,6316.0,1282.0,306.0,0.20297656744775175,0.04844838505383154,2662,956,0.35912847483095417,6510.0,7860.0,0.2073732718894009,1602.3028118460734,0,612.6738534170449,0,0.2586375993647369,0.5178690152722341,0.6821951835232172,0.544525791866859
2680924.694,1241684.105,996,23,Leimbach,2,Kreis 2,6316.0,1282.0,306.0,0.20297656744775175,0.04844838505383154,2662,956,0.35912847483095417,6510.0,7860.0,0.2073732718894009,1858.8319721938421,0,456.91009691284324,1,0.2586375993647369,0.6008668048609666,0.7638095133845378,0.544525791866859
2681124.694,1241884.105,997,23,Leimbach,2,Kreis 2,6316.0,1282.0,306.0,0.20297656744775175,0.04844838505383154,2662,956,0.35912847483095417,6510.0,7860.0,0.2073732718894009,1601.0372577957419,0,194.64438512566971,2,0.2586375993647369,0.5174595562125304,0.901226848414815,0.544525791866859
2681324.694,1242084.105,998,23,Leimbach,2,Kreis 2,6316.0,1282.0,306.0,0.20297656744775175,0.04844838505383154,2662,956,0.35912847483095417,6510.0,7860.0,0.2073732718894009,1353.2864814407067,0,164.33513519937304,3,0.2586375993647369,0.4373019367883525,0.9171077515006831,0.544525791866859
2680924.694,1242084.105,999,23,Leimbach,2,Kreis 2,6316.0,1282.0,306.0,0.20297656744775175,0.04844838505383154,2662,956,0.35912847483095417,6510.0,7860.0,0.2073732718894009,1497.3457519390586,0,424.3239760617928,3,0.2586375993647369,0.4839110669352696,0.7808834109055363,0.544525791866859
2681124.694,1242084.105,1000,23,Leimbach,2,Kreis 2,6316.0,1282.0,306.0,0.20297656744775175,0.04844838505383154,2662,956,0.35912847483095417,6510.0,7860.0,0.2073732718894009,1413.0514147935512,0,252.04848077491476,3,0.2586375993647369,0.45663836371338284,0.87114926873355,0.544525791866859
2681124.694,1242284.105,1001,23,Leimbach,2,Kreis 2,6316.0,1282.0,306.0,0.20297656744775175,0.04844838505383154,2662,956,0.35912847483095417,6510.0,7860.0,0.2073732718894009,1228.8646389452356,0,210.6334509544733,3,0.2586375993647369,0.39704632651121335,0.8928491813501976,0.544525791866859
2680924.694,1242284.105,1002,23,Leimbach,2,Kreis 2,6316.0,1282.0,306.0,0.20297656744775175,0.04844838505383154,2662,956,0.35912847483095417,6510.0,7860.0,0.2073732718894009,1324.9295456173859,0,331.1930715774967,2,0.2586375993647369,0.4281272956299964,0.8296804900813934,0.544525791866859
2680924.694,1242484.105,1003,23,Leimbach,2,Kreis 2,6316.0,1282.0,306.0,0.20297656744775175,0.04844838505383154,2662,956,0.35912847483095417,6510.0,7860.0,0.2073732718894009,1161.3923974479255,0,263.3075210869021,2,0.2586375993647369,0.37521626674224956,0.8652499565278917,0.544525791866859
2681124.694,1242484.105,1004,23,Leimbach,2,Kreis 2,6316.0,1282.0,306.0,0.20297656744775175,0.04844838505383154,2662,956,0.35912847483095417,6510.0,7860.0,0.2073732718894009,1050.4771776911443,0,63.31232629577793,3,0.2586375993647369,0.3393306073533464,0.9700398907506297,0.544525791866859
2681124.694,1242684.105,1005,23,Leimbach,2,Kreis 2,6316.0,1282.0,306.0,0.20297656744775175,0.04844838505383154,2662,956,0.35912847483095417,6510.0,7860.0,0.2073732718894009,881.4172115689029,1,208.9269026740587,3,0.2586375993647369,0.28463271851657707,0.8937433482437539,0.544525791866859
2680724.694,1242284.105,1006,23,Leimbach,2,Kreis 2,6316.0,1282.0,306.0,0.20297656744775175,0.04844838505383154,2662,956,0.35912847483095417,6510.0,7860.0,0.2073732718894009,1442.4868459884758,0,504.98638660946415,0,0.2586375993647369,0.46616194271491995,0.7386193519896912,0.544525791866859
2680524.694,1242284.105,1007,23,Leimbach,2,Kreis 2,6316.0,1282.0,306.0,0.20297656744775175,0.04844838505383154,2662,956,0.35912847483095417,6510.0,7860.0,0.2073732718894009,1576.736598436679,0,693.061072821746,0,0.2586375993647369,0.5095972881973982,0.6400753143805348,0.544525791866859
2680324.694,1242284.105,1008,23,Leimbach,2,Kreis 2,6316.0,1282.0,306.0,0.20297656744775175,0.04844838505383154,2662,956,0.35912847483095417,6510.0,7860.0,0.2073732718894009,1723.7831362586064,0,886.3724108188251,0,0.2586375993647369,0.5571729228322702,0.5387874688681464,0.544525791866859
2680324.694,1242484.105,1009,23,Leimbach,2,Kreis 2,6316.0,1282.0,306.0,0.20297656744775175,0.04844838505383154,2662,956,0.35912847483095417,6510.0,7860.0,0.2073732718894009,1601.5062600094654,0,863.306463928522,0,0.2586375993647369,0.5176112978195995,0.5508731545264667,0.544525791866859
2680724.694,1242484.105,1010,23,Leimbach,2,Kreis 2,6316.0,1282.0,306.0,0.20297656744775175,0.04844838505383154,2662,956,0.35912847483095417,6510.0,7860.0,0.2073732718894009,1293.8942386647097,0,463.30686446552437,1,0.2586375993647369,0.4180860906738506,0.7604578486018729,0.544525791866859
2680524.694,1242484.105,1011,23,Leimbach,2,Kreis 2,6316.0,1282.0,306.0,0.20297656744775175,0.04844838505383154,2662,956,0.35912847483095417,6510.0,7860.0,0.2073732718894009,1442.044486432238,0,663.3066038121602,0,0.2586375993647369,0.46601882110909,0.655665533203559,0.544525791866859
2680724.694,1242684.105,1012,23,Leimbach,2,Kreis 2,6316.0,1282.0,306.0,0.20297656744775175,0.04844838505383154,2662,956,0.35912847483095417,6510.0,7860.0,0.2073732718894009,1160.842926863784,0,504.2769582886653,0,0.2586375993647369,0.3750384902903797,0.7389910656558616,0.544525791866859
2680324.694,1242684.105,1013,23,Leimbach,2,Kreis 2,6316.0,1282.0,306.0,0.20297656744775175,0.04844838505383154,2662,956,0.35912847483095417,6510.0,7860.0,0.2073732718894009,1496.0669439732478,0,885.9684253181719,0,0.2586375993647369,0.48349731968592424,0.5389991420240171,0.544525791866859
2680524.694,1242684.105,1014,23,Leimbach,2,Kreis 2,6316.0,1282.0,306.0,0.20297656744775175,0.04844838505383154,2662,956,0.35912847483095417,6510.0,7860.0,0.2073732718894009,1323.966125265131,0,692.5443311881303,0,0.2586375993647369,0.42781558931335956,0.6403460674946448,0.544525791866859
2680724.694,1242884.105,1015,23,Leimbach,2,Kreis 2,6316.0,1282.0,306.0,0.20297656744775175,0.04844838505383154,2662,956,0.35912847483095417,6510.0,7860.0,0.2073732718894009,1049.261788520684,0,611.504088834131,0,0.2586375993647369,0.3389373787063515,0.6828080960175782,0.544525791866859
2681324.694,1242684.105,1016,23,Leimbach,2,Kreis 2,6316.0,1282.0,306.0,0.20297656744775175,0.04844838505383154,2662,956,0.35912847483095417,6510.0,7860.0,0.2073732718894009,782.0270461115854,1,73.44970157178814,4,0.2586375993647369,0.25247589069773335,0.9647282886920212,0.544525791866859
2680924.694,1242684.105,1017,23,Leimbach,2,Kreis 2,6316.0,1282.0,306.0,0.20297656744775175,0.04844838505383154,2662,956,0.35912847483095417,6510.0,7860.0,0.2073732718894009,1011.0520762303929,0,330.11036133529944,2,0.2586375993647369,0.3265749569971925,0.8302477893866624,0.544525791866859
2681124.694,1242884.105,1018,23,Leimbach,2,Kreis 2,6316.0,1282.0,306.0,0.20297656744775175,0.04844838505383154,2662,956,0.35912847483095417,6510.0,7860.0,0.2073732718894009,728.2103410758789,1,307.829918398007,2,0.2586375993647369,0.23506396156321657,0.8419219006186387,0.544525791866859
2681324.694,1242884.105,1019,23,Leimbach,2,Kreis 2,6316.0,1282.0,306.0,0.20297656744775175,0.04844838505383154,2662,956,0.35912847483095417,6510.0,7860.0,0.2073732718894009,604.1194425359604,1,172.73349027035056,4,0.2586375993647369,0.19491542533859985,0.9127073303986358,0.544525791866859
2680924.694,1242884.105,1020,23,Leimbach,2,Kreis 2,6316.0,1282.0,306.0,0.20297656744775175,0.04844838505383154,2662,956,0.35912847483095417,6510.0,7860.0,0.2073732718894009,880.693079823917,1,478.1368534853954,2,0.2586375993647369,0.284398431957796,0.7526874940414084,0.544525791866859
2680924.694,1243084.105,1021,23,Leimbach,2,Kreis 2,6316.0,1282.0,306.0,0.20297656744775175,0.04844838505383154,2662,956,0.35912847483095417,6510.0,7860.0,0.2073732718894009,780.3936832456321,1,586.6205406059888,0,0.2586375993647369,0.2519474302790946,0.6958461361803865,0.544525791866859
2681124.694,1243084.105,1022,23,Leimbach,2,Kreis 2,6316.0,1282.0,306.0,0.20297656744775175,0.04844838505383154,2662,956,0.35912847483095417,6510.0,7860.0,0.2073732718894009,603.0624352832762,1,446.31968213480815,1,0.2586375993647369,0.19457343979031708,0.7693584910444303,0.544525791866859
2680924.694,1243284.105,1023,23,Leimbach,2,Kreis 2,6316.0,1282.0,306.0,0.20297656744775175,0.04844838505383154,2662,956,0.35912847483095417,6510.0,7860.0,0.2073732718894009,722.7781823281828,1,727.0252118467798,0,0.2586375993647369,0.23330643361535028,0.6222793873429759,0.544525791866859
2681324.694,1243284.105,1024,23,Leimbach,2,Kreis 2,6316.0,1282.0,306.0,0.20297656744775175,0.04844838505383154,2662,956,0.35912847483095417,6510.0,7860.0,0.2073732718894009,334.28775157019334,1,341.2307645287977,6,0.2586375993647369,0.10761371710087822,0.8244211177989073,0.544525791866859
2681124.694,1243284.105,1025,23,Leimbach,2,Kreis 2,6316.0,1282.0,306.0,0.20297656744775175,0.04844838505383154,2662,956,0.35912847483095417,6510.0,7860.0,0.2073732718894009,526.3822763446196,1,540.8889300594478,0,0.2586375993647369,0.1697642380270816,0.7198077741891242,0.544525791866859
2680524.694,1242884.105,1026,23,Leimbach,2,Kreis 2,6316.0,1282.0,306.0,0.20297656744775175,0.04844838505383154,2662,956,0.35912847483095417,6510.0,7860.0,0.2073732718894009,1227.3061153801495,0,774.11862828691,0,0.2586375993647369,0.3965420797006413,0.5976042144407504,0.544525791866859
2680524.694,1243084.105,1027,23,Leimbach,2,Kreis 2,6316.0,1282.0,306.0,0.20297656744775175,0.04844838505383154,2662,956,0.35912847483095417,6510.0,7860.0,0.2073732718894009,1157.4430011233644,0,893.8129841643607,0,0.2586375993647369,0.37393847374318445,0.5348888892434087,0.544525791866859
2680724.694,1243084.105,1028,23,Leimbach,2,Kreis 2,6316.0,1282.0,306.0,0.20297656744775175,0.04844838505383154,2662,956,0.35912847483095417,6510.0,7860.0,0.2073732718894009,966.6148668676539,1,754.3514158936861,0,0.2586375993647369,0.3121976825087909,0.607961487717322,0.544525791866859
2680524.694,1243284.105,1029,23,Leimbach,2,Kreis 2,6316.0,1282.0,306.0,0.20297656744775175,0.04844838505383154,2662,956,0.35912847483095417,6510.0,7860.0,0.2073732718894009,1119.405333580919,0,1028.790774968724,0,0.2586375993647369,0.36163171562315577,0.4641656209434274,0.544525791866859
2680724.694,1243284.105,1030,23,Leimbach,2,Kreis 2,6316.0,1282.0,306.0,0.20297656744775175,0.04844838505383154,2662,956,0.35912847483095417,6510.0,7860.0,0.2073732718894009,920.7270501345771,1,868.0368993659207,0,0.2586375993647369,0.29735107656062093,0.5483945848845928,0.544525791866859
2680524.694,1243484.105,1031,23,Leimbach,2,Kreis 2,6316.0,1282.0,306.0,0.20297656744775175,0.04844838505383154,2662,956,0.35912847483095417,6510.0,7860.0,0.2073732718894009,1116.4507606022562,0,1138.5310266570254,0,0.2586375993647369,0.3606757891075301,0.40666587067185656,0.544525791866859
2680724.694,1243484.105,1032,23,Leimbach,2,Kreis 2,6316.0,1282.0,306.0,0.20297656744775175,0.04844838505383154,2662,956,0.35912847483095417,6510.0,7860.0,0.2073732718894009,917.1326517191872,1,939.8566372914299,0,0.2586375993647369,0.2961881400625863,0.5107637526990068,0.544525791866859
2680724.694,1243684.105,1033,23,Leimbach,2,Kreis 2,6316.0,1282.0,306.0,0.20297656744775175,0.04844838505383154,2662,956,0.35912847483095417,6510.0,7860.0,0.2073732718894009,956.3086849179065,1,935.8271734998652,0,0.2586375993647369,0.30886320653822796,0.5128750396532357,0.544525791866859
2680524.694,1243684.105,1034,23,Leimbach,2,Kreis 2,6316.0,1282.0,306.0,0.20297656744775175,0.04844838505383154,2662,956,0.35912847483095417,6510.0,7860.0,0.2073732718894009,1148.8499905772312,0,1135.206984941818,0,0.2586375993647369,0.3711582795528832,0.4084075430808062,0.544525791866859
2680724.694,1243884.105,1035,23,Leimbach,2,Kreis 2,6316.0,1282.0,306.0,0.20297656744775175,0.04844838505383154,2662,956,0.35912847483095417,6510.0,7860.0,0.2073732718894009,1033.402293808836,0,973.7630608421842,0,0.2586375993647369,0.33380617645514116,0.4929980663917799,0.544525791866859
2680324.694,1242884.105,1036,23,Leimbach,2,Kreis 2,6316.0,1282.0,306.0,0.20297656744775175,0.04844838505383154,2662,956,0.35912847483095417,6510.0,7860.0,0.2073732718894009,1411.244238553129,0,951.0951848583577,0,0.2586375993647369,0.4560536674817771,0.5048751779183605,0.544525791866859
2680324.694,1243084.105,1037,23,Leimbach,2,Kreis 2,6316.0,1282.0,306.0,0.20297656744775175,0.04844838505383154,2662,956,0.35912847483095417,6510.0,7860.0,0.2073732718894009,1350.9272004254517,0,1050.820655802286,0,0.2586375993647369,0.43653861183527753,0.4526227947975556,0.544525791866859
2680324.694,1243284.105,1038,23,Leimbach,2,Kreis 2,6316.0,1282.0,306.0,0.20297656744775175,0.04844838505383154,2662,956,0.35912847483095417,6510.0,7860.0,0.2073732718894009,1318.4833335500668,0,1176.3783620335503,0,0.2586375993647369,0.4260416795071261,0.3868352952985128,0.544525791866859
2680324.694,1243484.105,1039,33,Friesenberg,3,Kreis 3,11226.0,2404.0,590.0,0.2141457331195439,0.05255656511669339,4352,1485,0.34122242647058826,11440.0,12980.0,0.1346153846153846,1315.9757979724568,0,1306.8186020487644,0,0.24824810934529606,0.4252303880735339,0.3184895323642172,0.3201903467029232
2680124.694,1243684.105,1040,33,Friesenberg,3,Kreis 3,11226.0,2404.0,590.0,0.2141457331195439,0.05255656511669339,4352,1485,0.34122242647058826,11440.0,12980.0,0.1346153846153846,1539.6481094227604,0,1534.4509437126317,0,0.24824810934529606,0.4975976285752011,0.1992187762101144,0.3201903467029232
2680324.694,1243684.105,1041,33,Friesenberg,3,Kreis 3,11226.0,2404.0,590.0,0.2141457331195439,0.05255656511669339,4352,1485,0.34122242647058826,11440.0,12980.0,0.1346153846153846,1343.5722164622161,0,1334.7723770967991,0,0.24824810934529606,0.4341589704308401,0.3038428092185931,0.3201903467029232
2680124.694,1243884.105,1042,33,Friesenberg,3,Kreis 3,11226.0,2404.0,590.0,0.2141457331195439,0.05255656511669339,4352,1485,0.34122242647058826,11440.0,12980.0,0.1346153846153846,1588.6819382271042,0,1397.4287583490157,0,0.24824810934529606,0.5134620995005169,0.2710132301033955,0.3201903467029232
2680324.694,1243884.105,1043,33,Friesenberg,3,Kreis 3,11226.0,2404.0,590.0,0.2141457331195439,0.05255656511669339,4352,1485,0.34122242647058826,11440.0,12980.0,0.1346153846153846,1399.492872739672,0,1316.314831133086,0,0.24824810934529606,0.4522516147800753,0.3135138667131029,0.3201903467029232
2680324.694,1244084.105,1044,33,Friesenberg,3,Kreis 3,11226.0,2404.0,590.0,0.2141457331195439,0.05255656511669339,4352,1485,0.34122242647058826,11440.0,12980.0,0.1346153846153846,1480.5317628639677,0,1130.454216083481,0,0.24824810934529606,0.4784710462939134,0.41089781459238517,0.3201903467029232
2679924.694,1244084.105,1045,33,Friesenberg,3,Kreis 3,11226.0,2404.0,590.0,0.2141457331195439,0.05255656511669339,4352,1485,0.34122242647058826,11440.0,12980.0,0.1346153846153846,1844.6230782598554,0,1233.4104550640134,0,0.24824810934529606,0.5962696402055999,0.35695263095005647,0.3201903467029232
2680924.694,1243484.105,1046,23,Leimbach,2,Kreis 2,6316.0,1282.0,306.0,0.20297656744775175,0.04844838505383154,2662,956,0.35912847483095417,6510.0,7860.0,0.2073732718894009,718.1937766714354,1,741.894937751167,0,0.2586375993647369,0.23182318884281727,0.6144882121547006,0.544525791866859
2681124.694,1243484.105,1047,23,Leimbach,2,Kreis 2,6316.0,1282.0,306.0,0.20297656744775175,0.04844838505383154,2662,956,0.35912847483095417,6510.0,7860.0,0.2073732718894009,520.0695154012503,1,545.422495558133,0,0.2586375993647369,0.16772179886035515,0.7174323569652361,0.544525791866859
2681324.694,1243484.105,1048,23,Leimbach,2,Kreis 2,6316.0,1282.0,306.0,0.20297656744775175,0.04844838505383154,2662,956,0.35912847483095417,6510.0,7860.0,0.2073732718894009,324.2565355544945,1,352.93526128868916,4,0.2586375993647369,0.10436820397846591,0.8182884032261384,0.544525791866859
2681124.694,1243684.105,1049,23,Leimbach,2,Kreis 2,6316.0,1282.0,306.0,0.20297656744775175,0.04844838505383154,2662,956,0.35912847483095417,6510.0,7860.0,0.2073732718894009,586.4011432881413,1,538.449346420677,0,0.2586375993647369,0.18918282296759817,0.7210860239455978,0.544525791866859
2680924.694,1243684.105,1050,23,Leimbach,2,Kreis 2,6316.0,1282.0,306.0,0.20297656744775175,0.04844838505383154,2662,956,0.35912847483095417,6510.0,7860.0,0.2073732718894009,767.5912329160146,1,736.7836172586906,0,0.2586375993647369,0.2478053082792514,0.6171663511907777,0.544525791866859
2681124.694,1243884.105,1051,23,Leimbach,2,Kreis 2,6316.0,1282.0,306.0,0.20297656744775175,0.04844838505383154,2662,956,0.35912847483095417,6510.0,7860.0,0.2073732718894009,705.1668602888163,1,601.9715098414931,0,0.2586375993647369,0.2276084427942633,0.6878028076487994,0.544525791866859
2680924.694,1243884.105,1052,23,Leimbach,2,Kreis 2,6316.0,1282.0,306.0,0.20297656744775175,0.04844838505383154,2662,956,0.35912847483095417,6510.0,7860.0,0.2073732718894009,861.7367932550376,1,784.4055702637464,0,0.2586375993647369,0.2782652895037583,0.5922142450755783,0.544525791866859
2680924.694,1244084.105,1053,23,Leimbach,2,Kreis 2,6316.0,1282.0,306.0,0.20297656744775175,0.04844838505383154,2662,956,0.35912847483095417,6510.0,7860.0,0.2073732718894009,987.9191772859879,1,876.204370373023,0,0.2586375993647369,0.31909050775733894,0.5441151383184178,0.544525791866859
2681324.694,1244084.105,1054,23,Leimbach,2,Kreis 2,6316.0,1282.0,306.0,0.20297656744775175,0.04844838505383154,2662,956,0.35912847483095417,6510.0,7860.0,0.2073732718894009,751.8805096886384,1,584.7130053803259,0,0.2586375993647369,0.24272223975423518,0.6968456126479763,0.544525791866859
2681124.694,1244084.105,1055,23,Leimbach,2,Kreis 2,6316.0,1282.0,306.0,0.20297656744775175,0.04844838505383154,2662,956,0.35912847483095417,6510.0,7860.0,0.2073732718894009,854.7831893816905,1,717.503796966148,0,0.2586375993647369,0.2760155111534878,0.6272682494008411,0.544525791866859
2680524.694,1243884.105,1056,23,Leimbach,2,Kreis 2,6316.0,1282.0,306.0,0.20297656744775175,0.04844838505383154,2662,956,0.35912847483095417,6510.0,7860.0,0.2073732718894009,1213.7752266582359,0,1166.6777184212808,0,0.2586375993647369,0.39216427776355356,0.3919180664476377,0.544525791866859
2680524.694,1244084.105,1057,33,Friesenberg,3,Kreis 3,11226.0,2404.0,590.0,0.2141457331195439,0.05255656511669339,4352,1485,0.34122242647058826,11440.0,12980.0,0.1346153846153846,1306.3859693249924,0,1066.6791151330242,0,0.24824810934529606,0.42212768201393736,0.4443135606088161,0.3201903467029232
2680724.694,1244084.105,1058,23,Leimbach,2,Kreis 2,6316.0,1282.0,306.0,0.20297656744775175,0.04844838505383154,2662,956,0.35912847483095417,6510.0,7860.0,0.2073732718894009,1140.7516385477215,0,1038.1146057449655,0,0.2586375993647369,0.36853812784440093,0.4592802854994098,0.544525791866859
2680524.694,1244284.105,1059,33,Friesenberg,3,Kreis 3,11226.0,2404.0,590.0,0.2141457331195439,0.05255656511669339,4352,1485,0.34122242647058826,11440.0,12980.0,0.1346153846153846,1421.2805144830304,0,873.5252341294807,0,0.24824810934529606,0.45930081769563647,0.5455189045990416,0.3201903467029232
2680724.694,1244284.105,1060,33,Friesenberg,3,Kreis 3,11226.0,2404.0,590.0,0.2141457331195439,0.05255656511669339,4352,1485,0.34122242647058826,11440.0,12980.0,0.1346153846153846,1270.711730035282,0,838.4055907858784,0,0.24824810934529606,0.41058559064977623,0.5639202722906289,0.3201903467029232
2680524.694,1244484.105,1061,33,Friesenberg,3,Kreis 3,11226.0,2404.0,590.0,0.2141457331195439,0.05255656511669339,4352,1485,0.34122242647058826,11440.0,12980.0,0.1346153846153846,1553.5225459738572,0,684.3159611326895,0,0.24824810934529606,0.5020865824390388,0.6446574228638102,0.3201903467029232
2680724.694,1244484.105,1062,33,Friesenberg,3,Kreis 3,11226.0,2404.0,590.0,0.2141457331195439,0.05255656511669339,4352,1485,0.34122242647058826,11440.0,12980.0,0.1346153846153846,1417.0752629444942,0,638.8786540971691,0,0.24824810934529606,0.4579402449564985,0.6684648569398305,0.3201903467029232
2680724.694,1244684.105,1063,33,Friesenberg,3,Kreis 3,11226.0,2404.0,590.0,0.2141457331195439,0.05255656511669339,4352,1485,0.34122242647058826,11440.0,12980.0,0.1346153846153846,1423.8118158155028,0,439.7816897746003,1,0.24824810934529606,0.4601197983335234,0.7727841522963943,0.3201903467029232
2680524.694,1244684.105,1064,33,Friesenberg,3,Kreis 3,11226.0,2404.0,590.0,0.2141457331195439,0.05255656511669339,4352,1485,0.34122242647058826,11440.0,12980.0,0.1346153846153846,1430.0643645849607,0,503.5179586280405,0,0.24824810934529606,0.46214275637251295,0.7393887528332711,0.3201903467029232
2680524.694,1244884.105,1065,33,Friesenberg,3,Kreis 3,11226.0,2404.0,590.0,0.2141457331195439,0.05255656511669339,4352,1485,0.34122242647058826,11440.0,12980.0,0.1346153846153846,1231.2556545477514,0,344.6336238107676,1,0.24824810934529606,0.39781991891533597,0.8226381479595605,0.3201903467029232
2680124.694,1244084.105,1066,33,Friesenberg,3,Kreis 3,11226.0,2404.0,590.0,0.2141457331195439,0.05255656511669339,4352,1485,0.34122242647058826,11440.0,12980.0,0.1346153846153846,1660.5132642797455,0,1223.9481748263952,0,0.24824810934529606,0.5367025033497889,0.3619105086867327,0.3201903467029232
2679924.694,1244284.105,1067,33,Friesenberg,3,Kreis 3,11226.0,2404.0,590.0,0.2141457331195439,0.05255656511669339,4352,1485,0.34122242647058826,11440.0,12980.0,0.1346153846153846,1927.7002621903678,0,1070.020257126569,0,0.24824810934529606,0.6231485440391502,0.4425629282993846,0.3201903467029232
2680124.694,1244284.105,1068,33,Friesenberg,3,Kreis 3,11226.0,2404.0,590.0,0.2141457331195439,0.05255656511669339,4352,1485,0.34122242647058826,11440.0,12980.0,0.1346153846153846,1752.340806135874,0,1059.8542987886858,0,0.24824810934529606,0.5664125097564416,0.44788950680368556,0.3201903467029232
2680324.694,1244284.105,1069,33,Friesenberg,3,Kreis 3,11226.0,2404.0,590.0,0.2141457331195439,0.05255656511669339,4352,1485,0.34122242647058826,11440.0,12980.0,0.1346153846153846,1582.835525520272,0,950.3519004352601,0,0.24824810934529606,0.511570543269511,0.5052646309044011,0.3201903467029232
2679924.694,1244484.105,1070,33,Friesenberg,3,Kreis 3,11226.0,2404.0,590.0,0.2141457331195439,0.05255656511669339,4352,1485,0.34122242647058826,11440.0,12980.0,0.1346153846153846,1785.4158302355243,0,921.1869249295722,0,0.24824810934529606,0.5771136475418829,0.5205459773789536,0.3201903467029232
2680324.694,1244484.105,1071,33,Friesenberg,3,Kreis 3,11226.0,2404.0,590.0,0.2141457331195439,0.05255656511669339,4352,1485,0.34122242647058826,11440.0,12980.0,0.1346153846153846,1658.921844709904,0,780.0068811625337,0,0.24824810934529606,0.5361876133215907,0.5945189921574456,0.3201903467029232
2680124.694,1244484.105,1072,33,Friesenberg,3,Kreis 3,11226.0,2404.0,590.0,0.2141457331195439,0.05255656511669339,4352,1485,0.34122242647058826,11440.0,12980.0,0.1346153846153846,1711.6850431243647,0,910.2379549660898,0,0.24824810934529606,0.553258689506829,0.5262828244240956,0.3201903467029232
2680124.694,1244684.105,1073,33,Friesenberg,3,Kreis 3,11226.0,2404.0,590.0,0.2141457331195439,0.05255656511669339,4352,1485,0.34122242647058826,11440.0,12980.0,0.1346153846153846,1523.4080500166995,0,783.4380222205467,0,0.24824810934529606,0.4923432979109388,0.5927212037348106,0.3201903467029232
2680324.694,1244684.105,1074,33,Friesenberg,3,Kreis 3,11226.0,2404.0,590.0,0.2141457331195439,0.05255656511669339,4352,1485,0.34122242647058826,11440.0,12980.0,0.1346153846153846,1463.8743412109302,0,627.417512236386,0,0.24824810934529606,0.4730816816868825,0.674470062729716,0.3201903467029232
2679924.694,1244684.105,1075,33,Friesenberg,3,Kreis 3,11226.0,2404.0,590.0,0.2141457331195439,0.05255656511669339,4352,1485,0.34122242647058826,11440.0,12980.0,0.1346153846153846,1605.8069892909393,0,795.1272543820857,0,0.24824810934529606,0.5190027615561118,0.5865964872354903,0.3201903467029232
2680924.694,1244284.105,1076,33,Friesenberg,3,Kreis 3,11226.0,2404.0,590.0,0.2141457331195439,0.05255656511669339,4352,1485,0.34122242647058826,11440.0,12980.0,0.1346153846153846,1135.5079483866994,0,850.1773548272569,0,0.24824810934529606,0.3668415772765707,0.5577523122010378,0.3201903467029232
2681324.694,1244284.105,1077,33,Friesenberg,3,Kreis 3,11226.0,2404.0,590.0,0.2141457331195439,0.05255656511669339,4352,1485,0.34122242647058826,11440.0,12980.0,0.1346153846153846,937.3997550936284,1,757.846487529556,0,0.24824810934529606,0.3027453859490366,0.6061302020846393,0.3201903467029232
2681124.694,1244284.105,1078,33,Friesenberg,3,Kreis 3,11226.0,2404.0,590.0,0.2141457331195439,0.05255656511669339,4352,1485,0.34122242647058826,11440.0,12980.0,0.1346153846153846,1021.7868177117391,0,864.4383718119134,0,0.24824810934529606,0.3300480896950518,0.550280077513938,0.3201903467029232
2680924.694,1244484.105,1079,33,Friesenberg,3,Kreis 3,11226.0,2404.0,590.0,0.2141457331195439,0.05255656511669339,4352,1485,0.34122242647058826,11440.0,12980.0,0.1346153846153846,1297.2171371244365,0,654.2503608413708,0,0.24824810934529606,0.41916118571104344,0.6604106627363225,0.3201903467029232
2681124.694,1244484.105,1080,33,Friesenberg,3,Kreis 3,11226.0,2404.0,590.0,0.2141457331195439,0.05255656511669339,4352,1485,0.34122242647058826,11440.0,12980.0,0.1346153846153846,1198.9338183775744,0,726.581815531546,0,0.24824810934529606,0.3873624685656874,0.6225117102783169,0.3201903467029232
2681324.694,1244484.105,1081,33,Friesenberg,3,Kreis 3,11226.0,2404.0,590.0,0.2141457331195439,0.05255656511669339,4352,1485,0.34122242647058826,11440.0,12980.0,0.1346153846153846,1127.879559549486,0,819.1257807327906,0,0.24824810934529606,0.3643734780914576,0.5740221651356044,0.3201903467029232
2680924.694,1244684.105,1082,33,Friesenberg,3,Kreis 3,11226.0,2404.0,590.0,0.2141457331195439,0.05255656511669339,4352,1485,0.34122242647058826,11440.0,12980.0,0.1346153846153846,1445.4743466612929,0,461.82846887243363,1,0.24824810934529606,0.46712852270100236,0.7612324720977873,0.3201903467029232
2681324.694,1244684.105,1083,33,Friesenberg,3,Kreis 3,11226.0,2404.0,590.0,0.2141457331195439,0.05255656511669339,4352,1485,0.34122242647058826,11440.0,12980.0,0.1346153846153846,1321.1761051614164,0,634.8299336523887,0,0.24824810934529606,0.4269129024562299,0.6705862336535955,0.3201903467029232
2681124.694,1244684.105,1084,33,Friesenberg,3,Kreis 3,11226.0,2404.0,590.0,0.2141457331195439,0.05255656511669339,4352,1485,0.34122242647058826,11440.0,12980.0,0.1346153846153846,1382.330026024675,0,559.6098057228,0,0.24824810934529606,0.4466987242686657,0.7099987418701047,0.3201903467029232
2681324.694,1244884.105,1085,33,Friesenberg,3,Kreis 3,11226.0,2404.0,590.0,0.2141457331195439,0.05255656511669339,4352,1485,0.34122242647058826,11440.0,12980.0,0.1346153846153846,1387.304756301232,0,463.73596438176844,1,0.24824810934529606,0.4483082551937061,0.7602330164400545,0.3201903467029232
2681524.694,1241884.105,1086,23,Leimbach,2,Kreis 2,6316.0,1282.0,306.0,0.20297656744775175,0.04844838505383154,2662,956,0.35912847483095417,6510.0,7860.0,0.2073732718894009,1520.7433382561082,0,211.7584394092885,2,0.2586375993647369,0.4914811534836918,0.8922597298571027,0.544525791866859
2681324.694,1241884.105,1087,23,Leimbach,2,Kreis 2,6316.0,1282.0,306.0,0.20297656744775175,0.04844838505383154,2662,956,0.35912847483095417,6510.0,7860.0,0.2073732718894009,1548.5445750285073,0,36.93286694806767,2,0.2586375993647369,0.5004760030236582,0.9838617318841879,0.544525791866859
2681724.694,1241884.105,1088,23,Leimbach,2,Kreis 2,6316.0,1282.0,306.0,0.20297656744775175,0.04844838505383154,2662,956,0.35912847483095417,6510.0,7860.0,0.2073732718894009,1518.989894913868,0,410.2672746650785,1,0.2586375993647369,0.49091384206623845,0.7882485919354543,0.544525791866859
2681724.694,1242084.105,1089,21,Wollishofen,2,Kreis 2,22029.0,4145.0,1095.0,0.188161060420355,0.049707204139997276,10273,4223,0.41107758201109706,22000.0,23830.0,0.08318181818181818,1319.3651127911455,0,434.8777559971433,2,0.3543681184503833,0.42632697154884,0.7753536285206061,0.1616044881170646
2681524.694,1242084.105,1090,23,Leimbach,2,Kreis 2,6316.0,1282.0,306.0,0.20297656744775175,0.04844838505383154,2662,956,0.35912847483095417,6510.0,7860.0,0.2073732718894009,1321.3834798612702,0,265.48754520890407,2,0.2586375993647369,0.4269799967455542,0.8641077061623909,0.544525791866859
2681724.694,1242284.105,1091,21,Wollishofen,2,Kreis 2,22029.0,4145.0,1095.0,0.188161060420355,0.049707204139997276,10273,4223,0.41107758201109706,22000.0,23830.0,0.08318181818181818,1119.874234389889,0,385.6950384190902,1,0.3543681184503833,0.36178342442159456,0.8011235163685735,0.1616044881170646
2681324.694,1242284.105,1092,23,Leimbach,2,Kreis 2,6316.0,1282.0,306.0,0.20297656744775175,0.04844838505383154,2662,956,0.35912847483095417,6510.0,7860.0,0.2073732718894009,1159.6457652447648,0,14.333968780355152,4,0.2586375993647369,0.37465115900989543,0.9957027016383574,0.544525791866859
2681524.694,1242284.105,1093,23,Leimbach,2,Kreis 2,6316.0,1282.0,306.0,0.20297656744775175,0.04844838505383154,2662,956,0.35912847483095417,6510.0,7860.0,0.2073732718894009,1122.2514427926694,0,185.6961568289711,4,0.2586375993647369,0.3625525496257431,0.9059153823348445,0.544525791866859
2681524.694,1242484.105,1094,23,Leimbach,2,Kreis 2,6316.0,1282.0,306.0,0.20297656744775175,0.04844838505383154,2662,956,0.35912847483095417,6510.0,7860.0,0.2073732718894009,923.4946133303516,1,272.2591828773501,3,0.2586375993647369,0.2982464976795496,0.8605596235867181,0.544525791866859
2681324.694,1242484.105,1095,23,Leimbach,2,Kreis 2,6316.0,1282.0,306.0,0.20297656744775175,0.04844838505383154,2662,956,0.35912847483095417,6510.0,7860.0,0.2073732718894009,968.5929489987338,1,136.6969299620028,3,0.2586375993647369,0.3128376738621405,0.9315891279751698,0.544525791866859
2681924.694,1242084.105,1096,21,Wollishofen,2,Kreis 2,22029.0,4145.0,1095.0,0.188161060420355,0.049707204139997276,10273,4223,0.41107758201109706,22000.0,23830.0,0.08318181818181818,1347.3656893547882,0,619.1900052981836,0,0.3543681184503833,0.43538631575299147,0.6787809658580226,0.1616044881170646
2682124.694,1242084.105,1097,21,Wollishofen,2,Kreis 2,22029.0,4145.0,1095.0,0.188161060420355,0.049707204139997276,10273,4223,0.41107758201109706,22000.0,23830.0,0.08318181818181818,1403.5897908044983,0,810.9709382346683,0,0.3543681184503833,0.453577137161413,0.5782949948396756,0.1616044881170646
2682324.694,1242284.105,1098,21,Wollishofen,2,Kreis 2,22029.0,4145.0,1095.0,0.188161060420355,0.049707204139997276,10273,4223,0.41107758201109706,22000.0,23830.0,0.08318181818181818,1310.7739320152332,0,847.6029144952536,0,0.3543681184503833,0.42354736936485715,0.559101221775254,0.1616044881170646
2681924.694,1242284.105,1099,21,Wollishofen,2,Kreis 2,22029.0,4145.0,1095.0,0.188161060420355,0.049707204139997276,10273,4223,0.41107758201109706,22000.0,23830.0,0.08318181818181818,1152.73080155362,0,585.6946838252479,0,0.3543681184503833,0.37241388235614853,0.6963312501915249,0.1616044881170646
2682124.694,1242284.105,1100,21,Wollishofen,2,Kreis 2,22029.0,4145.0,1095.0,0.188161060420355,0.049707204139997276,10273,4223,0.41107758201109706,22000.0,23830.0,0.08318181818181818,1217.973029607209,0,785.6945097563116,0,0.3543681184503833,0.3935224405760054,0.5915388894262384,0.1616044881170646
2682124.694,1242484.105,1101,21,Wollishofen,2,Kreis 2,22029.0,4145.0,1095.0,0.188161060420355,0.049707204139997276,10273,4223,0.41107758201109706,22000.0,23830.0,0.08318181818181818,1037.7149420002156,0,746.0814182521548,0,0.3543681184503833,0.33520149645179614,0.6122946543705676,0.1616044881170646
2681924.694,1242484.105,1102,21,Wollishofen,2,Kreis 2,22029.0,4145.0,1095.0,0.188161060420355,0.049707204139997276,10273,4223,0.41107758201109706,22000.0,23830.0,0.08318181818181818,960.3032338019066,1,588.3754402260117,0,0.3543681184503833,0.31015560825710736,0.694926635009662,0.1616044881170646
2682124.694,1242684.105,1103,21,Wollishofen,2,Kreis 2,22029.0,4145.0,1095.0,0.188161060420355,0.049707204139997276,10273,4223,0.41107758201109706,22000.0,23830.0,0.08318181818181818,866.1675939738561,1,602.8925962898692,0,0.3543681184503833,0.27969883672806434,0.6873201931117872,0.1616044881170646
2681924.694,1242684.105,1104,21,Wollishofen,2,Kreis 2,22029.0,4145.0,1095.0,0.188161060420355,0.049707204139997276,10273,4223,0.41107758201109706,22000.0,23830.0,0.08318181818181818,771.7359009728309,1,466.0492277228721,2,0.3543681184503833,0.24914627975722464,0.7590209537522119,0.1616044881170646
2682324.694,1242684.105,1105,21,Wollishofen,2,Kreis 2,22029.0,4145.0,1095.0,0.188161060420355,0.049707204139997276,10273,4223,0.41107758201109706,22000.0,23830.0,0.08318181818181818,992.4294941458413,1,543.4626028173208,0,0.3543681184503833,0.32054978174087023,0.7184592667947839,0.1616044881170646
2681724.694,1242484.105,1106,21,Wollishofen,2,Kreis 2,22029.0,4145.0,1095.0,0.188161060420355,0.049707204139997276,10273,4223,0.41107758201109706,22000.0,23830.0,0.08318181818181818,920.6043128566623,1,413.6520985817665,2,0.3543681184503833,0.2973113659766341,0.7864750719468578,0.1616044881170646
2681524.694,1242684.105,1107,21,Wollishofen,2,Kreis 2,22029.0,4145.0,1095.0,0.188161060420355,0.049707204139997276,10273,4223,0.41107758201109706,22000.0,23830.0,0.08318181818181818,725.4214642882602,1,143.08199977998063,5,0.3543681184503833,0.2341616446161144,0.9282435923640153,0.1616044881170646
2681724.694,1242684.105,1108,21,Wollishofen,2,Kreis 2,22029.0,4145.0,1095.0,0.188161060420355,0.049707204139997276,10273,4223,0.41107758201109706,22000.0,23830.0,0.08318181818181818,721.7383880951846,1,339.92654892063376,3,0.3543681184503833,0.23297001719060947,0.8251044775562979,0.1616044881170646
2681524.694,1242884.105,1109,23,Leimbach,2,Kreis 2,6316.0,1282.0,306.0,0.20297656744775175,0.04844838505383154,2662,956,0.35912847483095417,6510.0,7860.0,0.2073732718894009,528.8008139650235,1,193.52846473058938,4,0.2586375993647369,0.17054673494189077,0.9018115485868388,0.544525791866859
2681724.694,1242884.105,1110,21,Wollishofen,2,Kreis 2,22029.0,4145.0,1095.0,0.188161060420355,0.049707204139997276,10273,4223,0.41107758201109706,22000.0,23830.0,0.08318181818181818,523.7368622220353,1,192.17405303794948,4,0.3543681184503833,0.16890833718359208,0.9025212091980873,0.1616044881170646
2681724.694,1243084.105,1111,21,Wollishofen,2,Kreis 2,22029.0,4145.0,1095.0,0.188161060420355,0.049707204139997276,10273,4223,0.41107758201109706,22000.0,23830.0,0.08318181818181818,328.1680984649955,1,67.88433295700108,5,0.3543681184503833,0.10563375630385743,0.9676443318083467,0.1616044881170646
2681324.694,1243084.105,1112,23,Leimbach,2,Kreis 2,6316.0,1282.0,306.0,0.20297656744775175,0.04844838505383154,2662,956,0.35912847483095417,6510.0,7860.0,0.2073732718894009,445.36984726169715,1,303.3441389921979,4,0.2586375993647369,0.14355336775416142,0.8442722797333139,0.544525791866859
2681524.694,1243084.105,1113,23,Leimbach,2,Kreis 2,6316.0,1282.0,306.0,0.20297656744775175,0.04844838505383154,2662,956,0.35912847483095417,6510.0,7860.0,0.2073732718894009,336.19086967081546,1,107.21598136925073,5,0.2586375993647369,0.10822945449098158,0.9470360324224736,0.544525791866859
2681724.694,1243284.105,1114,23,Leimbach,2,Kreis 2,6316.0,1282.0,306.0,0.20297656744775175,0.04844838505383154,2662,956,0.35912847483095417,6510.0,7860.0,0.2073732718894009,145.21811474495465,1,64.75827870639456,6,0.2586375993647369,0.04644187249044261,0.9692822662579214,0.544525791866859
2681524.694,1243284.105,1115,23,Leimbach,2,Kreis 2,6316.0,1282.0,306.0,0.20297656744775175,0.04844838505383154,2662,956,0.35912847483095417,6510.0,7860.0,0.2073732718894009,162.53707530888778,1,142.53432800894467,6,0.2586375993647369,0.052045272286521116,0.9285305517028256,0.544525791866859
2682324.694,1242884.105,1116,21,Wollishofen,2,Kreis 2,22029.0,4145.0,1095.0,0.188161060420355,0.049707204139997276,10273,4223,0.41107758201109706,22000.0,23830.0,0.08318181818181818,859.2498477454147,1,356.9224014557919,1,0.3543681184503833,0.27746065980845774,0.8161992922538277,0.1616044881170646
2681924.694,1242884.105,1117,21,Wollishofen,2,Kreis 2,22029.0,4145.0,1095.0,0.188161060420355,0.049707204139997276,10273,4223,0.41107758201109706,22000.0,23830.0,0.08318181818181818,590.7370826774758,1,322.5583399341553,3,0.3543681184503833,0.19058567862976777,0.8342047635864731,0.1616044881170646
2682124.694,1242884.105,1118,21,Wollishofen,2,Kreis 2,22029.0,4145.0,1095.0,0.188161060420355,0.049707204139997276,10273,4223,0.41107758201109706,22000.0,23830.0,0.08318181818181818,709.6761943664213,1,480.3290545666749,1,0.3543681184503833,0.229067398807104,0.7515388634088064,0.1616044881170646
2681924.694,1243084.105,1119,21,Wollishofen,2,Kreis 2,22029.0,4145.0,1095.0,0.188161060420355,0.049707204139997276,10273,4223,0.41107758201109706,22000.0,23830.0,0.08318181818181818,427.0413338896397,1,266.2440284045271,4,0.3543681184503833,0.13762333588462264,0.8637113375176705,0.1616044881170646
2682124.694,1243084.105,1120,21,Wollishofen,2,Kreis 2,22029.0,4145.0,1095.0,0.188161060420355,0.049707204139997276,10273,4223,0.41107758201109706,22000.0,23830.0,0.08318181818181818,580.546553559966,1,377.83329744863454,3,0.3543681184503833,0.1872886211321082,0.8052427719338419,0.1616044881170646
2682124.694,1243284.105,1121,21,Wollishofen,2,Kreis 2,22029.0,4145.0,1095.0,0.188161060420355,0.049707204139997276,10273,4223,0.41107758201109706,22000.0,23830.0,0.08318181818181818,500.4281175656523,1,367.15119591375554,3,0.3543681184503833,0.16136699458556025,0.810839789994049,0.1616044881170646
2681924.694,1243284.105,1122,21,Wollishofen,2,Kreis 2,22029.0,4145.0,1095.0,0.188161060420355,0.049707204139997276,10273,4223,0.41107758201109706,22000.0,23830.0,0.08318181818181818,309.44838156014094,1,248.67858906840524,6,0.3543681184503833,0.09957715391712112,0.8729149648075567,0.1616044881170646
2681924.694,1243484.105,1123,21,Wollishofen,2,Kreis 2,22029.0,4145.0,1095.0,0.188161060420355,0.049707204139997276,10273,4223,0.41107758201109706,22000.0,23830.0,0.08318181818181818,298.5838254998727,1,172.86711850738214,6,0.3543681184503833,0.09606202083578769,0.9126373142455804,0.1616044881170646
2682324.694,1243484.105,1124,21,Wollishofen,2,Kreis 2,22029.0,4145.0,1095.0,0.188161060420355,0.049707204139997276,10273,4223,0.41107758201109706,22000.0,23830.0,0.08318181818181818,691.7313791135703,1,227.32128950223924,5,0.3543681184503833,0.2232615091431543,0.8841053837526281,0.1616044881170646
2682124.694,1243484.105,1125,21,Wollishofen,2,Kreis 2,22029.0,4145.0,1095.0,0.188161060420355,0.049707204139997276,10273,4223,0.41107758201109706,22000.0,23830.0,0.08318181818181818,493.78365794166393,1,372.23734452778774,6,0.3543681184503833,0.1592172371815482,0.8081748400722865,0.1616044881170646
2681524.694,1243484.105,1126,23,Leimbach,2,Kreis 2,6316.0,1282.0,306.0,0.20297656744775175,0.04844838505383154,2662,956,0.35912847483095417,6510.0,7860.0,0.2073732718894009,140.7561751750697,1,177.87888762011343,6,0.2586375993647369,0.04499825056037858,0.9100113363754062,0.544525791866859
2681724.694,1243484.105,1127,21,Wollishofen,2,Kreis 2,22029.0,4145.0,1095.0,0.188161060420355,0.049707204139997276,10273,4223,0.41107758201109706,22000.0,23830.0,0.08318181818181818,120.3424316275297,1,34.71945651924377,6,0.3543681184503833,0.03839356051508251,0.9850214754144593,0.1616044881170646
2681724.694,1243684.105,1128,21,Wollishofen,2,Kreis 2,22029.0,4145.0,1095.0,0.188161060420355,0.049707204139997276,10273,4223,0.41107758201109706,22000.0,23830.0,0.08318181818181818,296.43937128859,1,80.01102837111762,5,0.3543681184503833,0.0953682012358271,0.9612904010746026,0.1616044881170646
2681524.694,1243684.105,1129,21,Wollishofen,2,Kreis 2,22029.0,4145.0,1095.0,0.188161060420355,0.049707204139997276,10273,4223,0.41107758201109706,22000.0,23830.0,0.08318181818181818,305.2970698350424,1,155.18665748369443,4,0.3543681184503833,0.09823403293777565,0.9219012085588159,0.1616044881170646
2681324.694,1243684.105,1130,23,Leimbach,2,Kreis 2,6316.0,1282.0,306.0,0.20297656744775175,0.04844838505383154,2662,956,0.35912847483095417,6510.0,7860.0,0.2073732718894009,422.5355616391962,1,342.060372830452,3,0.2586375993647369,0.13616553227013264,0.8239864343583786,0.544525791866859
2681724.694,1243884.105,1131,21,Wollishofen,2,Kreis 2,22029.0,4145.0,1095.0,0.188161060420355,0.049707204139997276,10273,4223,0.41107758201109706,22000.0,23830.0,0.08318181818181818,491.1927328960826,1,277.2070790239606,4,0.3543681184503833,0.15837896580732386,0.8579671127402162,0.1616044881170646
2681324.694,1243884.105,1132,23,Leimbach,2,Kreis 2,6316.0,1282.0,306.0,0.20297656744775175,0.04844838505383154,2662,956,0.35912847483095417,6510.0,7860.0,0.2073732718894009,576.1339261401804,1,435.2554407022391,2,0.2586375993647369,0.18586095372141562,0.7751557359890117,0.544525791866859
2681524.694,1243884.105,1133,21,Wollishofen,2,Kreis 2,22029.0,4145.0,1095.0,0.188161060420355,0.049707204139997276,10273,4223,0.41107758201109706,22000.0,23830.0,0.08318181818181818,496.58866363400864,1,310.68456456823543,3,0.3543681184503833,0.1601247724961799,0.8404261737602017,0.1616044881170646
2681724.694,1244084.105,1134,21,Wollishofen,2,Kreis 2,22029.0,4145.0,1095.0,0.188161060420355,0.049707204139997276,10273,4223,0.41107758201109706,22000.0,23830.0,0.08318181818181818,688.9588527988229,1,443.2664984643946,3,0.3543681184503833,0.2223644822500375,0.7709582440601301,0.1616044881170646
2681524.694,1244084.105,1135,23,Leimbach,2,Kreis 2,6316.0,1282.0,306.0,0.20297656744775175,0.04844838505383154,2662,956,0.35912847483095417,6510.0,7860.0,0.2073732718894009,692.8162100079345,1,498.9658291516029,1,0.2586375993647369,0.22361249678989098,0.7417738968808942,0.544525791866859
2681924.694,1243684.105,1136,21,Wollishofen,2,Kreis 2,22029.0,4145.0,1095.0,0.188161060420355,0.049707204139997276,10273,4223,0.41107758201109706,22000.0,23830.0,0.08318181818181818,403.17031246123054,1,237.2327225764975,5,0.3543681184503833,0.12990007350346752,0.8789121668806461,0.1616044881170646
2682324.694,1243684.105,1137,21,Wollishofen,2,Kreis 2,22029.0,4145.0,1095.0,0.188161060420355,0.049707204139997276,10273,4223,0.41107758201109706,22000.0,23830.0,0.08318181818181818,742.8905039440939,2,173.54241170662982,5,0.3543681184503833,0.2398136012034534,0.9122834860948384,0.1616044881170646
2682124.694,1243684.105,1138,21,Wollishofen,2,Kreis 2,22029.0,4145.0,1095.0,0.188161060420355,0.049707204139997276,10273,4223,0.41107758201109706,22000.0,23830.0,0.08318181818181818,563.2195849313108,1,213.90743012108612,6,0.3543681184503833,0.1816826303959981,0.8911337398273436,0.1616044881170646
2682324.694,1243884.105,1139,21,Wollishofen,2,Kreis 2,22029.0,4145.0,1095.0,0.188161060420355,0.049707204139997276,10273,4223,0.41107758201109706,22000.0,23830.0,0.08318181818181818,737.6844589198224,2,193.44496028833726,5,0.3543681184503833,0.23812923039380282,0.901855301763109,0.1616044881170646
2681924.694,1243884.105,1140,21,Wollishofen,2,Kreis 2,22029.0,4145.0,1095.0,0.188161060420355,0.049707204139997276,10273,4223,0.41107758201109706,22000.0,23830.0,0.08318181818181818,562.0856703831134,1,202.7826142965571,4,0.3543681184503833,0.18131576215787928,0.8969627234672255,0.1616044881170646
2682124.694,1243884.105,1141,21,Wollishofen,2,Kreis 2,22029.0,4145.0,1095.0,0.188161060420355,0.049707204139997276,10273,4223,0.41107758201109706,22000.0,23830.0,0.08318181818181818,686.0104232809774,2,14.085050976120005,4,0.3543681184503833,0.22141054339798807,0.9958331251735824,0.1616044881170646
2681924.694,1244084.105,1142,21,Wollishofen,2,Kreis 2,22029.0,4145.0,1095.0,0.188161060420355,0.049707204139997276,10273,4223,0.41107758201109706,22000.0,23830.0,0.08318181818181818,741.170898544986,2,274.88686520264804,1,0.3543681184503833,0.23925723775963548,0.859182817217376,0.1616044881170646
2682124.694,1244084.105,1143,21,Wollishofen,2,Kreis 2,22029.0,4145.0,1095.0,0.188161060420355,0.049707204139997276,10273,4223,0.41107758201109706,22000.0,23830.0,0.08318181818181818,729.768155602708,2,186.11928610703524,4,0.3543681184503833,0.23556797897059728,0.9056936785620996,0.1616044881170646
2682124.694,1244284.105,1144,21,Wollishofen,2,Kreis 2,22029.0,4145.0,1095.0,0.188161060420355,0.049707204139997276,10273,4223,0.41107758201109706,22000.0,23830.0,0.08318181818181818,634.9765042360158,1,226.19316669819204,6,0.3543681184503833,0.2048989605859603,0.8846964775264298,0.1616044881170646
2681924.694,1244284.105,1145,21,Wollishofen,2,Kreis 2,22029.0,4145.0,1095.0,0.188161060420355,0.049707204139997276,10273,4223,0.41107758201109706,22000.0,23830.0,0.08318181818181818,825.1937717480213,2,405.07499140394043,2,0.3543681184503833,0.26644211117243666,0.7909691524067634,0.1616044881170646
2681524.694,1244284.105,1146,33,Friesenberg,3,Kreis 3,11226.0,2404.0,590.0,0.2141457331195439,0.05255656511669339,4352,1485,0.34122242647058826,11440.0,12980.0,0.1346153846153846,890.7234704720125,1,693.8363630287325,0,0.24824810934529606,0.28764367803966384,0.6396690915716393,0.3201903467029232
2681724.694,1244284.105,1147,21,Wollishofen,2,Kreis 2,22029.0,4145.0,1095.0,0.188161060420355,0.049707204139997276,10273,4223,0.41107758201109706,22000.0,23830.0,0.08318181818181818,887.7264786238034,1,557.6084546174651,0,0.3543681184503833,0.2866740272659288,0.7110473743180177,0.1616044881170646
2681524.694,1244484.105,1148,21,Wollishofen,2,Kreis 2,22029.0,4145.0,1095.0,0.188161060420355,0.049707204139997276,10273,4223,0.41107758201109706,22000.0,23830.0,0.08318181818181818,1089.395383159693,0,785.0939744137562,0,0.3543681184503833,0.35192225589837217,0.5918535472814461,0.1616044881170646
2681924.694,1244484.105,1149,21,Wollishofen,2,Kreis 2,22029.0,4145.0,1095.0,0.188161060420355,0.049707204139997276,10273,4223,0.41107758201109706,22000.0,23830.0,0.08318181818181818,794.7190452806187,1,387.97905698748093,3,0.3543681184503833,0.25658227718051657,0.7999267768379306,0.1616044881170646
2681724.694,1244484.105,1150,21,Wollishofen,2,Kreis 2,22029.0,4145.0,1095.0,0.188161060420355,0.049707204139997276,10273,4223,0.41107758201109706,22000.0,23830.0,0.08318181818181818,994.6496674365667,1,586.0462001078425,0,0.3543681184503833,0.3212680995936412,0.696147068925721,0.1616044881170646
2681524.694,1244684.105,1151,21,Wollishofen,2,Kreis 2,22029.0,4145.0,1095.0,0.188161060420355,0.049707204139997276,10273,4223,0.41107758201109706,22000.0,23830.0,0.08318181818181818,1207.357097519876,0,744.9071382804369,0,0.3543681184503833,0.39008774762929227,0.6129099327582503,0.1616044881170646
2681724.694,1244684.105,1152,21,Wollishofen,2,Kreis 2,22029.0,4145.0,1095.0,0.188161060420355,0.049707204139997276,10273,4223,0.41107758201109706,22000.0,23830.0,0.08318181818181818,1009.9314634823916,0,592.3262265515865,0,0.3543681184503833,0.326212392441401,0.6928565720783129,0.1616044881170646
2681524.694,1244884.105,1153,21,Wollishofen,2,Kreis 2,22029.0,4145.0,1095.0,0.188161060420355,0.049707204139997276,10273,4223,0.41107758201109706,22000.0,23830.0,0.08318181818181818,1252.3357221334988,0,605.746353403091,0,0.3543681184503833,0.4046401923362065,0.6858249320856684,0.1616044881170646
2681724.694,1244884.105,1154,21,Wollishofen,2,Kreis 2,22029.0,4145.0,1095.0,0.188161060420355,0.049707204139997276,10273,4223,0.41107758201109706,22000.0,23830.0,0.08318181818181818,1063.29448457692,0,485.92784305994684,1,0.3543681184503833,0.34347753606335213,0.7486053095374259,0.1616044881170646
2681724.694,1245084.105,1155,31,Alt-Wiedikon,3,Kreis 3,18904.0,2591.0,561.0,0.13706093948370715,0.029676258992805755,9386,4434,0.47240571063285747,18750.0,20130.0,0.0736,1149.4471544754506,0,432.8601028749183,2,0.3602850561287613,0.37135148676374063,0.776410802610129,0.1320607296623612
2682124.694,1244484.105,1156,21,Wollishofen,2,Kreis 2,22029.0,4145.0,1095.0,0.188161060420355,0.049707204139997276,10273,4223,0.41107758201109706,22000.0,23830.0,0.08318181818181818,594.8350703613596,1,193.920985612565,5,0.3543681184503833,0.19191154707709404,0.9016058824584788,0.1616044881170646
2682324.694,1244684.105,1157,21,Wollishofen,2,Kreis 2,22029.0,4145.0,1095.0,0.188161060420355,0.049707204139997276,10273,4223,0.41107758201109706,22000.0,23830.0,0.08318181818181818,432.1027203476992,1,9.119137075526721,12,0.3543681184503833,0.139260903667185,0.9984350766431787,0.1616044881170646
2682124.694,1244684.105,1158,21,Wollishofen,2,Kreis 2,22029.0,4145.0,1095.0,0.188161060420355,0.049707204139997276,10273,4223,0.41107758201109706,22000.0,23830.0,0.08318181818181818,620.0502890345398,1,192.36828912517936,6,0.3543681184503833,0.20006971284286248,0.902419436818877,0.1616044881170646
2681924.694,1244684.105,1159,21,Wollishofen,2,Kreis 2,22029.0,4145.0,1095.0,0.188161060420355,0.049707204139997276,10273,4223,0.41107758201109706,22000.0,23830.0,0.08318181818181818,813.7640695752982,1,392.3365375043407,6,0.3543681184503833,0.2627441299577182,0.7976436214990461,0.1616044881170646
2682124.694,1244884.105,1160,21,Wollishofen,2,Kreis 2,22029.0,4145.0,1095.0,0.188161060420355,0.049707204139997276,10273,4223,0.41107758201109706,22000.0,23830.0,0.08318181818181818,703.6305571333787,1,180.50702662488285,5,0.3543681184503833,0.2271113852049169,0.9086342907232563,0.1616044881170646
2681924.694,1244884.105,1161,21,Wollishofen,2,Kreis 2,22029.0,4145.0,1095.0,0.188161060420355,0.049707204139997276,10273,4223,0.41107758201109706,22000.0,23830.0,0.08318181818181818,879.1163523287253,1,321.2529667737653,4,0.3543681184503833,0.28388829542319205,0.8348887298575441,0.1616044881170646
2682324.694,1244884.105,1162,21,Wollishofen,2,Kreis 2,22029.0,4145.0,1095.0,0.188161060420355,0.049707204139997276,10273,4223,0.41107758201109706,22000.0,23830.0,0.08318181818181818,545.2947468405455,1,63.721163368301866,11,0.3543681184503833,0.1758832041699403,0.9698256755541979,0.1616044881170646
2681924.694,1245084.105,1163,21,Wollishofen,2,Kreis 2,22029.0,4145.0,1095.0,0.188161060420355,0.049707204139997276,10273,4223,0.41107758201109706,22000.0,23830.0,0.08318181818181818,981.5697432845901,1,233.33552807264158,3,0.3543681184503833,0.3170362033400901,0.8809541497199779,0.1616044881170646
2682124.694,1245084.105,1164,21,Wollishofen,2,Kreis 2,22029.0,4145.0,1095.0,0.188161060420355,0.049707204139997276,10273,4223,0.41107758201109706,22000.0,23830.0,0.08318181818181818,828.0878944483137,1,39.02651228321781,6,0.3543681184503833,0.26737847952368843,0.9827647407430494,0.1616044881170646
2682124.694,1245284.105,1165,24,Enge,2,Kreis 2,10015.0,1700.0,484.0,0.16974538192710933,0.048327508736894655,4725,2026,0.42878306878306877,10110.0,10840.0,0.0722057368941642,977.9382193839518,1,181.0112390460457,4,0.3779927293253277,0.31586125521262176,0.9083701024436173,0.12776177808140965
2681524.694,1245084.105,1166,33,Friesenberg,3,Kreis 3,11226.0,2404.0,590.0,0.2141457331195439,0.05255656511669339,4352,1485,0.34122242647058826,11440.0,12980.0,0.1346153846153846,1326.264815537095,0,508.89158438820243,0,0.24824810934529606,0.42855931065585134,0.7365731757363658,0.3201903467029232
2681724.694,1245284.105,1167,33,Friesenberg,3,Kreis 3,11226.0,2404.0,590.0,0.2141457331195439,0.05255656511669339,4352,1485,0.34122242647058826,11440.0,12980.0,0.1346153846153846,1261.6902793204533,0,462.37924116571133,4,0.24824810934529606,0.407666778351013,0.7609438882023365,0.3201903467029232
2681524.694,1245284.105,1168,33,Friesenberg,3,Kreis 3,11226.0,2404.0,590.0,0.2141457331195439,0.05255656511669339,4352,1485,0.34122242647058826,11440.0,12980.0,0.1346153846153846,1186.8375149345936,0,467.56151965392763,2,0.24824810934529606,0.383448814279364,0.7582285698544569,0.3201903467029232
2681724.694,1245484.105,1169,33,Friesenberg,3,Kreis 3,11226.0,2404.0,590.0,0.2141457331195439,0.05255656511669339,4352,1485,0.34122242647058826,11440.0,12980.0,0.1346153846153846,1225.4165360628192,0,278.27425799195225,5,0.24824810934529606,0.39593072266669477,0.8574079512364784,0.3201903467029232
2681524.694,1245484.105,1170,33,Friesenberg,3,Kreis 3,11226.0,2404.0,590.0,0.2141457331195439,0.05255656511669339,4352,1485,0.34122242647058826,11440.0,12980.0,0.1346153846153846,1058.0593966579318,0,332.0478499570246,5,0.24824810934529606,0.34178376867648014,0.8292326184699815,0.3201903467029232
2681524.694,1245684.105,1171,31,Alt-Wiedikon,3,Kreis 3,18904.0,2591.0,561.0,0.13706093948370715,0.029676258992805755,9386,4434,0.47240571063285747,18750.0,20130.0,0.0736,954.1467847538821,1,202.6008900795383,5,0.3602850561287613,0.3081637424512513,0.8970579400986449,0.1320607296623612
2681324.694,1245684.105,1172,31,Alt-Wiedikon,3,Kreis 3,18904.0,2591.0,561.0,0.13706093948370715,0.029676258992805755,9386,4434,0.47240571063285747,18750.0,20130.0,0.0736,779.897484837667,1,89.55542787023928,4,0.3602850561287613,0.25178688957875967,0.9562894959440916,0.1320607296623612
2681724.694,1245684.105,1173,31,Alt-Wiedikon,3,Kreis 3,18904.0,2591.0,561.0,0.13706093948370715,0.029676258992805755,9386,4434,0.47240571063285747,18750.0,20130.0,0.0736,1136.9046076325942,0,94.83312006361453,6,0.3602850561287613,0.3672934542875927,0.9535241844156359,0.1320607296623612
2681324.694,1245884.105,1174,31,Alt-Wiedikon,3,Kreis 3,18904.0,2591.0,561.0,0.13706093948370715,0.029676258992805755,9386,4434,0.47240571063285747,18750.0,20130.0,0.0736,692.2040789074733,1,148.36280079912237,6,0.3602850561287613,0.22341444707028826,0.9254766519281854,0.1320607296623612
2681524.694,1245884.105,1175,31,Alt-Wiedikon,3,Kreis 3,18904.0,2591.0,561.0,0.13706093948370715,0.029676258992805755,9386,4434,0.47240571063285747,18750.0,20130.0,0.0736,883.9131670340677,1,51.856732070327304,8,0.3602850561287613,0.28544026330501265,0.9760421897889695,0.1320607296623612
2681924.694,1245284.105,1176,31,Alt-Wiedikon,3,Kreis 3,18904.0,2591.0,561.0,0.13706093948370715,0.029676258992805755,9386,4434,0.47240571063285747,18750.0,20130.0,0.0736,1110.906279094591,0,292.72421946421014,4,0.3602850561287613,0.3588819201028214,0.849836716768668,0.1320607296623612
2681924.694,1245484.105,1177,31,Alt-Wiedikon,3,Kreis 3,18904.0,2591.0,561.0,0.13706093948370715,0.029676258992805755,9386,4434,0.47240571063285747,18750.0,20130.0,0.0736,1258.8670942286965,0,248.42335369490777,7,0.3602850561287613,0.40675336124904293,0.8730486985106491,0.1320607296623612
2682124.694,1245484.105,1178,24,Enge,2,Kreis 2,10015.0,1700.0,484.0,0.16974538192710933,0.048327508736894655,4725,2026,0.42878306878306877,10110.0,10840.0,0.0722057368941642,1143.239590344853,0,96.17439711781363,7,0.3779927293253277,0.3693430831153155,0.9528214058592271,0.12776177808140965
2682124.694,1245684.105,1179,24,Enge,2,Kreis 2,10015.0,1700.0,484.0,0.16974538192710933,0.048327508736894655,4725,2026,0.42878306878306877,10110.0,10840.0,0.0722057368941642,1318.1920804389167,0,164.12168248278203,6,0.3779927293253277,0.4259474470837886,0.9172195926684402,0.12776177808140965
2681924.694,1245684.105,1180,31,Alt-Wiedikon,3,Kreis 3,18904.0,2591.0,561.0,0.13706093948370715,0.029676258992805755,9386,4434,0.47240571063285747,18750.0,20130.0,0.0736,1324.6539498511584,0,73.18580915053002,7,0.3602850561287613,0.4280381290050954,0.9648665583614221,0.1320607296623612
2682124.694,1245884.105,1181,24,Enge,2,Kreis 2,10015.0,1700.0,484.0,0.16974538192710933,0.048327508736894655,4725,2026,0.42878306878306877,10110.0,10840.0,0.0722057368941642,1471.4126730078679,0,117.37941327580262,9,0.3779927293253277,0.47552064369605174,0.9417107776728424,0.12776177808140965
2681924.694,1245884.105,1182,31,Alt-Wiedikon,3,Kreis 3,18904.0,2591.0,561.0,0.13706093948370715,0.029676258992805755,9386,4434,0.47240571063285747,18750.0,20130.0,0.0736,1274.9958771918832,0,102.3221122779085,10,0.3602850561287613,0.4119716893833031,0.9496002351310039,0.1320607296623612
2682124.694,1246084.105,1183,24,Enge,2,Kreis 2,10015.0,1700.0,484.0,0.16974538192710933,0.048327508736894655,4725,2026,0.42878306878306877,10110.0,10840.0,0.0722057368941642,1289.9063742334652,0,110.9079377727518,9,0.3779927293253277,0.41679585165180677,0.945101586602012,0.12776177808140965
2682324.694,1246084.105,1184,24,Enge,2,Kreis 2,10015.0,1700.0,484.0,0.16974538192710933,0.048327508736894655,4725,2026,0.42878306878306877,10110.0,10840.0,0.0722057368941642,1391.1115175600046,0,195.7872433562609,8,0.3779927293253277,0.4495398998517318,0.9006280338336216,0.12776177808140965
2681924.694,1246084.105,1185,31,Alt-Wiedikon,3,Kreis 3,18904.0,2591.0,561.0,0.13706093948370715,0.029676258992805755,9386,4434,0.47240571063285747,18750.0,20130.0,0.0736,1213.476680570397,0,50.3243942934179,11,0.3602850561287613,0.3920676857607287,0.9768450769534188,0.1320607296623612
2679724.694,1244484.105,1186,33,Friesenberg,3,Kreis 3,11226.0,2404.0,590.0,0.2141457331195439,0.05255656511669339,4352,1485,0.34122242647058826,11440.0,12980.0,0.1346153846153846,1877.645783116601,0,789.8783138314077,0,0.24824810934529606,0.6069538505528187,0.5893467339882639,0.3201903467029232
2679724.694,1244684.105,1187,33,Friesenberg,3,Kreis 3,11226.0,2404.0,590.0,0.2141457331195439,0.05255656511669339,4352,1485,0.34122242647058826,11440.0,12980.0,0.1346153846153846,1707.7646462131656,0,638.3962332761216,0,0.24824810934529606,0.5519902790169692,0.6687176272434272,0.3201903467029232
2679524.694,1244684.105,1188,33,Friesenberg,3,Kreis 3,11226.0,2404.0,590.0,0.2141457331195439,0.05255656511669339,4352,1485,0.34122242647058826,11440.0,12980.0,0.1346153846153846,1826.0076907985701,0,512.7105915241917,0,0.24824810934529606,0.5902467927073665,0.7345721601269937,0.3201903467029232
2679724.694,1244884.105,1189,33,Friesenberg,3,Kreis 3,11226.0,2404.0,590.0,0.2141457331195439,0.05255656511669339,4352,1485,0.34122242647058826,11440.0,12980.0,0.1346153846153846,1545.1105095932794,0,520.7607422426663,0,0.24824810934529606,0.4993649408736844,0.7303541849643748,0.3201903467029232
2679324.694,1244884.105,1190,33,Friesenberg,3,Kreis 3,11226.0,2404.0,590.0,0.2141457331195439,0.05255656511669339,4352,1485,0.34122242647058826,11440.0,12980.0,0.1346153846153846,1817.4307378427104,0,248.66956118718173,1,0.24824810934529606,0.5874717938114209,0.8729196950766043,0.3201903467029232
2679524.694,1244884.105,1191,33,Friesenberg,3,Kreis 3,11226.0,2404.0,590.0,0.2141457331195439,0.05255656511669339,4352,1485,0.34122242647058826,11440.0,12980.0,0.1346153846153846,1674.8762601623891,0,355.68827737371265,1,0.24824810934529606,0.5413495263569019,0.8168459266968144,0.3201903467029232
2679324.694,1245084.105,1192,33,Friesenberg,3,Kreis 3,11226.0,2404.0,590.0,0.2141457331195439,0.05255656511669339,4352,1485,0.34122242647058826,11440.0,12980.0,0.1346153846153846,1689.3670077444758,0,74.0172321896602,1,0.24824810934529606,0.5460378823206878,0.9644309240669445,0.3201903467029232
2679124.694,1245084.105,1193,33,Friesenberg,3,Kreis 3,11226.0,2404.0,590.0,0.2141457331195439,0.05255656511669339,4352,1485,0.34122242647058826,11440.0,12980.0,0.1346153846153846,1852.5131273098907,0,144.2253468047986,1,0.24824810934529606,0.5988223972879207,0.9276445216730941,0.3201903467029232
2679724.694,1245084.105,1194,33,Friesenberg,3,Kreis 3,11226.0,2404.0,590.0,0.2141457331195439,0.05255656511669339,4352,1485,0.34122242647058826,11440.0,12980.0,0.1346153846153846,1392.2186921800856,0,463.50161883333845,1,0.24824810934529606,0.44989811661754076,0.7603558046631966,0.3201903467029232
2679524.694,1245084.105,1195,33,Friesenberg,3,Kreis 3,11226.0,2404.0,590.0,0.2141457331195439,0.05255656511669339,4352,1485,0.34122242647058826,11440.0,12980.0,0.1346153846153846,1534.9647835880717,0,264.8700637313921,1,0.24824810934529606,0.4960823790352424,0.8644312431527661,0.3201903467029232
2679524.694,1245284.105,1196,33,Friesenberg,3,Kreis 3,11226.0,2404.0,590.0,0.2141457331195439,0.05255656511669339,4352,1485,0.34122242647058826,11440.0,12980.0,0.1346153846153846,1409.6181351187279,0,306.2648374545538,1,0.24824810934529606,0.45552755578938714,0.8427419439666252,0.3201903467029232
2679324.694,1245284.105,1197,33,Friesenberg,3,Kreis 3,11226.0,2404.0,590.0,0.2141457331195439,0.05255656511669339,4352,1485,0.34122242647058826,11440.0,12980.0,0.1346153846153846,1576.3461824280694,0,170.64744551563209,1,0.24824810934529606,0.5094709724768356,0.913800339122475,0.3201903467029232
2679724.694,1245284.105,1198,33,Friesenberg,3,Kreis 3,11226.0,2404.0,590.0,0.2141457331195439,0.05255656511669339,4352,1485,0.34122242647058826,11440.0,12980.0,0.1346153846153846,1252.6688656048143,0,488.33979016778665,1,0.24824810934529606,0.4047479780230174,0.7473415402801534,0.3201903467029232
2679524.694,1245484.105,1199,33,Friesenberg,3,Kreis 3,11226.0,2404.0,590.0,0.2141457331195439,0.05255656511669339,4352,1485,0.34122242647058826,11440.0,12980.0,0.1346153846153846,1303.0463103265458,0,444.34237999661565,1,0.24824810934529606,0.421047164249503,0.7703945227411723,0.3201903467029232
2679124.694,1245484.105,1200,33,Friesenberg,3,Kreis 3,11226.0,2404.0,590.0,0.2141457331195439,0.05255656511669339,4352,1485,0.34122242647058826,11440.0,12980.0,0.1346153846153846,1665.418171768136,0,384.81807475864423,1,0.24824810934529606,0.5382894437160293,0.8015830122299108,0.3201903467029232
2679724.694,1245484.105,1201,33,Friesenberg,3,Kreis 3,11226.0,2404.0,590.0,0.2141457331195439,0.05255656511669339,4352,1485,0.34122242647058826,11440.0,12980.0,0.1346153846153846,1131.4087178626817,0,474.0341176127943,1,0.24824810934529606,0.3655153067190758,0.7548371728008014,0.3201903467029232
2679324.694,1245484.105,1202,33,Friesenberg,3,Kreis 3,11226.0,2404.0,590.0,0.2141457331195439,0.05255656511669339,4352,1485,0.34122242647058826,11440.0,12980.0,0.1346153846153846,1481.8143226651484,0,364.36595705554487,1,0.24824810934529606,0.4788860074171208,0.8122991500404309,0.3201903467029232
2679124.694,1245684.105,1203,33,Friesenberg,3,Kreis 3,11226.0,2404.0,590.0,0.2141457331195439,0.05255656511669339,4352,1485,0.34122242647058826,11440.0,12980.0,0.1346153846153846,1601.4131530793497,0,575.9574208749655,0,0.24824810934529606,0.5175811738781945,0.7014332084917494,0.3201903467029232
2679724.694,1245684.105,1204,33,Friesenberg,3,Kreis 3,11226.0,2404.0,590.0,0.2141457331195439,0.05255656511669339,4352,1485,0.34122242647058826,11440.0,12980.0,0.1346153846153846,1034.8874754560043,0,332.1902236083011,1,0.24824810934529606,0.33428669412294004,0.829158020049915,0.3201903467029232
2679524.694,1245684.105,1205,33,Friesenberg,3,Kreis 3,11226.0,2404.0,590.0,0.2141457331195439,0.05255656511669339,4352,1485,0.34122242647058826,11440.0,12980.0,0.1346153846153846,1220.178711031974,0,510.3653051108387,0,0.24824810934529606,0.39423606971097097,0.7358010016961394,0.3201903467029232
2679124.694,1245284.105,1206,33,Friesenberg,3,Kreis 3,11226.0,2404.0,590.0,0.2141457331195439,0.05255656511669339,4352,1485,0.34122242647058826,11440.0,12980.0,0.1346153846153846,1750.0603666318189,0,210.81496782950916,1,0.24824810934529606,0.5656746932919476,0.8927540733581522,0.3201903467029232
2678924.694,1245484.105,1207,33,Friesenberg,3,Kreis 3,11226.0,2404.0,590.0,0.2141457331195439,0.05255656511669339,4352,1485,0.34122242647058826,11440.0,12980.0,0.1346153846153846,1852.4204940713296,0,493.36330493957075,1,0.24824810934529606,0.5987924266053185,0.7447094081279184,0.3201903467029232
2678924.694,1245684.105,1208,33,Friesenberg,3,Kreis 3,11226.0,2404.0,590.0,0.2141457331195439,0.05255656511669339,4352,1485,0.34122242647058826,11440.0,12980.0,0.1346153846153846,1795.0955648253084,0,653.4901304999858,0,0.24824810934529606,0.5802454418909875,0.6608089947440043,0.3201903467029232
2678724.694,1245884.105,1209,91,Albisrieden,9,Kreis 9,24304.0,4944.0,1335.0,0.2034233048057933,0.054929229756418695,11529,4794,0.41582097319802236,24250.0,26610.0,0.09731958762886599,1957.324318260892,0,930.5985980329152,0,0.38852867930625257,0.6327331509866526,0.515614615870717,0.2051956769401246
2679124.694,1245884.105,1210,33,Friesenberg,3,Kreis 3,11226.0,2404.0,590.0,0.2141457331195439,0.05255656511669339,4352,1485,0.34122242647058826,11440.0,12980.0,0.1346153846153846,1560.5865842226024,0,771.6015491566451,0,0.24824810934529606,0.5043720908756676,0.598923068910076,0.3201903467029232
2678924.694,1245884.105,1211,91,Albisrieden,9,Kreis 9,24304.0,4944.0,1335.0,0.2034233048057933,0.054929229756418695,11529,4794,0.41582097319802236,24250.0,26610.0,0.09731958762886599,1758.7707317486033,0,831.0784262997572,0,0.38852867930625257,0.5684928565378876,0.5677594299531004,0.2051956769401246
2678324.694,1246084.105,1212,91,Albisrieden,9,Kreis 9,24304.0,4944.0,1335.0,0.2034233048057933,0.054929229756418695,11529,4794,0.41582097319802236,24250.0,26610.0,0.09731958762886599,2344.720215048138,0,1162.1941656458353,0,0.38852867930625257,0.758071740508005,0.3942672788920357,0.2051956769401246
2679124.694,1246084.105,1213,91,Albisrieden,9,Kreis 9,24304.0,4944.0,1335.0,0.2034233048057933,0.054929229756418695,11529,4794,0.41582097319802236,24250.0,26610.0,0.09731958762886599,1544.777293610828,0,775.0277276723734,0,0.38852867930625257,0.4992571317265231,0.597127880672311,0.2051956769401246
2678524.694,1246084.105,1214,91,Albisrieden,9,Kreis 9,24304.0,4944.0,1335.0,0.2034233048057933,0.054929229756418695,11529,4794,0.41582097319802236,24250.0,26610.0,0.09731958762886599,2144.730492825483,0,1037.9957507913227,0,0.38852867930625257,0.6933667967798042,0.4593425610095153,0.2051956769401246
2678724.694,1246084.105,1215,91,Albisrieden,9,Kreis 9,24304.0,4944.0,1335.0,0.2034233048057933,0.054929229756418695,11529,4794,0.41582097319802236,24250.0,26610.0,0.09731958762886599,1944.7428845108266,0,915.7034337933299,0,0.38852867930625257,0.6286625369882406,0.5234191197865896,0.2051956769401246
2678924.694,1246084.105,1216,91,Albisrieden,9,Kreis 9,24304.0,4944.0,1335.0,0.2034233048057933,0.054929229756418695,11529,4794,0.41582097319802236,24250.0,26610.0,0.09731958762886599,1744.758117005203,0,824.3727182900639,0,0.38852867930625257,0.5639591963158527,0.5712729678757817,0.2051956769401246
2678924.694,1246284.105,1217,91,Albisrieden,9,Kreis 9,24304.0,4944.0,1335.0,0.2034233048057933,0.054929229756418695,11529,4794,0.41582097319802236,24250.0,26610.0,0.09731958762886599,1753.5926798591418,0,641.8974829838029,0,0.38852867930625257,0.5668175426647262,0.6668831045342767,0.2051956769401246
2679124.694,1246284.105,1218,91,Albisrieden,9,Kreis 9,24304.0,4944.0,1335.0,0.2034233048057933,0.054929229756418695,11529,4794,0.41582097319802236,24250.0,26610.0,0.09731958762886599,1554.7486249730593,0,577.1568059557084,0,0.38852867930625257,0.5024832696876034,0.7008047759744079,0.2051956769401246
2678724.694,1246284.105,1219,91,Albisrieden,9,Kreis 9,24304.0,4944.0,1335.0,0.2034233048057933,0.054929229756418695,11529,4794,0.41582097319802236,24250.0,26610.0,0.09731958762886599,1952.672857100112,0,755.6154965727528,0,0.38852867930625257,0.6312282109861505,0.6072991571480801,0.2051956769401246
2678524.694,1246284.105,1220,91,Albisrieden,9,Kreis 9,24304.0,4944.0,1335.0,0.2034233048057933,0.054929229756418695,11529,4794,0.41582097319802236,24250.0,26610.0,0.09731958762886599,2151.9236247728363,0,899.9317633358844,0,0.38852867930625257,0.6956940723653208,0.5316828798811484,0.2051956769401246
2679124.694,1246484.105,1221,91,Albisrieden,9,Kreis 9,24304.0,4944.0,1335.0,0.2034233048057933,0.054929229756418695,11529,4794,0.41582097319802236,24250.0,26610.0,0.09731958762886599,1590.0156247206012,0,381.5127503255791,1,0.38852867930625257,0.5138936022225253,0.803314877489411,0.2051956769401246
2678924.694,1246484.105,1222,91,Albisrieden,9,Kreis 9,24304.0,4944.0,1335.0,0.2034233048057933,0.054929229756418695,11529,4794,0.41582097319802236,24250.0,26610.0,0.09731958762886599,1784.9352052261145,0,473.78727152693114,1,0.38852867930625257,0.5769581454798639,0.7549665108337864,0.2051956769401246
2678324.694,1246484.105,1223,91,Albisrieden,9,Kreis 9,24304.0,4944.0,1335.0,0.2034233048057933,0.054929229756418695,11529,4794,0.41582097319802236,24250.0,26610.0,0.09731958762886599,2195.817390043404,0,872.455889235212,0,0.38852867930625257,0.7098955202211706,0.5460792009664062,0.2051956769401246
2678724.694,1246484.105,1224,91,Albisrieden,9,Kreis 9,24304.0,4944.0,1335.0,0.2034233048057933,0.054929229756418695,11529,4794,0.41582097319802236,24250.0,26610.0,0.09731958762886599,1980.8679125210595,0,619.1904219712062,0,0.38852867930625257,0.6403504771413822,0.6787807475370841,0.2051956769401246
2678524.694,1246484.105,1225,91,Albisrieden,9,Kreis 9,24304.0,4944.0,1335.0,0.2034233048057933,0.054929229756418695,11529,4794,0.41582097319802236,24250.0,26610.0,0.09731958762886599,2093.715169362145,0,788.8720927126442,0,0.38852867930625257,0.6768612304072673,0.5898739558795643,0.2051956769401246
2677924.694,1246084.105,1226,91,Albisrieden,9,Kreis 9,24304.0,4944.0,1335.0,0.2034233048057933,0.054929229756418695,11529,4794,0.41582097319802236,24250.0,26610.0,0.09731958762886599,2744.7041528833815,0,980.071466098831,0,0.38852867930625257,0.8874830817618296,0.48969270011743116,0.2051956769401246
2678124.694,1246084.105,1227,91,Albisrieden,9,Kreis 9,24304.0,4944.0,1335.0,0.2034233048057933,0.054929229756418695,11529,4794,0.41582097319802236,24250.0,26610.0,0.09731958762886599,2544.7115527806554,0,1056.2280429249954,0,0.38852867930625257,0.8227772069204397,0.4497895280208343,0.2051956769401246
2677924.694,1246284.105,1228,91,Albisrieden,9,Kreis 9,24304.0,4944.0,1335.0,0.2034233048057933,0.054929229756418695,11529,4794,0.41582097319802236,24250.0,26610.0,0.09731958762886599,2591.2241142781813,0,791.0638903787132,0,0.38852867930625257,0.8378259436300253,0.5887255366213076,0.2051956769401246
2678324.694,1246284.105,1229,91,Albisrieden,9,Kreis 9,24304.0,4944.0,1335.0,0.2034233048057933,0.054929229756418695,11529,4794,0.41582097319802236,24250.0,26610.0,0.09731958762886599,2351.3016154580023,0,1007.9371402330663,0,0.38852867930625257,0.7602010956490602,0.47509213852569654,0.2051956769401246
2678124.694,1246284.105,1230,91,Albisrieden,9,Kreis 9,24304.0,4944.0,1335.0,0.2034233048057933,0.054929229756418695,11529,4794,0.41582097319802236,24250.0,26610.0,0.09731958762886599,2473.1501390770586,0,883.6626498054325,0,0.38852867930625257,0.7996241308756288,0.5402072813723885,0.2051956769401246
2678124.694,1246484.105,1231,91,Albisrieden,9,Kreis 9,24304.0,4944.0,1335.0,0.2034233048057933,0.054929229756418695,11529,4794,0.41582097319802236,24250.0,26610.0,0.09731958762886599,2310.7541648597967,0,725.3286694052227,0,0.38852867930625257,0.7470823189433357,0.6231683115545927,0.2051956769401246
2677724.694,1246484.105,1232,91,Albisrieden,9,Kreis 9,24304.0,4944.0,1335.0,0.2034233048057933,0.054929229756418695,11529,4794,0.41582097319802236,24250.0,26610.0,0.09731958762886599,2572.06656414966,0,544.0096310370282,0,0.38852867930625257,0.8316276840931871,0.718172644652582,0.2051956769401246
2677924.694,1246484.105,1233,91,Albisrieden,9,Kreis 9,24304.0,4944.0,1335.0,0.2034233048057933,0.054929229756418695,11529,4794,0.41582097319802236,24250.0,26610.0,0.09731958762886599,2436.709997192273,0,609.1174588378642,0,0.38852867930625257,0.787834238355664,0.684058600063858,0.2051956769401246
2677724.694,1246684.105,1234,91,Albisrieden,9,Kreis 9,24304.0,4944.0,1335.0,0.2034233048057933,0.054929229756418695,11529,4794,0.41582097319802236,24250.0,26610.0,0.09731958762886599,2432.825437719825,0,348.1213562265838,1,0.38852867930625257,0.7865774227589417,0.8208107078012026,0.2051956769401246
2677924.694,1246684.105,1235,91,Albisrieden,9,Kreis 9,24304.0,4944.0,1335.0,0.2034233048057933,0.054929229756418695,11529,4794,0.41582097319802236,24250.0,26610.0,0.09731958762886599,2289.2507093843583,0,443.0192757218242,1,0.38852867930625257,0.7401250620351479,0.7710877794470147,0.2051956769401246
2679524.694,1246484.105,1236,91,Albisrieden,9,Kreis 9,24304.0,4944.0,1335.0,0.2034233048057933,0.054929229756418695,11529,4794,0.41582097319802236,24250.0,26610.0,0.09731958762886599,1205.1811842439906,0,294.32517503761943,3,0.38852867930625257,0.38938374972125545,0.8489978764684983,0.2051956769401246
2679324.694,1246484.105,1237,91,Albisrieden,9,Kreis 9,24304.0,4944.0,1335.0,0.2034233048057933,0.054929229756418695,11529,4794,0.41582097319802236,24250.0,26610.0,0.09731958762886599,1396.5334535397624,0,382.9224185929067,2,0.38852867930625257,0.45129412031150895,0.8025762645184172,0.2051956769401246
2679324.694,1246684.105,1238,91,Albisrieden,9,Kreis 9,24304.0,4944.0,1335.0,0.2034233048057933,0.054929229756418695,11529,4794,0.41582097319802236,24250.0,26610.0,0.09731958762886599,1463.2881079458414,0,197.66531982377143,2,0.38852867930625257,0.4728920109877706,0.8996439926435257,0.2051956769401246
2679724.694,1246684.105,1239,91,Albisrieden,9,Kreis 9,24304.0,4944.0,1335.0,0.2034233048057933,0.054929229756418695,11529,4794,0.41582097319802236,24250.0,26610.0,0.09731958762886599,1107.0339140495312,0,161.70005770243716,4,0.38852867930625257,0.35762904990753863,0.9184884326608687,0.2051956769401246
2679524.694,1246684.105,1240,91,Albisrieden,9,Kreis 9,24304.0,4944.0,1335.0,0.2034233048057933,0.054929229756418695,11529,4794,0.41582097319802236,24250.0,26610.0,0.09731958762886599,1281.9391899991872,0,317.913995698393,5,0.38852867930625257,0.4142181381482237,0.8366382246877839,0.2051956769401246
2679124.694,1246884.105,1241,91,Albisrieden,9,Kreis 9,24304.0,4944.0,1335.0,0.2034233048057933,0.054929229756418695,11529,4794,0.41582097319802236,24250.0,26610.0,0.09731958762886599,1495.311743556369,0,102.15663787034468,3,0.38852867930625257,0.48325298112724946,0.9496869374755391,0.2051956769401246
2679324.694,1246884.105,1242,91,Albisrieden,9,Kreis 9,24304.0,4944.0,1335.0,0.2034233048057933,0.054929229756418695,11529,4794,0.41582097319802236,24250.0,26610.0,0.09731958762886599,1455.3303440860834,0,107.30134510352788,4,0.38852867930625257,0.47031734536483083,0.9469913050473522,0.2051956769401246
2679524.694,1246884.105,1243,91,Albisrieden,9,Kreis 9,24304.0,4944.0,1335.0,0.2034233048057933,0.054929229756418695,11529,4794,0.41582097319802236,24250.0,26610.0,0.09731958762886599,1383.5730869223341,0,138.2086562448338,5,0.38852867930625257,0.447100905863499,0.9307970404557366,0.2051956769401246
2679724.694,1247084.105,1244,91,Albisrieden,9,Kreis 9,24304.0,4944.0,1335.0,0.2034233048057933,0.054929229756418695,11529,4794,0.41582097319802236,24250.0,26610.0,0.09731958762886599,1259.0305835912004,0,200.55231901189484,4,0.38852867930625257,0.40680625681729216,0.8981313140247194,0.2051956769401246
2679524.694,1247084.105,1245,91,Albisrieden,9,Kreis 9,24304.0,4944.0,1335.0,0.2034233048057933,0.054929229756418695,11529,4794,0.41582097319802236,24250.0,26610.0,0.09731958762886599,1242.2273585853231,0,62.7983491900479,5,0.38852867930625257,0.40136971879736777,0.9703091953564613,0.2051956769401246
2677524.694,1246684.105,1246,91,Albisrieden,9,Kreis 9,24304.0,4944.0,1335.0,0.2034233048057933,0.054929229756418695,11529,4794,0.41582097319802236,24250.0,26610.0,0.09731958762886599,2583.9137776668417,0,355.1209352614718,1,0.38852867930625257,0.835460747489874,0.8171431925520547,0.2051956769401246
2678124.694,1246684.105,1247,91,Albisrieden,9,Kreis 9,24304.0,4944.0,1335.0,0.2034233048057933,0.054929229756418695,11529,4794,0.41582097319802236,24250.0,26610.0,0.09731958762886599,2154.692091788736,0,592.7425062041218,0,0.38852867930625257,0.6965897859074284,0.6926384572508391,0.2051956769401246
2677924.694,1246884.105,1248,91,Albisrieden,9,Kreis 9,24304.0,4944.0,1335.0,0.2034233048057933,0.054929229756418695,11529,4794,0.41582097319802236,24250.0,26610.0,0.09731958762886599,2150.29812128849,0,318.6033249372678,1,0.38852867930625257,0.6951681547815786,0.8362770421819996,0.2051956769401246
2678324.694,1246884.105,1249,91,Albisrieden,9,Kreis 9,24304.0,4944.0,1335.0,0.2034233048057933,0.054929229756418695,11529,4794,0.41582097319802236,24250.0,26610.0,0.09731958762886599,1872.9229590180878,0,701.1870496958637,0,0.38852867930625257,0.6054258216914542,0.6358176091740491,0.2051956769401246
2677524.694,1246884.105,1250,91,Albisrieden,9,Kreis 9,24304.0,4944.0,1335.0,0.2034233048057933,0.054929229756418695,11529,4794,0.41582097319802236,24250.0,26610.0,0.09731958762886599,2461.6505865814,0,177.06744099629094,1,0.38852867930625257,0.7959035501934743,0.9104365037821753,0.2051956769401246
2677724.694,1246884.105,1251,91,Albisrieden,9,Kreis 9,24304.0,4944.0,1335.0,0.2034233048057933,0.054929229756418695,11529,4794,0.41582097319802236,24250.0,26610.0,0.09731958762886599,2302.553541270361,0,162.57453263358508,1,0.38852867930625257,0.7444290781567925,0.9180302407997585,0.2051956769401246
2678124.694,1246884.105,1252,91,Albisrieden,9,Kreis 9,24304.0,4944.0,1335.0,0.2034233048057933,0.054929229756418695,11529,4794,0.41582097319802236,24250.0,26610.0,0.09731958762886599,2006.4424263897881,0,506.54286951958557,0,0.38852867930625257,0.6486248897579957,0.7378038136866796,0.2051956769401246
2677724.694,1247084.105,1253,91,Albisrieden,9,Kreis 9,24304.0,4944.0,1335.0,0.2034233048057933,0.054929229756418695,11529,4794,0.41582097319802236,24250.0,26610.0,0.09731958762886599,2182.8573041810823,0,108.03924592952863,1,0.38852867930625257,0.7057023966090454,0.9466046728630125,0.2051956769401246
2677924.694,1247084.105,1254,91,Albisrieden,9,Kreis 9,24304.0,4944.0,1335.0,0.2034233048057933,0.054929229756418695,11529,4794,0.41582097319802236,24250.0,26610.0,0.09731958762886599,2021.6070860621833,0,294.5336630354412,1,0.38852867930625257,0.6535312841459394,0.8488886366260071,0.2051956769401246
2678124.694,1247084.105,1255,91,Albisrieden,9,Kreis 9,24304.0,4944.0,1335.0,0.2034233048057933,0.054929229756418695,11529,4794,0.41582097319802236,24250.0,26610.0,0.09731958762886599,1867.8662720914904,0,491.75977739250743,1,0.38852867930625257,0.6037897744016223,0.7455495960452162,0.2051956769401246
2679124.694,1246684.105,1256,91,Albisrieden,9,Kreis 9,24304.0,4944.0,1335.0,0.2034233048057933,0.054929229756418695,11529,4794,0.41582097319802236,24250.0,26610.0,0.09731958762886599,1648.956059710406,0,194.92044187560265,1,0.38852867930625257,0.5329632698381693,0.9010822050962721,0.2051956769401246
2678924.694,1246684.105,1257,91,Albisrieden,9,Kreis 9,24304.0,4944.0,1335.0,0.2034233048057933,0.054929229756418695,11529,4794,0.41582097319802236,24250.0,26610.0,0.09731958762886599,1746.6581836230685,0,341.9303710712556,1,0.38852867930625257,0.5645739464251204,0.8240545503739122,0.2051956769401246
2678524.694,1246684.105,1258,91,Albisrieden,9,Kreis 9,24304.0,4944.0,1335.0,0.2034233048057933,0.054929229756418695,11529,4794,0.41582097319802236,24250.0,26610.0,0.09731958762886599,1920.092812969513,0,717.4685907137812,0,0.38852867930625257,0.6206872196856791,0.6272866961483923,0.2051956769401246
2678724.694,1246684.105,1259,91,Albisrieden,9,Kreis 9,24304.0,4944.0,1335.0,0.2034233048057933,0.054929229756418695,11529,4794,0.41582097319802236,24250.0,26610.0,0.09731958762886599,1824.495988051853,0,525.2035592614286,0,0.38852867930625257,0.5897576943673467,0.7280263165191054,0.2051956769401246
2678324.694,1246684.105,1260,91,Albisrieden,9,Kreis 9,24304.0,4944.0,1335.0,0.2034233048057933,0.054929229756418695,11529,4794,0.41582097319802236,24250.0,26610.0,0.09731958762886599,2030.9424438957024,0,765.7814823180286,0,0.38852867930625257,0.656551658376111,0.6019725642833399,0.2051956769401246
2678524.694,1246884.105,1261,91,Albisrieden,9,Kreis 9,24304.0,4944.0,1335.0,0.2034233048057933,0.054929229756418695,11529,4794,0.41582097319802236,24250.0,26610.0,0.09731958762886599,1752.1043377656479,0,697.9994116478981,0,0.38852867930625257,0.566336002461872,0.6374878112092583,0.2051956769401246
2678724.694,1246884.105,1262,91,Albisrieden,9,Kreis 9,24304.0,4944.0,1335.0,0.2034233048057933,0.054929229756418695,11529,4794,0.41582097319802236,24250.0,26610.0,0.09731958762886599,1646.7843849202995,0,498.27781273187895,1,0.38852867930625257,0.5322606432555226,0.7421343915189895,0.2051956769401246
2678924.694,1246884.105,1263,91,Albisrieden,9,Kreis 9,24304.0,4944.0,1335.0,0.2034233048057933,0.054929229756418695,11529,4794,0.41582097319802236,24250.0,26610.0,0.09731958762886599,1560.1051280017825,0,298.9287183609482,1,0.38852867930625257,0.5042163198823909,0.8465857935054703,0.2051956769401246
2678924.694,1247084.105,1264,91,Albisrieden,9,Kreis 9,24304.0,4944.0,1335.0,0.2034233048057933,0.054929229756418695,11529,4794,0.41582097319802236,24250.0,26610.0,0.09731958762886599,1377.3311912599236,0,376.56391045997975,2,0.38852867930625257,0.4450813945450927,0.8059078828090469,0.2051956769401246
2679124.694,1247084.105,1265,91,Albisrieden,9,Kreis 9,24304.0,4944.0,1335.0,0.2034233048057933,0.054929229756418695,11529,4794,0.41582097319802236,24250.0,26610.0,0.09731958762886599,1303.483950962807,0,250.75481782204164,3,0.38852867930625257,0.4211887590896165,0.8718270992978271,0.2051956769401246
2678324.694,1247084.105,1266,91,Albisrieden,9,Kreis 9,24304.0,4944.0,1335.0,0.2034233048057933,0.054929229756418695,11529,4794,0.41582097319802236,24250.0,26610.0,0.09731958762886599,1723.6454422000747,0,690.5832887213404,0,0.38852867930625257,0.5571283731113645,0.6413735797372141,0.2051956769401246
2678724.694,1247084.105,1267,91,Albisrieden,9,Kreis 9,24304.0,4944.0,1335.0,0.2034233048057933,0.054929229756418695,11529,4794,0.41582097319802236,24250.0,26610.0,0.09731958762886599,1474.7921922824755,0,548.381964200919,0,0.38852867930625257,0.4766140579078501,0.7158817070871943,0.2051956769401246
2678524.694,1247084.105,1268,91,Albisrieden,9,Kreis 9,24304.0,4944.0,1335.0,0.2034233048057933,0.054929229756418695,11529,4794,0.41582097319802236,24250.0,26610.0,0.09731958762886599,1591.534734279218,0,698.8743053374394,0,0.38852867930625257,0.5143850969724297,0.6370293999345542,0.2051956769401246
2678724.694,1247284.105,1269,91,Albisrieden,9,Kreis 9,24304.0,4944.0,1335.0,0.2034233048057933,0.054929229756418695,11529,4794,0.41582097319802236,24250.0,26610.0,0.09731958762886599,1310.7727531564624,0,416.10683082705424,1,0.38852867930625257,0.4235469879553048,0.78518888489228,0.2051956769401246
2679124.694,1247284.105,1270,91,Albisrieden,9,Kreis 9,24304.0,4944.0,1335.0,0.2034233048057933,0.054929229756418695,11529,4794,0.41582097319802236,24250.0,26610.0,0.09731958762886599,1114.5329113209855,0,129.56900347292634,6,0.38852867930625257,0.36005528557142524,0.9353238924464609,0.2051956769401246
2678524.694,1247284.105,1271,91,Albisrieden,9,Kreis 9,24304.0,4944.0,1335.0,0.2034233048057933,0.054929229756418695,11529,4794,0.41582097319802236,24250.0,26610.0,0.09731958762886599,1440.866409635967,0,572.0728053848401,0,0.38852867930625257,0.4656376645578281,0.70346860040262,0.2051956769401246
2678924.694,1247284.105,1272,91,Albisrieden,9,Kreis 9,24304.0,4944.0,1335.0,0.2034233048057933,0.054929229756418695,11529,4794,0.41582097319802236,24250.0,26610.0,0.09731958762886599,1200.064335949328,0,314.67839878356506,3,0.38852867930625257,0.3877282377414784,0.8383335553592546,0.2051956769401246
2678324.694,1247284.105,1273,91,Albisrieden,9,Kreis 9,24304.0,4944.0,1335.0,0.2034233048057933,0.054929229756418695,11529,4794,0.41582097319802236,24250.0,26610.0,0.09731958762886599,1585.5809062981027,0,736.3065113532372,0,0.38852867930625257,0.5124587874591011,0.6174163366791888,0.2051956769401246
2679124.694,1247484.105,1274,91,Albisrieden,9,Kreis 9,24304.0,4944.0,1335.0,0.2034233048057933,0.054929229756418695,11529,4794,0.41582097319802236,24250.0,26610.0,0.09731958762886599,930.2133144702096,1,154.08469963313877,4,0.38852867930625257,0.30042027528346615,0.9224785928844571,0.2051956769401246
2678724.694,1247484.105,1275,91,Albisrieden,9,Kreis 9,24304.0,4944.0,1335.0,0.2034233048057933,0.054929229756418695,11529,4794,0.41582097319802236,24250.0,26610.0,0.09731958762886599,1158.118478575225,0,303.29341348095136,2,0.38852867930625257,0.37415701862652423,0.8442988579868188,0.2051956769401246
2677524.694,1247084.105,1276,91,Albisrieden,9,Kreis 9,24304.0,4944.0,1335.0,0.2034233048057933,0.054929229756418695,11529,4794,0.41582097319802236,24250.0,26610.0,0.09731958762886599,2350.0716606981528,0,128.82111108419895,1,0.38852867930625257,0.7598031544316827,0.9357157598325863,0.2051956769401246
2677724.694,1247284.105,1277,91,Albisrieden,9,Kreis 9,24304.0,4944.0,1335.0,0.2034233048057933,0.054929229756418695,11529,4794,0.41582097319802236,24250.0,26610.0,0.09731958762886599,2075.5672020960255,0,277.33459694205794,1,0.38852867930625257,0.670989612667691,0.857900298163678,0.2051956769401246
2678124.694,1247284.105,1278,91,Albisrieden,9,Kreis 9,24304.0,4944.0,1335.0,0.2034233048057933,0.054929229756418695,11529,4794,0.41582097319802236,24250.0,26610.0,0.09731958762886599,1741.2747084871426,0,554.1386817946578,0,0.38852867930625257,0.5628321696384891,0.7128654043274365,0.2051956769401246
2677924.694,1247284.105,1279,91,Albisrieden,9,Kreis 9,24304.0,4944.0,1335.0,0.2034233048057933,0.054929229756418695,11529,4794,0.41582097319802236,24250.0,26610.0,0.09731958762886599,1905.2580954865023,0,389.86161475716915,1,0.38852867930625257,0.6158875752374844,0.7989403876146186,0.2051956769401246
2678124.694,1247484.105,1280,91,Albisrieden,9,Kreis 9,24304.0,4944.0,1335.0,0.2034233048057933,0.054929229756418695,11529,4794,0.41582097319802236,24250.0,26610.0,0.09731958762886599,1629.463350436887,0,672.5412096378285,0,0.38852867930625257,0.526656572460746,0.6508269482662792,0.2051956769401246
2677724.694,1247484.105,1281,92,Altstetten,9,Kreis 9,36874.0,6802.0,1610.0,0.18446601941747573,0.04366220100884092,18340,8197,0.44694656488549617,36980.0,40280.0,0.08923742563547864,1951.591002213633,0,471.3347840558834,1,0.38605258850575336,0.6308781862010079,0.7562515217113807,0.1802758300808398
2677924.694,1247484.105,1282,91,Albisrieden,9,Kreis 9,24304.0,4944.0,1335.0,0.2034233048057933,0.054929229756418695,11529,4794,0.41582097319802236,24250.0,26610.0,0.09731958762886599,1803.6412088929646,0,545.1917815421101,0,0.38852867930625257,0.583010311067131,0.7175532424024516,0.2051956769401246
2677524.694,1247484.105,1283,92,Altstetten,9,Kreis 9,36874.0,6802.0,1610.0,0.18446601941747573,0.04366220100884092,18340,8197,0.44694656488549617,36980.0,40280.0,0.08923742563547864,2024.5541336109368,0,476.52794111253604,1,0.38605258850575336,0.6544847758738499,0.7535305034041992,0.1802758300808398
2677324.694,1247684.105,1284,92,Altstetten,9,Kreis 9,36874.0,6802.0,1610.0,0.18446601941747573,0.04366220100884092,18340,8197,0.44694656488549617,36980.0,40280.0,0.08923742563547864,1941.5063842081483,0,732.9688115198978,0,0.38605258850575336,0.6276153953269908,0.6191651654265804,0.1802758300808398
2678124.694,1247684.105,1285,91,Albisrieden,9,Kreis 9,24304.0,4944.0,1335.0,0.2034233048057933,0.054929229756418695,11529,4794,0.41582097319802236,24250.0,26610.0,0.09731958762886599,1535.6640291473348,0,823.1364884763074,0,0.38852867930625257,0.4963086138840209,0.5719207056426967,0.2051956769401246
2680124.694,1244884.105,1286,33,Friesenberg,3,Kreis 3,11226.0,2404.0,590.0,0.2141457331195439,0.05255656511669339,4352,1485,0.34122242647058826,11440.0,12980.0,0.1346153846153846,1338.5359490337596,0,692.11063758682,0,0.24824810934529606,0.4325295296929023,0.6405733065740717,0.3201903467029232
2680324.694,1244884.105,1287,33,Friesenberg,3,Kreis 3,11226.0,2404.0,590.0,0.2141457331195439,0.05255656511669339,4352,1485,0.34122242647058826,11440.0,12980.0,0.1346153846153846,1270.3678549364195,0,508.8169952555516,0,0.24824810934529606,0.410474332837754,0.7366122576268702,0.3201903467029232
2679924.694,1244884.105,1288,33,Friesenberg,3,Kreis 3,11226.0,2404.0,590.0,0.2141457331195439,0.05255656511669339,4352,1485,0.34122242647058826,11440.0,12980.0,0.1346153846153846,1431.6153417924995,0,704.1799135598703,0,0.24824810934529606,0.4626445616244138,0.6342494614604283,0.3201903467029232
2680324.694,1245084.105,1289,33,Friesenberg,3,Kreis 3,11226.0,2404.0,590.0,0.2141457331195439,0.05255656511669339,4352,1485,0.34122242647058826,11440.0,12980.0,0.1346153846153846,1079.2316187250003,0,451.8149340835035,1,0.24824810934529606,0.34863385788219164,0.7664791864149237,0.3201903467029232
2680124.694,1245084.105,1290,33,Friesenberg,3,Kreis 3,11226.0,2404.0,590.0,0.2141457331195439,0.05255656511669339,4352,1485,0.34122242647058826,11440.0,12980.0,0.1346153846153846,1158.6996534286752,0,651.3517748965047,0,0.24824810934529606,0.3743450527203307,0.6619294123783762,0.3201903467029232
2679924.694,1245084.105,1291,33,Friesenberg,3,Kreis 3,11226.0,2404.0,590.0,0.2141457331195439,0.05255656511669339,4352,1485,0.34122242647058826,11440.0,12980.0,0.1346153846153846,1265.0805851232087,0,662.9565224516455,0,0.24824810934529606,0.40876368245063693,0.6558489626243472,0.3201903467029232
2679924.694,1245284.105,1292,33,Friesenberg,3,Kreis 3,11226.0,2404.0,590.0,0.2141457331195439,0.05255656511669339,4352,1485,0.34122242647058826,11440.0,12980.0,0.1346153846153846,1109.6554811542655,0,590.7147743716943,0,0.24824810934529606,0.3584772352547971,0.6937009122041361,0.3201903467029232
2680324.694,1245284.105,1293,33,Friesenberg,3,Kreis 3,11226.0,2404.0,590.0,0.2141457331195439,0.05255656511669339,4352,1485,0.34122242647058826,11440.0,12980.0,0.1346153846153846,891.9906315964361,1,478.93500045504413,1,0.24824810934529606,0.2880536570542809,0.7522692951514955,0.3201903467029232
2680124.694,1245284.105,1294,33,Friesenberg,3,Kreis 3,11226.0,2404.0,590.0,0.2141457331195439,0.05255656511669339,4352,1485,0.34122242647058826,11440.0,12980.0,0.1346153846153846,986.6566205401739,1,585.0873273802756,0,0.24824810934529606,0.3186820184495704,0.6966494820469695,0.3201903467029232
2679924.694,1245484.105,1295,33,Friesenberg,3,Kreis 3,11226.0,2404.0,590.0,0.2141457331195439,0.05255656511669339,4352,1485,0.34122242647058826,11440.0,12980.0,0.1346153846153846,970.6913447928384,1,393.1741912447893,2,0.24824810934529606,0.31351659165985546,0.7972047225522253,0.3201903467029232
2680924.694,1244884.105,1296,33,Friesenberg,3,Kreis 3,11226.0,2404.0,590.0,0.2141457331195439,0.05255656511669339,4352,1485,0.34122242647058826,11440.0,12980.0,0.1346153846153846,1249.1206854647457,0,280.2276479240565,2,0.24824810934529606,0.403599995047947,0.8563844486332766,0.3201903467029232
2681124.694,1244884.105,1297,33,Friesenberg,3,Kreis 3,11226.0,2404.0,590.0,0.2141457331195439,0.05255656511669339,4352,1485,0.34122242647058826,11440.0,12980.0,0.1346153846153846,1304.7829271016572,0,378.38266960979485,2,0.24824810934529606,0.4216090315767946,0.8049549216547793,0.3201903467029232
2681324.694,1245084.105,1298,33,Friesenberg,3,Kreis 3,11226.0,2404.0,590.0,0.2141457331195439,0.05255656511669339,4352,1485,0.34122242647058826,11440.0,12980.0,0.1346153846153846,1214.7102069448683,0,327.25073668531496,1,0.24824810934529606,0.3924667825431051,0.8317461247806031,0.3201903467029232
2680924.694,1245084.105,1299,33,Friesenberg,3,Kreis 3,11226.0,2404.0,590.0,0.2141457331195439,0.05255656511669339,4352,1485,0.34122242647058826,11440.0,12980.0,0.1346153846153846,1054.1389314772227,0,154.17371585663207,2,0.24824810934529606,0.34051533609861134,0.9224319517428319,0.3201903467029232
2681124.694,1245084.105,1300,33,Friesenberg,3,Kreis 3,11226.0,2404.0,590.0,0.2141457331195439,0.05255656511669339,4352,1485,0.34122242647058826,11440.0,12980.0,0.1346153846153846,1119.5378005480623,0,187.65778603891636,2,0.24824810934529606,0.3616745741638827,0.9048875626610056,0.3201903467029232
2681324.694,1245284.105,1301,33,Friesenberg,3,Kreis 3,11226.0,2404.0,590.0,0.2141457331195439,0.05255656511669339,4352,1485,0.34122242647058826,11440.0,12980.0,0.1346153846153846,1051.8684741240559,0,281.30951754441924,2,0.24824810934529606,0.33978074927264246,0.8558175897821237,0.3201903467029232
2681124.694,1245284.105,1302,33,Friesenberg,3,Kreis 3,11226.0,2404.0,590.0,0.2141457331195439,0.05255656511669339,4352,1485,0.34122242647058826,11440.0,12980.0,0.1346153846153846,940.3569996847035,1,85.19063716759169,4,0.24824810934529606,0.3037021768417356,0.9585764815444414,0.3201903467029232
2680924.694,1245284.105,1303,33,Friesenberg,3,Kreis 3,11226.0,2404.0,590.0,0.2141457331195439,0.05255656511669339,4352,1485,0.34122242647058826,11440.0,12980.0,0.1346153846153846,861.4611348493705,1,124.0155016962259,4,0.24824810934529606,0.27817610261240877,0.9382337177874852,0.3201903467029232
2681324.694,1245484.105,1304,31,Alt-Wiedikon,3,Kreis 3,18904.0,2591.0,561.0,0.13706093948370715,0.029676258992805755,9386,4434,0.47240571063285747,18750.0,20130.0,0.0736,904.0650899443548,1,190.73063377713893,4,0.3602850561287613,0.2919602435491647,0.9032775064158987,0.1320607296623612
2681124.694,1245484.105,1305,33,Friesenberg,3,Kreis 3,11226.0,2404.0,590.0,0.2141457331195439,0.05255656511669339,4352,1485,0.34122242647058826,11440.0,12980.0,0.1346153846153846,771.4775997111273,1,206.15667503376028,3,0.24824810934529606,0.24906270861957963,0.8951948429784753,0.3201903467029232
2680724.694,1244884.105,1306,33,Friesenberg,3,Kreis 3,11226.0,2404.0,590.0,0.2141457331195439,0.05255656511669339,4352,1485,0.34122242647058826,11440.0,12980.0,0.1346153846153846,1223.987943917694,0,242.17748586727737,2,0.24824810934529606,0.39546851404250377,0.8763212975323651,0.3201903467029232
2680524.694,1245084.105,1307,33,Friesenberg,3,Kreis 3,11226.0,2404.0,590.0,0.2141457331195439,0.05255656511669339,4352,1485,0.34122242647058826,11440.0,12980.0,0.1346153846153846,1032.9070078452544,0,253.01054258851397,1,0.24824810934529606,0.33364593096828943,0.8706451846515773,0.3201903467029232
2680724.694,1245084.105,1308,33,Friesenberg,3,Kreis 3,11226.0,2404.0,590.0,0.2141457331195439,0.05255656511669339,4352,1485,0.34122242647058826,11440.0,12980.0,0.1346153846153846,1024.2328284408231,0,62.38537217159068,2,0.24824810934529606,0.33083947529639657,0.97052557972832,0.3201903467029232
2680724.694,1245284.105,1309,33,Friesenberg,3,Kreis 3,11226.0,2404.0,590.0,0.2141457331195439,0.05255656511669339,4352,1485,0.34122242647058826,11440.0,12980.0,0.1346153846153846,824.5964387843991,1,170.68665636475637,3,0.24824810934529606,0.2662488492619314,0.9137797941173571,0.3201903467029232
2680524.694,1245284.105,1310,33,Friesenberg,3,Kreis 3,11226.0,2404.0,590.0,0.2141457331195439,0.05255656511669339,4352,1485,0.34122242647058826,11440.0,12980.0,0.1346153846153846,835.3462077820556,1,298.7579867734531,1,0.24824810934529606,0.2697268439826307,0.8466752504138827,0.3201903467029232
2680724.694,1245484.105,1311,33,Friesenberg,3,Kreis 3,11226.0,2404.0,590.0,0.2141457331195439,0.05255656511669339,4352,1485,0.34122242647058826,11440.0,12980.0,0.1346153846153846,625.1925198336413,1,267.2158802559231,4,0.24824810934529606,0.20173343711226693,0.8632021238253695,0.3201903467029232
2680924.694,1245484.105,1312,33,Friesenberg,3,Kreis 3,11226.0,2404.0,590.0,0.2141457331195439,0.05255656511669339,4352,1485,0.34122242647058826,11440.0,12980.0,0.1346153846153846,673.0688574402994,1,157.7400604190371,5,0.24824810934529606,0.2172234117785762,0.9205633217864954,0.3201903467029232
2680524.694,1245484.105,1313,33,Friesenberg,3,Kreis 3,11226.0,2404.0,590.0,0.2141457331195439,0.05255656511669339,4352,1485,0.34122242647058826,11440.0,12980.0,0.1346153846153846,639.3040644762755,1,441.0196533726352,3,0.24824810934529606,0.2062991052469677,0.7721355060919508,0.3201903467029232
2680524.694,1245684.105,1314,33,Friesenberg,3,Kreis 3,11226.0,2404.0,590.0,0.2141457331195439,0.05255656511669339,4352,1485,0.34122242647058826,11440.0,12980.0,0.1346153846153846,446.7841613753898,1,343.1205512075092,4,0.24824810934529606,0.1440109568448578,0.8234309409000872,0.3201903467029232
2680724.694,1245684.105,1315,33,Friesenberg,3,Kreis 3,11226.0,2404.0,590.0,0.2141457331195439,0.05255656511669339,4352,1485,0.34122242647058826,11440.0,12980.0,0.1346153846153846,426.34737815068416,1,220.55912282410895,2,0.24824810934529606,0.13739881251142155,0.887648503886812,0.3201903467029232
2680124.694,1245484.105,1316,33,Friesenberg,3,Kreis 3,11226.0,2404.0,590.0,0.2141457331195439,0.05255656511669339,4352,1485,0.34122242647058826,11440.0,12980.0,0.1346153846153846,827.2833171627368,1,389.8322468203295,2,0.24824810934529606,0.2671181655064997,0.7989557753051725,0.3201903467029232
2680324.694,1245484.105,1317,33,Friesenberg,3,Kreis 3,11226.0,2404.0,590.0,0.2141457331195439,0.05255656511669339,4352,1485,0.34122242647058826,11440.0,12980.0,0.1346153846153846,711.7258509115948,1,388.13242670645275,1,0.24824810934529606,0.22973054744266205,0.799846416893385,0.3201903467029232
2680124.694,1245684.105,1318,33,Friesenberg,3,Kreis 3,11226.0,2404.0,590.0,0.2141457331195439,0.05255656511669339,4352,1485,0.34122242647058826,11440.0,12980.0,0.1346153846153846,689.4230101003346,1,203.9881875525611,2,0.24824810934529606,0.22251465632769288,0.8963310485795899,0.3201903467029232
2679924.694,1245684.105,1319,33,Friesenberg,3,Kreis 3,11226.0,2404.0,590.0,0.2141457331195439,0.05255656511669339,4352,1485,0.34122242647058826,11440.0,12980.0,0.1346153846153846,856.2406711058251,1,200.5690521017306,2,0.24824810934529606,0.2764870667509301,0.8981225465171546,0.3201903467029232
2680124.694,1245884.105,1320,33,Friesenberg,3,Kreis 3,11226.0,2404.0,590.0,0.2141457331195439,0.05255656511669339,4352,1485,0.34122242647058826,11440.0,12980.0,0.1346153846153846,588.3965387864129,1,106.08100989796144,3,0.24824810934529606,0.18982841591105665,0.9476307146394404,0.3201903467029232
2679924.694,1245884.105,1321,33,Friesenberg,3,Kreis 3,11226.0,2404.0,590.0,0.2141457331195439,0.05255656511669339,4352,1485,0.34122242647058826,11440.0,12980.0,0.1346153846153846,777.2094227785574,1,76.61556409098138,2,0.24824810934529606,0.2509171903645223,0.963069496212077,0.3201903467029232
2680324.694,1246084.105,1322,33,Friesenberg,3,Kreis 3,11226.0,2404.0,590.0,0.2141457331195439,0.05255656511669339,4352,1485,0.34122242647058826,11440.0,12980.0,0.1346153846153846,345.35906945656916,1,57.903926127614525,7,0.24824810934529606,0.11119574618153974,0.9728736883249364,0.3201903467029232
2680124.694,1246084.105,1323,33,Friesenberg,3,Kreis 3,11226.0,2404.0,590.0,0.2141457331195439,0.05255656511669339,4352,1485,0.34122242647058826,11440.0,12980.0,0.1346153846153846,545.0842933490702,1,239.73999387031483,4,0.24824810934529606,0.1758151137642336,0.87759845134747,0.3201903467029232
2679924.694,1246084.105,1324,33,Friesenberg,3,Kreis 3,11226.0,2404.0,590.0,0.2141457331195439,0.05255656511669339,4352,1485,0.34122242647058826,11440.0,12980.0,0.1346153846153846,744.9569698014799,1,226.96243006491585,4,0.24824810934529606,0.2404821883464944,0.8842934125543781,0.3201903467029232
2679724.694,1246084.105,1325,33,Friesenberg,3,Kreis 3,11226.0,2404.0,590.0,0.2141457331195439,0.05255656511669339,4352,1485,0.34122242647058826,11440.0,12980.0,0.1346153846153846,944.8835308416328,1,348.761157041489,2,0.24824810934529606,0.30516669682075226,0.8204754763203683,0.3201903467029232
2680324.694,1245684.105,1326,33,Friesenberg,3,Kreis 3,11226.0,2404.0,590.0,0.2141457331195439,0.05255656511669339,4352,1485,0.34122242647058826,11440.0,12980.0,0.1346153846153846,545.3990161852679,1,200.72065329963553,3,0.24824810934529606,0.17591693961398142,0.8980431132109038,0.3201903467029232
2680524.694,1245884.105,1327,33,Friesenberg,3,Kreis 3,11226.0,2404.0,590.0,0.2141457331195439,0.05255656511669339,4352,1485,0.34122242647058826,11440.0,12980.0,0.1346153846153846,265.56070277044927,1,243.6672170418859,5,0.24824810934529606,0.0853776752894806,0.875540734619542,0.3201903467029232
2680324.694,1245884.105,1328,33,Friesenberg,3,Kreis 3,11226.0,2404.0,590.0,0.2141457331195439,0.05255656511669339,4352,1485,0.34122242647058826,11440.0,12980.0,0.1346153846153846,410.32485527430913,1,99.65330230867936,5,0.24824810934529606,0.13221486390857573,0.9509985908336026,0.3201903467029232
2680724.694,1245884.105,1329,33,Friesenberg,3,Kreis 3,11226.0,2404.0,590.0,0.2141457331195439,0.05255656511669339,4352,1485,0.34122242647058826,11440.0,12980.0,0.1346153846153846,229.5179445184778,1,60.426092551075705,6,0.24824810934529606,0.07371635280458556,0.9715521683059712,0.3201903467029232
2680724.694,1246084.105,1330,33,Friesenberg,3,Kreis 3,11226.0,2404.0,590.0,0.2141457331195439,0.05255656511669339,4352,1485,0.34122242647058826,11440.0,12980.0,0.1346153846153846,59.87392467520105,1,159.03871434648772,8,0.24824810934529606,0.018829498441319,0.9198828761398998,0.3201903467029232
2680524.694,1246084.105,1331,33,Friesenberg,3,Kreis 3,11226.0,2404.0,590.0,0.2141457331195439,0.05255656511669339,4352,1485,0.34122242647058826,11440.0,12980.0,0.1346153846153846,146.38608832795381,1,158.35216658131245,7,0.24824810934529606,0.04681976023449302,0.9202426012584389,0.3201903467029232
2680724.694,1246284.105,1332,33,Friesenberg,3,Kreis 3,11226.0,2404.0,590.0,0.2141457331195439,0.05255656511669339,4352,1485,0.34122242647058826,11440.0,12980.0,0.1346153846153846,185.71829973386102,1,169.10058740596355,9,0.24824810934529606,0.05954535681735894,0.9146108343932908,0.3201903467029232
2680324.694,1246284.105,1333,33,Friesenberg,3,Kreis 3,11226.0,2404.0,590.0,0.2141457331195439,0.05255656511669339,4352,1485,0.34122242647058826,11440.0,12980.0,0.1346153846153846,387.5297238353878,1,158.09764280654153,6,0.24824810934529606,0.12483969642176744,0.9203759621106545,0.3201903467029232
2680524.694,1246284.105,1334,33,Friesenberg,3,Kreis 3,11226.0,2404.0,590.0,0.2141457331195439,0.05255656511669339,4352,1485,0.34122242647058826,11440.0,12980.0,0.1346153846153846,228.7690688357674,1,59.3077453709739,8,0.24824810934529606,0.07347406055891083,0.972138140021759,0.3201903467029232
2680724.694,1246484.105,1335,33,Friesenberg,3,Kreis 3,11226.0,2404.0,590.0,0.2141457331195439,0.05255656511669339,4352,1485,0.34122242647058826,11440.0,12980.0,0.1346153846153846,381.3104861606363,1,53.44811185613433,8,0.24824810934529606,0.12282751589916498,0.9752083668401117,0.3201903467029232
2680924.694,1245684.105,1336,33,Friesenberg,3,Kreis 3,11226.0,2404.0,590.0,0.2141457331195439,0.05255656511669339,4352,1485,0.34122242647058826,11440.0,12980.0,0.1346153846153846,493.8907640926429,1,46.08607881989984,4,0.24824810934529606,0.15925189044970126,0.9790657943068984,0.3201903467029232
2681124.694,1245684.105,1337,33,Friesenberg,3,Kreis 3,11226.0,2404.0,590.0,0.2141457331195439,0.05255656511669339,4352,1485,0.34122242647058826,11440.0,12980.0,0.1346153846153846,621.3566502871494,1,118.92255741013976,5,0.24824810934529606,0.20049237471967982,0.9409022283849344,0.3201903467029232
2680924.694,1245884.105,1338,33,Friesenberg,3,Kreis 3,11226.0,2404.0,590.0,0.2141457331195439,0.05255656511669339,4352,1485,0.34122242647058826,11440.0,12980.0,0.1346153846153846,338.87237546905357,1,167.11945626121695,5,0.24824810934529606,0.10909703248375799,0.9156488723449597,0.3201903467029232
2681124.694,1245884.105,1339,33,Friesenberg,3,Kreis 3,11226.0,2404.0,590.0,0.2141457331195439,0.05255656511669339,4352,1485,0.34122242647058826,11440.0,12980.0,0.1346153846153846,506.942291445576,1,256.48503788907556,7,0.24824810934529606,0.16347459916469415,0.8688246802420422,0.3201903467029232
2680924.694,1246084.105,1340,31,Alt-Wiedikon,3,Kreis 3,18904.0,2591.0,561.0,0.13706093948370715,0.029676258992805755,9386,4434,0.47240571063285747,18750.0,20130.0,0.0736,256.3998573635793,1,166.60290712043974,8,0.3602850561287613,0.08241376304455865,0.9159195246000872,0.1320607296623612
2681124.694,1246084.105,1341,31,Alt-Wiedikon,3,Kreis 3,18904.0,2591.0,561.0,0.13706093948370715,0.029676258992805755,9386,4434,0.47240571063285747,18750.0,20130.0,0.0736,455.957110763848,1,181.2019002688314,7,0.3602850561287613,0.14697878522826352,0.9082702031584599,0.1320607296623612
2680924.694,1246284.105,1342,31,Alt-Wiedikon,3,Kreis 3,18904.0,2591.0,561.0,0.13706093948370715,0.029676258992805755,9386,4434,0.47240571063285747,18750.0,20130.0,0.0736,310.8814675339918,1,104.87387024885855,7,0.3602850561287613,0.10004081648070254,0.9482632102579439,0.1320607296623612
2681324.694,1246284.105,1343,31,Alt-Wiedikon,3,Kreis 3,18904.0,2591.0,561.0,0.13706093948370715,0.029676258992805755,9386,4434,0.47240571063285747,18750.0,20130.0,0.0736,678.9398256518708,2,56.9878290603564,6,0.3602850561287613,0.21912291273061438,0.9733536886145427,0.1320607296623612
2681124.694,1246284.105,1344,31,Alt-Wiedikon,3,Kreis 3,18904.0,2591.0,561.0,0.13706093948370715,0.029676258992805755,9386,4434,0.47240571063285747,18750.0,20130.0,0.0736,488.67503195491844,1,81.53055047661358,7,0.3602850561287613,0.15756438545833426,0.9604942288383086,0.1320607296623612
2681324.694,1246484.105,1345,31,Alt-Wiedikon,3,Kreis 3,18904.0,2591.0,561.0,0.13706093948370715,0.029676258992805755,9386,4434,0.47240571063285747,18750.0,20130.0,0.0736,756.218015426912,2,165.19567991023538,6,0.3602850561287613,0.2441256021950474,0.9166568585492741,0.1320607296623612
2679324.694,1245684.105,1346,33,Friesenberg,3,Kreis 3,11226.0,2404.0,590.0,0.2141457331195439,0.05255656511669339,4352,1485,0.34122242647058826,11440.0,12980.0,0.1346153846153846,1409.4963947650228,0,562.4984894744125,0,0.24824810934529606,0.45548816775160006,0.7084851806036057,0.3201903467029232
2679524.694,1245884.105,1347,33,Friesenberg,3,Kreis 3,11226.0,2404.0,590.0,0.2141457331195439,0.05255656511669339,4352,1485,0.34122242647058826,11440.0,12980.0,0.1346153846153846,1166.079965892423,0,475.51524124981734,1,0.24824810934529606,0.3767328889418925,0.7540611199128233,0.3201903467029232
2679724.694,1245884.105,1348,33,Friesenberg,3,Kreis 3,11226.0,2404.0,590.0,0.2141457331195439,0.05255656511669339,4352,1485,0.34122242647058826,11440.0,12980.0,0.1346153846153846,970.514547472487,1,275.66709027543646,1,0.24824810934529606,0.3134593904170241,0.8587740087250428,0.3201903467029232
2679324.694,1245884.105,1349,33,Friesenberg,3,Kreis 3,11226.0,2404.0,590.0,0.2141457331195439,0.05255656511669339,4352,1485,0.34122242647058826,11440.0,12980.0,0.1346153846153846,1362.933045624627,0,675.4532882892927,0,0.24824810934529606,0.4404229991397274,0.6493011289551849,0.3201903467029232
2679524.694,1246084.105,1350,33,Friesenberg,3,Kreis 3,11226.0,2404.0,590.0,0.2141457331195439,0.05255656511669339,4352,1485,0.34122242647058826,11440.0,12980.0,0.1346153846153846,1144.8357466709792,0,521.3029298410518,0,0.24824810934529606,0.36985950568001325,0.7300700991250598,0.3201903467029232
2679324.694,1246084.105,1351,33,Friesenberg,3,Kreis 3,11226.0,2404.0,590.0,0.2141457331195439,0.05255656511669339,4352,1485,0.34122242647058826,11440.0,12980.0,0.1346153846153846,1344.8021738737807,0,672.8043613569153,0,0.24824810934529606,0.4345569125061572,0.6506890666968619,0.3201903467029232
2679324.694,1246284.105,1352,91,Albisrieden,9,Kreis 9,24304.0,4944.0,1335.0,0.2034233048057933,0.054929229756418695,11529,4794,0.41582097319802236,24250.0,26610.0,0.09731958762886599,1356.244552746912,0,554.1729952468626,0,0.38852867930625257,0.4382589951575767,0.7128474253734759,0.2051956769401246
2679724.694,1246284.105,1353,33,Friesenberg,3,Kreis 3,11226.0,2404.0,590.0,0.2141457331195439,0.05255656511669339,4352,1485,0.34122242647058826,11440.0,12980.0,0.1346153846153846,961.0989995082584,1,277.96206334855555,3,0.24824810934529606,0.3104130713641014,0.8575715294473469,0.3201903467029232
2679524.694,1246284.105,1354,33,Friesenberg,3,Kreis 3,11226.0,2404.0,590.0,0.2141457331195439,0.05255656511669339,4352,1485,0.34122242647058826,11440.0,12980.0,0.1346153846153846,1158.255277067937,0,390.10935474675915,1,0.24824810934529606,0.37420127859485985,0.7988105812098169,0.3201903467029232
2679724.694,1246484.105,1355,91,Albisrieden,9,Kreis 9,24304.0,4944.0,1335.0,0.2034233048057933,0.054929229756418695,11529,4794,0.41582097319802236,24250.0,26610.0,0.09731958762886599,1017.161583454566,0,108.18922617792848,3,0.38852867930625257,0.32855163518221964,0.9465260888731275,0.2051956769401246
2680124.694,1246284.105,1356,33,Friesenberg,3,Kreis 3,11226.0,2404.0,590.0,0.2141457331195439,0.05255656511669339,4352,1485,0.34122242647058826,11440.0,12980.0,0.1346153846153846,572.7331724772713,1,281.27791356758024,8,0.24824810934529606,0.18476066930706447,0.8558341490732486,0.3201903467029232
2679924.694,1246284.105,1357,33,Friesenberg,3,Kreis 3,11226.0,2404.0,590.0,0.2141457331195439,0.05255656511669339,4352,1485,0.34122242647058826,11440.0,12980.0,0.1346153846153846,765.4196802119916,1,286.95035922793346,4,0.24824810934529606,0.24710272119650023,0.8528620016261499,0.3201903467029232
2679924.694,1246484.105,1358,33,Friesenberg,3,Kreis 3,11226.0,2404.0,590.0,0.2141457331195439,0.05255656511669339,4352,1485,0.34122242647058826,11440.0,12980.0,0.1346153846153846,834.7297088614087,1,129.54732209132155,5,0.24824810934529606,0.26952738109261004,0.9353352526721633,0.3201903467029232
2680324.694,1246484.105,1359,33,Friesenberg,3,Kreis 3,11226.0,2404.0,590.0,0.2141457331195439,0.05255656511669339,4352,1485,0.34122242647058826,11440.0,12980.0,0.1346153846153846,510.9654458531971,1,74.38950639026946,7,0.24824810934529606,0.1647762559531623,0.964235866435508,0.3201903467029232
2680124.694,1246484.105,1360,33,Friesenberg,3,Kreis 3,11226.0,2404.0,590.0,0.2141457331195439,0.05255656511669339,4352,1485,0.34122242647058826,11440.0,12980.0,0.1346153846153846,662.5176879570117,1,257.79099802152575,5,0.24824810934529606,0.2138096722118861,0.8681404064197641,0.3201903467029232
2680324.694,1246684.105,1361,33,Friesenberg,3,Kreis 3,11226.0,2404.0,590.0,0.2141457331195439,0.05255656511669339,4352,1485,0.34122242647058826,11440.0,12980.0,0.1346153846153846,672.3035674871741,1,149.77301045573108,7,0.24824810934529606,0.21697580883777307,0.9247377552896405,0.3201903467029232
2679924.694,1246684.105,1362,33,Friesenberg,3,Kreis 3,11226.0,2404.0,590.0,0.2141457331195439,0.05255656511669339,4352,1485,0.34122242647058826,11440.0,12980.0,0.1346153846153846,942.1677594016242,1,23.065919903533405,5,0.24824810934529606,0.30428803247614766,0.9911274887949205,0.3201903467029232
2680124.694,1246684.105,1363,33,Friesenberg,3,Kreis 3,11226.0,2404.0,590.0,0.2141457331195439,0.05255656511669339,4352,1485,0.34122242647058826,11440.0,12980.0,0.1346153846153846,793.6221310270581,1,189.7620527425066,6,0.24824810934529606,0.2562273800674925,0.9037850063236565,0.3201903467029232
2680324.694,1246884.105,1364,33,Friesenberg,3,Kreis 3,11226.0,2404.0,590.0,0.2141457331195439,0.05255656511669339,4352,1485,0.34122242647058826,11440.0,12980.0,0.1346153846153846,850.2343717211188,1,112.4202680169837,5,0.24824810934529606,0.2745437805691059,0.9443091826295984,0.3201903467029232
2679924.694,1246884.105,1365,33,Friesenberg,3,Kreis 3,11226.0,2404.0,590.0,0.2141457331195439,0.05255656511669339,4352,1485,0.34122242647058826,11440.0,12980.0,0.1346153846153846,1076.3765543971595,0,108.24370032953092,5,0.24824810934529606,0.34771012652929906,0.9464975464735502,0.3201903467029232
2680524.694,1246484.105,1366,33,Friesenberg,3,Kreis 3,11226.0,2404.0,590.0,0.2141457331195439,0.05255656511669339,4352,1485,0.34122242647058826,11440.0,12980.0,0.1346153846153846,404.0317894126756,1,138.08531660185173,6,0.24824810934529606,0.13017879691508533,0.9308616657738031,0.3201903467029232
2680924.694,1246684.105,1367,31,Alt-Wiedikon,3,Kreis 3,18904.0,2591.0,561.0,0.13706093948370715,0.029676258992805755,9386,4434,0.47240571063285747,18750.0,20130.0,0.0736,631.2369498501633,2,187.02199512620786,7,0.3602850561287613,0.20368906012999718,0.9052206931044231,0.1320607296623612
2680524.694,1246684.105,1368,33,Friesenberg,3,Kreis 3,11226.0,2404.0,590.0,0.2141457331195439,0.05255656511669339,4352,1485,0.34122242647058826,11440.0,12980.0,0.1346153846153846,595.103425343892,1,168.2544342982561,7,0.24824810934529606,0.19199837100909897,0.9150541866877878,0.3201903467029232
2680724.694,1246684.105,1369,33,Friesenberg,3,Kreis 3,11226.0,2404.0,590.0,0.2141457331195439,0.05255656511669339,4352,1485,0.34122242647058826,11440.0,12980.0,0.1346153846153846,579.9173103607836,2,153.06267559722096,9,0.24824810934529606,0.18708503494106823,0.923014094907942,0.3201903467029232
2680524.694,1246884.105,1370,33,Friesenberg,3,Kreis 3,11226.0,2404.0,590.0,0.2141457331195439,0.05255656511669339,4352,1485,0.34122242647058826,11440.0,12980.0,0.1346153846153846,790.6038748046064,1,210.38782441237865,9,0.24824810934529606,0.255250849389513,0.8929778803882736,0.3201903467029232
2680724.694,1246884.105,1371,31,Alt-Wiedikon,3,Kreis 3,18904.0,2591.0,561.0,0.13706093948370715,0.029676258992805755,9386,4434,0.47240571063285747,18750.0,20130.0,0.0736,779.2371185050863,2,189.05194170128885,9,0.3602850561287613,0.25157323376727725,0.9041570777095604,0.1320607296623612
2680724.694,1247084.105,1372,34,Sihlfeld,3,Kreis 3,21478.0,3436.0,787.0,0.15997765155042368,0.036642145451159326,11373,5657,0.4974061373428295,21870.0,23980.0,0.09647919524462735,835.7899582359975,2,83.56217242879735,6,0.4380113341974158,0.2698704156013747,0.959429735609073,0.202604482958357
2680524.694,1247084.105,1373,34,Sihlfeld,3,Kreis 3,21478.0,3436.0,787.0,0.15997765155042368,0.036642145451159326,11373,5657,0.4974061373428295,21870.0,23980.0,0.09647919524462735,987.9073270586074,1,124.51922205413274,5,0.4380113341974158,0.31908667371883287,0.9379697873304217,0.202604482958357
2680524.694,1247284.105,1374,34,Sihlfeld,3,Kreis 3,21478.0,3436.0,787.0,0.15997765155042368,0.036642145451159326,11373,5657,0.4974061373428295,21870.0,23980.0,0.09647919524462735,1022.7488715653132,0,142.69079389001865,6,0.4380113341974158,0.3303593538928674,0.928448569486188,0.202604482958357
2680724.694,1247284.105,1375,34,Sihlfeld,3,Kreis 3,21478.0,3436.0,787.0,0.15997765155042368,0.036642145451159326,11373,5657,0.4974061373428295,21870.0,23980.0,0.09647919524462735,823.0115760352925,2,68.10479176252895,4,0.4380113341974158,0.26573608063633325,0.9675288197143975,0.202604482958357
2680124.694,1246884.105,1376,33,Friesenberg,3,Kreis 3,11226.0,2404.0,590.0,0.2141457331195439,0.05255656511669339,4352,1485,0.34122242647058826,11440.0,12980.0,0.1346153846153846,949.074542307375,1,207.75157438863565,6,0.24824810934529606,0.3065226623075845,0.8943591759082548,0.3201903467029232
2679724.694,1246884.105,1377,91,Albisrieden,9,Kreis 9,24304.0,4944.0,1335.0,0.2034233048057933,0.054929229756418695,11529,4794,0.41582097319802236,24250.0,26610.0,0.09731958762886599,1223.2867557755415,0,92.94675175053536,5,0.38852867930625257,0.3952416506878442,0.9545125702198741,0.2051956769401246
2679924.694,1247084.105,1378,91,Albisrieden,9,Kreis 9,24304.0,4944.0,1335.0,0.2034233048057933,0.054929229756418695,11529,4794,0.41582097319802236,24250.0,26610.0,0.09731958762886599,1228.6142140053264,0,217.62053823346233,5,0.38852867930625257,0.39696530368931593,0.8891882113096999,0.2051956769401246
2680124.694,1247084.105,1379,34,Sihlfeld,3,Kreis 3,21478.0,3436.0,787.0,0.15997765155042368,0.036642145451159326,11373,5657,0.4974061373428295,21870.0,23980.0,0.09647919524462735,1118.7711503502305,0,197.99675921829973,5,0.4380113341974158,0.36142653112767764,0.8994703309093639,0.202604482958357
2680324.694,1247084.105,1380,34,Sihlfeld,3,Kreis 3,21478.0,3436.0,787.0,0.15997765155042368,0.036642145451159326,11373,5657,0.4974061373428295,21870.0,23980.0,0.09647919524462735,1036.2455726593143,0,93.16821701096892,5,0.4380113341974158,0.3347260947188355,0.9543965307815382,0.202604482958357
2679924.694,1247284.105,1381,91,Albisrieden,9,Kreis 9,24304.0,4944.0,1335.0,0.2034233048057933,0.054929229756418695,11529,4794,0.41582097319802236,24250.0,26610.0,0.09731958762886599,1118.168328302206,0,215.28054408389238,6,0.38852867930625257,0.36123149327142157,0.8904142799323542,0.2051956769401246
2680124.694,1247284.105,1382,91,Albisrieden,9,Kreis 9,24304.0,4944.0,1335.0,0.2034233048057933,0.054929229756418695,11529,4794,0.41582097319802236,24250.0,26610.0,0.09731958762886599,1205.1263877362737,0,273.399715912395,6,0.38852867930625257,0.3893660207854435,0.8599620273202375,0.2051956769401246
2680324.694,1247284.105,1383,34,Sihlfeld,3,Kreis 3,21478.0,3436.0,787.0,0.15997765155042368,0.036642145451159326,11373,5657,0.4974061373428295,21870.0,23980.0,0.09647919524462735,1222.5720650694366,0,252.23404342194738,5,0.4380113341974158,0.39501041869548165,0.8710520409096664,0.202604482958357
2679924.694,1247484.105,1384,91,Albisrieden,9,Kreis 9,24304.0,4944.0,1335.0,0.2034233048057933,0.054929229756418695,11529,4794,0.41582097319802236,24250.0,26610.0,0.09731958762886599,934.5660011032777,1,154.70263301260366,5,0.38852867930625257,0.3018285493713996,0.9221548191145134,0.2051956769401246
2680124.694,1247484.105,1385,91,Albisrieden,9,Kreis 9,24304.0,4944.0,1335.0,0.2034233048057933,0.054929229756418695,11529,4794,0.41582097319802236,24250.0,26610.0,0.09731958762886599,1037.0355878263297,0,124.85753746158402,5,0.38852867930625257,0.3349816972885978,0.93779252282499,0.2051956769401246
2681724.694,1245884.105,1386,31,Alt-Wiedikon,3,Kreis 3,18904.0,2591.0,561.0,0.13706093948370715,0.029676258992805755,9386,4434,0.47240571063285747,18750.0,20130.0,0.0736,1078.6373286959097,0,106.9360587500422,8,0.3602850561287613,0.3484415804868176,0.9471827013106184,0.1320607296623612
2681524.694,1246084.105,1387,31,Alt-Wiedikon,3,Kreis 3,18904.0,2591.0,561.0,0.13706093948370715,0.029676258992805755,9386,4434,0.47240571063285747,18750.0,20130.0,0.0736,855.6920514158235,1,210.5495681805267,9,0.3602850561287613,0.2763095655984948,0.8928931327579975,0.1320607296623612
2681324.694,1246084.105,1388,31,Alt-Wiedikon,3,Kreis 3,18904.0,2591.0,561.0,0.13706093948370715,0.029676258992805755,9386,4434,0.47240571063285747,18750.0,20130.0,0.0736,655.7841770401053,1,243.3220348859097,7,0.3602850561287613,0.21163110303278307,0.8757215970420485,0.1320607296623612
2681724.694,1246084.105,1389,31,Alt-Wiedikon,3,Kreis 3,18904.0,2591.0,561.0,0.13706093948370715,0.029676258992805755,9386,4434,0.47240571063285747,18750.0,20130.0,0.0736,1055.6348264699645,0,201.6307135853706,10,0.3602850561287613,0.34099931997664734,0.8975662759669865,0.1320607296623612
2681724.694,1246284.105,1390,31,Alt-Wiedikon,3,Kreis 3,18904.0,2591.0,561.0,0.13706093948370715,0.029676258992805755,9386,4434,0.47240571063285747,18750.0,20130.0,0.0736,969.5339366356088,1,118.52707986351173,9,0.3602850561287613,0.3131421222678698,0.9411094436939872,0.1320607296623612
2681524.694,1246284.105,1391,31,Alt-Wiedikon,3,Kreis 3,18904.0,2591.0,561.0,0.13706093948370715,0.029676258992805755,9386,4434,0.47240571063285747,18750.0,20130.0,0.0736,873.5647010131789,2,61.611936026932746,8,0.3602850561287613,0.28209210668919754,0.9709308310785278,0.1320607296623612
2681924.694,1246284.105,1392,24,Enge,2,Kreis 2,10015.0,1700.0,484.0,0.16974538192710933,0.048327508736894655,4725,2026,0.42878306878306877,10110.0,10840.0,0.0722057368941642,1025.3432860696535,0,95.53150611722256,8,0.3779927293253277,0.33119875425127215,0.9531582564807367,0.12776177808140965
2681724.694,1246484.105,1393,31,Alt-Wiedikon,3,Kreis 3,18904.0,2591.0,561.0,0.13706093948370715,0.029676258992805755,9386,4434,0.47240571063285747,18750.0,20130.0,0.0736,773.8212030489385,1,174.93749358266214,8,0.3602850561287613,0.24982096119580688,0.9115525158423909,0.1320607296623612
2681524.694,1246484.105,1394,31,Alt-Wiedikon,3,Kreis 3,18904.0,2591.0,561.0,0.13706093948370715,0.029676258992805755,9386,4434,0.47240571063285747,18750.0,20130.0,0.0736,753.3036932659575,2,136.7415250060698,6,0.3602850561287613,0.2431826984831233,0.9315657618551021,0.1320607296623612
2681524.694,1246684.105,1395,31,Alt-Wiedikon,3,Kreis 3,18904.0,2591.0,561.0,0.13706093948370715,0.029676258992805755,9386,4434,0.47240571063285747,18750.0,20130.0,0.0736,553.4163480491858,1,284.89915173780855,7,0.3602850561287613,0.17851087794911027,0.8539367569381056,0.1320607296623612
2682124.694,1246284.105,1396,24,Enge,2,Kreis 2,10015.0,1700.0,484.0,0.16974538192710933,0.048327508736894655,4725,2026,0.42878306878306877,10110.0,10840.0,0.0722057368941642,1114.747349980295,0,87.73280265090492,10,0.3779927293253277,0.36012466534369336,0.9572444827728813,0.12776177808140965
2682324.694,1246284.105,1397,24,Enge,2,Kreis 2,10015.0,1700.0,484.0,0.16974538192710933,0.048327508736894655,4725,2026,0.42878306878306877,10110.0,10840.0,0.0722057368941642,1230.444819684355,0,159.92074493647243,10,0.3779927293253277,0.3975575803130026,0.9194207253987109,0.12776177808140965
2682124.694,1246484.105,1398,24,Enge,2,Kreis 2,10015.0,1700.0,484.0,0.16974538192710933,0.048327508736894655,4725,2026,0.42878306878306877,10110.0,10840.0,0.0722057368941642,949.4550301557498,1,273.74996741730433,10,0.3779927293253277,0.30664576585783065,0.8597785087502079,0.12776177808140965
2681924.694,1246484.105,1399,24,Enge,2,Kreis 2,10015.0,1700.0,484.0,0.16974538192710933,0.048327508736894655,4725,2026,0.42878306878306877,10110.0,10840.0,0.0722057368941642,842.6933334778917,1,184.3048253872304,8,0.3779927293253277,0.2721039429126638,0.9066443875012652,0.12776177808140965
2682124.694,1246684.105,1400,24,Enge,2,Kreis 2,10015.0,1700.0,484.0,0.16974538192710933,0.048327508736894655,4725,2026,0.42878306878306877,10110.0,10840.0,0.0722057368941642,800.1675163914251,1,295.01371944549675,9,0.3779927293253277,0.2583450828522848,0.8486371051845369,0.12776177808140965
2681924.694,1246684.105,1401,34,Sihlfeld,3,Kreis 3,21478.0,3436.0,787.0,0.15997765155042368,0.036642145451159326,11373,5657,0.4974061373428295,21870.0,23980.0,0.09647919524462735,670.0263086536579,1,126.97529941303605,4,0.4380113341974158,0.21623902145170348,0.9366828954870741,0.202604482958357
2682324.694,1246684.105,1402,24,Enge,2,Kreis 2,10015.0,1700.0,484.0,0.16974538192710933,0.048327508736894655,4725,2026,0.42878306878306877,10110.0,10840.0,0.0722057368941642,954.777908357748,1,206.81228846699275,7,0.3779927293253277,0.3083679370309518,0.894851326282408,0.12776177808140965
2681924.694,1246884.105,1403,34,Sihlfeld,3,Kreis 3,21478.0,3436.0,787.0,0.15997765155042368,0.036642145451159326,11373,5657,0.4974061373428295,21870.0,23980.0,0.09647919524462735,517.4344927505438,1,19.937268142982045,5,0.4380113341974158,0.16686926008765424,0.9927667842416759,0.202604482958357
2682124.694,1246884.105,1404,34,Sihlfeld,3,Kreis 3,21478.0,3436.0,787.0,0.15997765155042368,0.036642145451159326,11373,5657,0.4974061373428295,21870.0,23980.0,0.09647919524462735,677.547971945889,1,219.7159408442155,5,0.4380113341974158,0.2186725905104396,0.8880902994224653,0.202604482958357
2682324.694,1246884.105,1405,24,Enge,2,Kreis 2,10015.0,1700.0,484.0,0.16974538192710933,0.048327508736894655,4725,2026,0.42878306878306877,10110.0,10840.0,0.0722057368941642,854.6367967083806,1,317.0770106156101,7,0.3779927293253277,0.2759681470710567,0.8370767732832232,0.12776177808140965
2680924.694,1246484.105,1406,33,Friesenberg,3,Kreis 3,11226.0,2404.0,590.0,0.2141457331195439,0.05255656511669339,4352,1485,0.34122242647058826,11440.0,12980.0,0.1346153846153846,455.58060412633125,2,146.7457006560652,7,0.24824810934529606,0.14685696976433335,0.9263239513735522,0.3201903467029232
2681124.694,1246484.105,1407,31,Alt-Wiedikon,3,Kreis 3,18904.0,2591.0,561.0,0.13706093948370715,0.029676258992805755,9386,4434,0.47240571063285747,18750.0,20130.0,0.0736,591.3625680208083,2,167.00069060040497,8,0.3602850561287613,0.1907880489990715,0.9157111010689919,0.1320607296623612
2681324.694,1246684.105,1408,31,Alt-Wiedikon,3,Kreis 3,18904.0,2591.0,561.0,0.13706093948370715,0.029676258992805755,9386,4434,0.47240571063285747,18750.0,20130.0,0.0736,595.7657713297424,2,362.39703732370316,7,0.3602850561287613,0.19221266732026307,0.8133307896725981,0.1320607296623612
2681124.694,1246684.105,1409,31,Alt-Wiedikon,3,Kreis 3,18904.0,2591.0,561.0,0.13706093948370715,0.029676258992805755,9386,4434,0.47240571063285747,18750.0,20130.0,0.0736,695.4164610419775,2,215.53381790577777,8,0.3602850561287613,0.22445378550696632,0.8902815740082772,0.1320607296623612
2680924.694,1246884.105,1410,31,Alt-Wiedikon,3,Kreis 3,18904.0,2591.0,561.0,0.13706093948370715,0.029676258992805755,9386,4434,0.47240571063285747,18750.0,20130.0,0.0736,714.8947155267965,2,76.28385583450711,6,0.3602850561287613,0.23075580616261085,0.9632432988197517,0.1320607296623612
2681124.694,1246884.105,1411,31,Alt-Wiedikon,3,Kreis 3,18904.0,2591.0,561.0,0.13706093948370715,0.029676258992805755,9386,4434,0.47240571063285747,18750.0,20130.0,0.0736,549.9156792528414,2,131.5174006017208,5,0.3602850561287613,0.17737826685809457,0.9343030058837644,0.1320607296623612
2681324.694,1246884.105,1412,31,Alt-Wiedikon,3,Kreis 3,18904.0,2591.0,561.0,0.13706093948370715,0.029676258992805755,9386,4434,0.47240571063285747,18750.0,20130.0,0.0736,416.82136975938334,1,296.3451073681493,5,0.3602850561287613,0.13431675494334686,0.8479395081598413,0.1320607296623612
2681124.694,1247084.105,1413,31,Alt-Wiedikon,3,Kreis 3,18904.0,2591.0,561.0,0.13706093948370715,0.029676258992805755,9386,4434,0.47240571063285747,18750.0,20130.0,0.0736,448.56488303040356,2,116.55394742769906,7,0.3602850561287613,0.14458709392431718,0.9421432906240472,0.1320607296623612
2680924.694,1247084.105,1414,31,Alt-Wiedikon,3,Kreis 3,18904.0,2591.0,561.0,0.13706093948370715,0.029676258992805755,9386,4434,0.47240571063285747,18750.0,20130.0,0.0736,640.2168806647518,2,46.47346190041724,6,0.3602850561287613,0.20659443902438948,0.9788628201926012,0.1320607296623612
2680924.694,1247284.105,1415,34,Sihlfeld,3,Kreis 3,21478.0,3436.0,787.0,0.15997765155042368,0.036642145451159326,11373,5657,0.4974061373428295,21870.0,23980.0,0.09647919524462735,623.4427433919419,2,167.93386394947888,7,0.4380113341974158,0.20116731208874677,0.9152221534521754,0.202604482958357
2681724.694,1246684.105,1416,31,Alt-Wiedikon,3,Kreis 3,18904.0,2591.0,561.0,0.13706093948370715,0.029676258992805755,9386,4434,0.47240571063285747,18750.0,20130.0,0.0736,581.0356738515047,1,92.97917326464304,6,0.3602850561287613,0.18744687176913394,0.9544955825700744,0.1320607296623612
2681524.694,1246884.105,1417,31,Alt-Wiedikon,3,Kreis 3,18904.0,2591.0,561.0,0.13706093948370715,0.029676258992805755,9386,4434,0.47240571063285747,18750.0,20130.0,0.0736,353.65640710732674,1,276.80031550016037,5,0.3602850561287613,0.11388027796557025,0.8581802414753728,0.1320607296623612
2681724.694,1246884.105,1418,31,Alt-Wiedikon,3,Kreis 3,18904.0,2591.0,561.0,0.13706093948370715,0.029676258992805755,9386,4434,0.47240571063285747,18750.0,20130.0,0.0736,395.4815473420193,1,180.33273319326008,5,0.3602850561287613,0.12741244009486652,0.9087256139035671,0.1320607296623612
2681324.694,1247084.105,1419,31,Alt-Wiedikon,3,Kreis 3,18904.0,2591.0,561.0,0.13706093948370715,0.029676258992805755,9386,4434,0.47240571063285747,18750.0,20130.0,0.0736,269.3385495766514,2,133.65037471340094,6,0.3602850561287613,0.08659996492662968,0.9331854079479979,0.1320607296623612
2681524.694,1247084.105,1420,31,Alt-Wiedikon,3,Kreis 3,18904.0,2591.0,561.0,0.13706093948370715,0.029676258992805755,9386,4434,0.47240571063285747,18750.0,20130.0,0.0736,154.51878296190714,2,103.24928407006452,5,0.3602850561287613,0.049451023195410206,0.9491144321035128,0.1320607296623612
2681724.694,1247084.105,1421,34,Sihlfeld,3,Kreis 3,21478.0,3436.0,787.0,0.15997765155042368,0.036642145451159326,11373,5657,0.4974061373428295,21870.0,23980.0,0.09647919524462735,234.96564491006686,2,136.15437804578494,6,0.4380113341974158,0.07547890911682158,0.9318734047032795,0.202604482958357
2681524.694,1247284.105,1422,34,Sihlfeld,3,Kreis 3,21478.0,3436.0,787.0,0.15997765155042368,0.036642145451159326,11373,5657,0.4974061373428295,21870.0,23980.0,0.09647919524462735,51.761513579054935,2,157.1700183272033,8,0.4380113341974158,0.01620479804350674,0.9208620023291446,0.202604482958357
2681324.694,1247284.105,1423,34,Sihlfeld,3,Kreis 3,21478.0,3436.0,787.0,0.15997765155042368,0.036642145451159326,11373,5657,0.4974061373428295,21870.0,23980.0,0.09647919524462735,226.59756019873652,2,45.79596773722485,6,0.4380113341974158,0.07277148773365356,0.9792178015653855,0.202604482958357
2681724.694,1247284.105,1424,34,Sihlfeld,3,Kreis 3,21478.0,3436.0,787.0,0.15997765155042368,0.036642145451159326,11373,5657,0.4974061373428295,21870.0,23980.0,0.09647919524462735,184.42357302679437,2,180.4993480903105,9,0.4380113341974158,0.05912645919705585,0.9086383139855831,0.202604482958357
2681524.694,1247484.105,1425,34,Sihlfeld,3,Kreis 3,21478.0,3436.0,787.0,0.15997765155042368,0.036642145451159326,11373,5657,0.4974061373428295,21870.0,23980.0,0.09647919524462735,247.95655725945306,3,242.52189728153442,8,0.4380113341974158,0.07968200637203544,0.8761408389494314,0.202604482958357
2682324.694,1247084.105,1426,41,Werd,4,Kreis 4,4585.0,579.0,84.0,0.1262813522355507,0.0183206106870229,2273,1084,0.4769027716673999,4570.0,4780.0,0.045951859956236324,793.2258532649624,1,292.4007501032379,9,0.31150912959168864,0.25609916782732256,0.8500062025060366,0.0468128199572148
2682124.694,1247084.105,1427,34,Sihlfeld,3,Kreis 3,21478.0,3436.0,787.0,0.15997765155042368,0.036642145451159326,11373,5657,0.4974061373428295,21870.0,23980.0,0.09647919524462735,598.2260896082291,1,255.64099174632375,5,0.4380113341974158,0.1930086820053863,0.8692669285664196,0.202604482958357
2681924.694,1247084.105,1428,34,Sihlfeld,3,Kreis 3,21478.0,3436.0,787.0,0.15997765155042368,0.036642145451159326,11373,5657,0.4974061373428295,21870.0,23980.0,0.09647919524462735,408.09515347278784,1,204.05757682820237,6,0.4380113341974158,0.13149346318860533,0.8962946912179153,0.202604482958357
2681924.694,1247284.105,1429,34,Sihlfeld,3,Kreis 3,21478.0,3436.0,787.0,0.15997765155042368,0.036642145451159326,11373,5657,0.4974061373428295,21870.0,23980.0,0.09647919524462735,381.2412022433357,3,62.42773951545107,8,0.4380113341974158,0.12280509968736979,0.9705033808390868,0.202604482958357
2682324.694,1247284.105,1430,41,Werd,4,Kreis 4,4585.0,579.0,84.0,0.1262813522355507,0.0183206106870229,2273,1084,0.4769027716673999,4570.0,4780.0,0.045951859956236324,779.7502512265663,2,201.98951621567616,9,0.31150912959168864,0.2517392534181846,0.89737827692997,0.0468128199572148
2682124.694,1247284.105,1431,41,Werd,4,Kreis 4,4585.0,579.0,84.0,0.1262813522355507,0.0183206106870229,2273,1084,0.4769027716673999,4570.0,4780.0,0.045951859956236324,580.2393077756096,2,134.8863101320387,10,0.31150912959168864,0.18718921441777028,0.9325378244330146,0.0468128199572148
2681924.694,1247484.105,1432,41,Werd,4,Kreis 4,4585.0,579.0,84.0,0.1262813522355507,0.0183206106870229,2273,1084,0.4769027716673999,4570.0,4780.0,0.045951859956236324,451.82746075012943,3,145.39333774627212,9,0.31150912959168864,0.14564267270815445,0.9270325384999104,0.0468128199572148
2682324.694,1247484.105,1433,41,Werd,4,Kreis 4,4585.0,579.0,84.0,0.1262813522355507,0.0183206106870229,2273,1084,0.4769027716673999,4570.0,4780.0,0.045951859956236324,790.289950562526,2,60.97714867874421,10,0.31150912959168864,0.25514928191798003,0.9712634356920116,0.0468128199572148
2682124.694,1247484.105,1434,41,Werd,4,Kreis 4,4585.0,579.0,84.0,0.1262813522355507,0.0183206106870229,2273,1084,0.4769027716673999,4570.0,4780.0,0.045951859956236324,628.8726852773019,3,81.01953258925782,9,0.31150912959168864,0.20292412278999097,0.9607619829253935,0.0468128199572148
2681924.694,1247684.105,1435,42,Langstrasse,4,Kreis 4,11978.0,1446.0,176.0,0.12072132242444482,0.014693604942394389,6754,3621,0.5361267397098016,11900.0,12340.0,0.03697478991596639,585.6204011882403,3,79.0855654401017,10,0.39544988856444657,0.188930220618443,0.961775308723349,0.019133690185795593
2681124.694,1247284.105,1436,34,Sihlfeld,3,Kreis 3,21478.0,3436.0,787.0,0.15997765155042368,0.036642145451159326,11373,5657,0.4974061373428295,21870.0,23980.0,0.09647919524462735,424.2801601395537,2,153.71019049162416,7,0.4380113341974158,0.13672998201554634,0.9226748215405811,0.202604482958357
2681324.694,1247484.105,1437,34,Sihlfeld,3,Kreis 3,21478.0,3436.0,787.0,0.15997765155042368,0.036642145451159326,11373,5657,0.4974061373428295,21870.0,23980.0,0.09647919524462735,331.8880146796292,2,167.3999601584264,8,0.4380113341974158,0.10683730299948971,0.91550189888908,0.202604482958357
2681124.694,1247484.105,1438,34,Sihlfeld,3,Kreis 3,21478.0,3436.0,787.0,0.15997765155042368,0.036642145451159326,11373,5657,0.4974061373428295,21870.0,23980.0,0.09647919524462735,488.68891361275126,2,92.43996246747996,8,0.4380113341974158,0.1575688767485813,0.9547781086778938,0.202604482958357
2681324.694,1247684.105,1439,34,Sihlfeld,3,Kreis 3,21478.0,3436.0,787.0,0.15997765155042368,0.036642145451159326,11373,5657,0.4974061373428295,21870.0,23980.0,0.09647919524462735,260.4580426018097,3,162.48274573307933,6,0.4380113341974158,0.08372675375508112,0.9180783336715725,0.202604482958357
2681124.694,1247684.105,1440,34,Sihlfeld,3,Kreis 3,21478.0,3436.0,787.0,0.15997765155042368,0.036642145451159326,11373,5657,0.4974061373428295,21870.0,23980.0,0.09647919524462735,348.9676087490118,2,133.36846201775612,7,0.4380113341974158,0.11236325783795652,0.9333331195610896,0.202604482958357
2680924.694,1247684.105,1441,34,Sihlfeld,3,Kreis 3,21478.0,3436.0,787.0,0.15997765155042368,0.036642145451159326,11373,5657,0.4974061373428295,21870.0,23980.0,0.09647919524462735,505.6860606700966,2,115.4631225153262,6,0.4380113341974158,0.16306815656987653,0.9427148417102393,0.202604482958357
2680924.694,1247884.105,1442,34,Sihlfeld,3,Kreis 3,21478.0,3436.0,787.0,0.15997765155042368,0.036642145451159326,11373,5657,0.4974061373428295,21870.0,23980.0,0.09647919524462735,438.71630008021344,2,112.13265653225994,5,0.4380113341974158,0.14140067014957391,0.9444598801930943,0.202604482958357
2681124.694,1247884.105,1443,34,Sihlfeld,3,Kreis 3,21478.0,3436.0,787.0,0.15997765155042368,0.036642145451159326,11373,5657,0.4974061373428295,21870.0,23980.0,0.09647919524462735,241.9338586391633,2,71.17762753127367,6,0.4380113341974158,0.07773341435947242,0.9659187697408453,0.202604482958357
2681124.694,1248084.105,1444,44,Hard,4,Kreis 4,12817.0,1984.0,332.0,0.1547944136693454,0.025903097448700944,6634,3100,0.4672897196261682,13240.0,14200.0,0.07250755287009064,274.3822005088266,2,192.0653812144406,6,0.3326942660187968,0.08823179453329191,0.9025781491323155,0.12869237164114358
2680924.694,1248084.105,1445,44,Hard,4,Kreis 4,12817.0,1984.0,332.0,0.1547944136693454,0.025903097448700944,6634,3100,0.4672897196261682,13240.0,14200.0,0.07250755287009064,457.4118406382843,1,47.02670157468787,4,0.3326942660187968,0.14744945048855293,0.9785729434826294,0.12869237164114358
2681724.694,1247484.105,1446,34,Sihlfeld,3,Kreis 3,21478.0,3436.0,787.0,0.15997765155042368,0.036642145451159326,11373,5657,0.4974061373428295,21870.0,23980.0,0.09647919524462735,304.655960532426,3,151.51759851909452,9,0.4380113341974158,0.0980266075716699,0.923823656985446,0.202604482958357
2681524.694,1247684.105,1447,34,Sihlfeld,3,Kreis 3,21478.0,3436.0,787.0,0.15997765155042368,0.036642145451159326,11373,5657,0.4974061373428295,21870.0,23980.0,0.09647919524462735,306.4284450829082,3,68.3976802312341,6,0.4380113341974158,0.09860007960724965,0.9673753572104495,0.202604482958357
2681724.694,1247684.105,1448,42,Langstrasse,4,Kreis 4,11978.0,1446.0,176.0,0.12072132242444482,0.014693604942394389,6754,3621,0.5361267397098016,11900.0,12340.0,0.03697478991596639,447.16707387272106,3,70.70772702460505,8,0.39544988856444657,0.14413484486928865,0.966164979872226,0.019133690185795593
2681324.694,1247884.105,1449,44,Hard,4,Kreis 4,12817.0,1984.0,332.0,0.1547944136693454,0.025903097448700944,6634,3100,0.4672897196261682,13240.0,14200.0,0.07250755287009064,67.76423803155613,3,130.16856249123433,5,0.3326942660187968,0.021382341037662143,0.9350097461483122,0.12869237164114358
2681724.694,1247884.105,1450,42,Langstrasse,4,Kreis 4,11978.0,1446.0,176.0,0.12072132242444482,0.014693604942394389,6754,3621,0.5361267397098016,11900.0,12340.0,0.03697478991596639,369.7458477872644,3,258.9238935690923,7,0.39544988856444657,0.11908587724458988,0.8675468119084824,0.019133690185795593
2681524.694,1247884.105,1451,44,Hard,4,Kreis 4,12817.0,1984.0,332.0,0.1547944136693454,0.025903097448700944,6634,3100,0.4672897196261682,13240.0,14200.0,0.07250755287009064,175.0771028888705,3,155.94948753043948,6,0.3326942660187968,0.05610248967697036,0.9215015144036387,0.12869237164114358
2681724.694,1248084.105,1452,42,Langstrasse,4,Kreis 4,11978.0,1446.0,176.0,0.12072132242444482,0.014693604942394389,6754,3621,0.5361267397098016,11900.0,12340.0,0.03697478991596639,391.7468467721906,3,172.34490610677983,5,0.39544988856444657,0.12620411004906842,0.9129109338351239,0.019133690185795593
2681524.694,1248084.105,1453,44,Hard,4,Kreis 4,12817.0,1984.0,332.0,0.1547944136693454,0.025903097448700944,6634,3100,0.4672897196261682,13240.0,14200.0,0.07250755287009064,217.728252544293,3,238.60620415440084,4,0.3326942660187968,0.06990190000529051,0.8781925143692197,0.12869237164114358
2681324.694,1248084.105,1454,44,Hard,4,Kreis 4,12817.0,1984.0,332.0,0.1547944136693454,0.025903097448700944,6634,3100,0.4672897196261682,13240.0,14200.0,0.07250755287009064,146.1013071674196,3,247.76168925204502,6,0.3326942660187968,0.04672762175476303,0.8733953857073967,0.12869237164114358
2681524.694,1248284.105,1455,44,Hard,4,Kreis 4,12817.0,1984.0,332.0,0.1547944136693454,0.025903097448700944,6634,3100,0.4672897196261682,13240.0,14200.0,0.07250755287009064,379.68301510078476,2,133.32261871477084,3,0.3326942660187968,0.12230096172339724,0.9333571397217209,0.12869237164114358
2682324.694,1247684.105,1456,42,Langstrasse,4,Kreis 4,11978.0,1446.0,176.0,0.12072132242444482,0.014693604942394389,6754,3621,0.5361267397098016,11900.0,12340.0,0.03697478991596639,597.8633673006918,2,164.19565359954638,8,0.39544988856444657,0.19289132634211859,0.9171808345949364,0.019133690185795593
2682124.694,1247684.105,1457,42,Langstrasse,4,Kreis 4,11978.0,1446.0,176.0,0.12072132242444482,0.014693604942394389,6754,3621,0.5361267397098016,11900.0,12340.0,0.03697478991596639,567.937853959379,3,86.78515230733093,9,0.39544988856444657,0.18320918550374396,0.9577410157884519,0.019133690185795593
2681924.694,1247884.105,1458,42,Langstrasse,4,Kreis 4,11978.0,1446.0,176.0,0.12072132242444482,0.014693604942394389,6754,3621,0.5361267397098016,11900.0,12340.0,0.03697478991596639,424.9101151536052,3,178.63869306774438,8,0.39544988856444657,0.1369337985081265,0.909613226996016,0.019133690185795593
2682324.694,1247884.105,1459,42,Langstrasse,4,Kreis 4,11978.0,1446.0,176.0,0.12072132242444482,0.014693604942394389,6754,3621,0.5361267397098016,11900.0,12340.0,0.03697478991596639,412.70207893845674,2,229.0567236757286,9,0.39544988856444657,0.13298399405040756,0.8831960817412585,0.019133690185795593
2682124.694,1247884.105,1460,42,Langstrasse,4,Kreis 4,11978.0,1446.0,176.0,0.12072132242444482,0.014693604942394389,6754,3621,0.5361267397098016,11900.0,12340.0,0.03697478991596639,368.0160403569213,3,46.790839498831765,9,0.39544988856444657,0.11852621302186367,0.9786965263089089,0.019133690185795593
2681924.694,1248084.105,1461,42,Langstrasse,4,Kreis 4,11978.0,1446.0,176.0,0.12072132242444482,0.014693604942394389,6754,3621,0.5361267397098016,11900.0,12340.0,0.03697478991596639,270.98156018417984,3,34.35646461742535,6,0.39544988856444657,0.08713154678855459,0.9852116694716448,0.019133690185795593
2682124.694,1248084.105,1462,42,Langstrasse,4,Kreis 4,11978.0,1446.0,176.0,0.12072132242444482,0.014693604942394389,6754,3621,0.5361267397098016,11900.0,12340.0,0.03697478991596639,168.28014131200794,2,169.45494581443944,7,0.39544988856444657,0.05390339158599949,0.9144251639607874,0.019133690185795593
2682324.694,1248084.105,1463,42,Langstrasse,4,Kreis 4,11978.0,1446.0,176.0,0.12072132242444482,0.014693604942394389,6754,3621,0.5361267397098016,11900.0,12340.0,0.03697478991596639,251.40685344701018,2,116.37120202596925,6,0.39544988856444657,0.08079831984144942,0.9422390423177155,0.019133690185795593
2682324.694,1248284.105,1464,42,Langstrasse,4,Kreis 4,11978.0,1446.0,176.0,0.12072132242444482,0.014693604942394389,6754,3621,0.5361267397098016,11900.0,12340.0,0.03697478991596639,189.96790771108863,1,114.16907926851647,5,0.39544988856444657,0.06092028069833364,0.9433928715341868,0.019133690185795593
2682124.694,1248284.105,1465,42,Langstrasse,4,Kreis 4,11978.0,1446.0,176.0,0.12072132242444482,0.014693604942394389,6754,3621,0.5361267397098016,11900.0,12340.0,0.03697478991596639,34.64976132661808,2,134.00365167027036,6,0.39544988856444657,0.010668438703239533,0.9330003041553222,0.019133690185795593
2681324.694,1248284.105,1466,44,Hard,4,Kreis 4,12817.0,1984.0,332.0,0.1547944136693454,0.025903097448700944,6634,3100,0.4672897196261682,13240.0,14200.0,0.07250755287009064,343.6556298914074,2,232.3569509634471,4,0.3326942660187968,0.11064461305338093,0.8814668871935529,0.12869237164114358
2681124.694,1248284.105,1467,44,Hard,4,Kreis 4,12817.0,1984.0,332.0,0.1547944136693454,0.025903097448700944,6634,3100,0.4672897196261682,13240.0,14200.0,0.07250755287009064,414.77607447404347,1,248.4193081484934,4,0.3326942660187968,0.13365501735566157,0.8730508182242909,0.12869237164114358
2681324.694,1248484.105,1468,44,Hard,4,Kreis 4,12817.0,1984.0,332.0,0.1547944136693454,0.025903097448700944,6634,3100,0.4672897196261682,13240.0,14200.0,0.07250755287009064,543.0034916610493,2,82.65441706903697,4,0.3326942660187968,0.17514188838726627,0.9599053651587678,0.12869237164114358
2681124.694,1248484.105,1469,44,Hard,4,Kreis 4,12817.0,1984.0,332.0,0.1547944136693454,0.025903097448700944,6634,3100,0.4672897196261682,13240.0,14200.0,0.07250755287009064,590.586819998659,1,120.64059292364517,5,0.3326942660187968,0.19053706244054952,0.9400020426147683,0.12869237164114358
2680924.694,1248484.105,1470,44,Hard,4,Kreis 4,12817.0,1984.0,332.0,0.1547944136693454,0.025903097448700944,6634,3100,0.4672897196261682,13240.0,14200.0,0.07250755287009064,694.7897465824936,1,302.4984870392492,3,0.3326942660187968,0.22425101746776974,0.844715369441631,0.12869237164114358
2681324.694,1248684.105,1471,44,Hard,4,Kreis 4,12817.0,1984.0,332.0,0.1547944136693454,0.025903097448700944,6634,3100,0.4672897196261682,13240.0,14200.0,0.07250755287009064,742.7020882939017,2,176.13066360227035,4,0.3326942660187968,0.2397526409505579,0.9109273397825267,0.12869237164114358
2681124.694,1248684.105,1472,44,Hard,4,Kreis 4,12817.0,1984.0,332.0,0.1547944136693454,0.025903097448700944,6634,3100,0.4672897196261682,13240.0,14200.0,0.07250755287009064,778.168614090905,1,217.70657468473755,4,0.3326942660187968,0.2512275284118992,0.88914313145626,0.12869237164114358
2680924.694,1248684.105,1473,44,Hard,4,Kreis 4,12817.0,1984.0,332.0,0.1547944136693454,0.025903097448700944,6634,3100,0.4672897196261682,13240.0,14200.0,0.07250755287009064,859.9339462750596,1,126.28275678423942,2,0.3326942660187968,0.27768199396689985,0.9370457616879037,0.12869237164114358
2680924.694,1248884.105,1474,44,Hard,4,Kreis 4,12817.0,1984.0,332.0,0.1547944136693454,0.025903097448700944,6634,3100,0.4672897196261682,13240.0,14200.0,0.07250755287009064,1037.419872547383,0,142.79122753523734,3,0.3326942660187968,0.3351060292841374,0.9283959460464739,0.12869237164114358
2681324.694,1248884.105,1475,44,Hard,4,Kreis 4,12817.0,1984.0,332.0,0.1547944136693454,0.025903097448700944,6634,3100,0.4672897196261682,13240.0,14200.0,0.07250755287009064,942.5285098903661,1,124.35437531895963,5,0.3326942660187968,0.3044047501745101,0.9380561607983127,0.12869237164114358
2681924.694,1248284.105,1476,42,Langstrasse,4,Kreis 4,11978.0,1446.0,176.0,0.12072132242444482,0.014693604942394389,6754,3621,0.5361267397098016,11900.0,12340.0,0.03697478991596639,215.20549704841304,2,183.36402771809128,5,0.39544988856444657,0.06908568429886941,0.9071373299740528,0.019133690185795593
2682324.694,1248484.105,1477,51,Gewerbeschule,5,Kreis 5,9528.0,1479.0,223.0,0.15522670025188917,0.023404701931150292,5081,2572,0.5061995670143673,9670.0,10120.0,0.04653567735263702,298.2787386994436,1,34.49940087872373,5,0.3872681842770399,0.09596331264201358,0.9851367762651598,0.0486129125715419
2682124.694,1248484.105,1478,42,Langstrasse,4,Kreis 4,11978.0,1446.0,176.0,0.12072132242444482,0.014693604942394389,6754,3621,0.5361267397098016,11900.0,12340.0,0.03697478991596639,232.55753258063655,2,232.62116984689342,4,0.39544988856444657,0.07469978521467675,0.8813284464702863,0.019133690185795593
2681924.694,1248484.105,1479,42,Langstrasse,4,Kreis 4,11978.0,1446.0,176.0,0.12072132242444482,0.014693604942394389,6754,3621,0.5361267397098016,11900.0,12340.0,0.03697478991596639,314.9536568447122,2,334.62235529184835,4,0.39544988856444657,0.10135833808767489,0.8278836748367406,0.019133690185795593
2681924.694,1248684.105,1480,51,Gewerbeschule,5,Kreis 5,9528.0,1479.0,223.0,0.15522670025188917,0.023404701931150292,5081,2572,0.5061995670143673,9670.0,10120.0,0.04653567735263702,481.74495945454265,2,481.53609279147094,2,0.3872681842770399,0.15532222048012634,0.7509064209328119,0.0486129125715419
2682124.694,1248684.105,1481,51,Gewerbeschule,5,Kreis 5,9528.0,1479.0,223.0,0.15522670025188917,0.023404701931150292,5081,2572,0.5061995670143673,9670.0,10120.0,0.04653567735263702,432.39496523432837,1,314.57051460829854,4,0.3872681842770399,0.139355456970895,0.8383900825955297,0.0486129125715419
2681924.694,1248884.105,1482,51,Gewerbeschule,5,Kreis 5,9528.0,1479.0,223.0,0.15522670025188917,0.023404701931150292,5081,2572,0.5061995670143673,9670.0,10120.0,0.04653567735263702,667.0536754713681,2,353.9326866241152,5,0.3872681842770399,0.21527725171350415,0.8177657899933527,0.0486129125715419
2682124.694,1248884.105,1483,51,Gewerbeschule,5,Kreis 5,9528.0,1479.0,223.0,0.15522670025188917,0.023404701931150292,5081,2572,0.5061995670143673,9670.0,10120.0,0.04653567735263702,632.3352006333337,3,222.6394319543476,4,0.3872681842770399,0.2040443896656089,0.8865585004137368,0.0486129125715419
2682124.694,1249084.105,1484,51,Gewerbeschule,5,Kreis 5,9528.0,1479.0,223.0,0.15522670025188917,0.023404701931150292,5081,2572,0.5061995670143673,9670.0,10120.0,0.04653567735263702,738.9855477153369,3,109.48948196521133,4,0.3872681842770399,0.2385501864127598,0.9458448039124342,0.0486129125715419
2681924.694,1249084.105,1485,52,Escher Wyss,5,Kreis 5,6426.0,752.0,83.0,0.1170245876128229,0.012916277622159975,3104,1140,0.36726804123711343,6280.0,8510.0,0.35509554140127386,718.8694177193054,3,206.18037409258113,4,0.09580087585421786,0.23204178665623,0.8951824255660591,1.0
2679324.694,1247084.105,1486,91,Albisrieden,9,Kreis 9,24304.0,4944.0,1335.0,0.2034233048057933,0.054929229756418695,11529,4794,0.41582097319802236,24250.0,26610.0,0.09731958762886599,1257.4178344598663,0,218.3255199488634,4,0.38852867930625257,0.406284465794079,0.8888188274969425,0.2051956769401246
2679524.694,1247284.105,1487,91,Albisrieden,9,Kreis 9,24304.0,4944.0,1335.0,0.2034233048057933,0.054929229756418695,11529,4794,0.41582097319802236,24250.0,26610.0,0.09731958762886599,1042.22934636187,0,213.98717873029088,5,0.38852867930625257,0.3366620929111581,0.8910919545658444,0.2051956769401246
2679724.694,1247284.105,1488,91,Albisrieden,9,Kreis 9,24304.0,4944.0,1335.0,0.2034233048057933,0.054929229756418695,11529,4794,0.41582097319802236,24250.0,26610.0,0.09731958762886599,1062.201115805298,0,77.89809151065954,5,0.38852867930625257,0.34312378606032345,0.9623975002469375,0.2051956769401246
2679324.694,1247284.105,1489,91,Albisrieden,9,Kreis 9,24304.0,4944.0,1335.0,0.2034233048057933,0.054929229756418695,11529,4794,0.41582097319802236,24250.0,26610.0,0.09731958762886599,1060.289022115084,0,79.15634315088616,7,0.38852867930625257,0.3425051446958907,0.9617382238740592,0.2051956769401246
2679524.694,1247484.105,1490,91,Albisrieden,9,Kreis 9,24304.0,4944.0,1335.0,0.2034233048057933,0.054929229756418695,11529,4794,0.41582097319802236,24250.0,26610.0,0.09731958762886599,842.2322781857225,1,233.7359892291771,5,0.38852867930625257,0.27195477246328353,0.8807443231874157,0.2051956769401246
2679324.694,1247484.105,1491,91,Albisrieden,9,Kreis 9,24304.0,4944.0,1335.0,0.2034233048057933,0.054929229756418695,11529,4794,0.41582097319802236,24250.0,26610.0,0.09731958762886599,864.4801966602721,1,186.30009839238787,5,0.38852867930625257,0.27915289393155895,0.9055989397484568,0.2051956769401246
2679724.694,1247484.105,1492,91,Albisrieden,9,Kreis 9,24304.0,4944.0,1335.0,0.2034233048057933,0.054929229756418695,11529,4794,0.41582097319802236,24250.0,26610.0,0.09731958762886599,866.824325003655,1,122.10697220468468,3,0.38852867930625257,0.279911316368795,0.9392337152128715,0.2051956769401246
2679724.694,1247684.105,1493,91,Albisrieden,9,Kreis 9,24304.0,4944.0,1335.0,0.2034233048057933,0.054929229756418695,11529,4794,0.41582097319802236,24250.0,26610.0,0.09731958762886599,674.1643793749886,1,128.44183376521542,5,0.38852867930625257,0.2175778584188798,0.9359144868337523,0.2051956769401246
2679124.694,1247684.105,1494,91,Albisrieden,9,Kreis 9,24304.0,4944.0,1335.0,0.2034233048057933,0.054929229756418695,11529,4794,0.41582097319802236,24250.0,26610.0,0.09731958762886599,753.9297118549412,1,83.97753664535955,4,0.38852867930625257,0.24338524137944223,0.9592121004355005,0.2051956769401246
2679324.694,1247684.105,1495,91,Albisrieden,9,Kreis 9,24304.0,4944.0,1335.0,0.2034233048057933,0.054929229756418695,11529,4794,0.41582097319802236,24250.0,26610.0,0.09731958762886599,671.147681526059,1,69.54307054634197,4,0.38852867930625257,0.21660183193916577,0.9667752159125306,0.2051956769401246
2678524.694,1247484.105,1496,91,Albisrieden,9,Kreis 9,24304.0,4944.0,1335.0,0.2034233048057933,0.054929229756418695,11529,4794,0.41582097319802236,24250.0,26610.0,0.09731958762886599,1303.5371918043859,0,496.09403812268664,1,0.38852867930625257,0.4212059847031136,0.7432786069982342,0.2051956769401246
2678924.694,1247484.105,1497,91,Albisrieden,9,Kreis 9,24304.0,4944.0,1335.0,0.2034233048057933,0.054929229756418695,11529,4794,0.41582097319802236,24250.0,26610.0,0.09731958762886599,1031.1486849225594,0,133.658126056671,4,0.38852867930625257,0.3330770408048123,0.9331813465366612,0.2051956769401246
2678324.694,1247484.105,1498,91,Albisrieden,9,Kreis 9,24304.0,4944.0,1335.0,0.2034233048057933,0.054929229756418695,11529,4794,0.41582097319802236,24250.0,26610.0,0.09731958762886599,1461.9097134970868,0,692.9875140728151,0,0.38852867930625257,0.4724460433937828,0.6401138563888567,0.2051956769401246
2678924.694,1247684.105,1499,91,Albisrieden,9,Kreis 9,24304.0,4944.0,1335.0,0.2034233048057933,0.054929229756418695,11529,4794,0.41582097319802236,24250.0,26610.0,0.09731958762886599,875.4317851309404,1,116.51019981516237,4,0.38852867930625257,0.28269618559601795,0.9421662127219752,0.2051956769401246
2678724.694,1247684.105,1500,91,Albisrieden,9,Kreis 9,24304.0,4944.0,1335.0,0.2034233048057933,0.054929229756418695,11529,4794,0.41582097319802236,24250.0,26610.0,0.09731958762886599,1021.9352280929626,0,301.37832480276325,2,0.38852867930625257,0.33009610658941524,0.8453022921784634,0.2051956769401246
2678524.694,1247684.105,1501,91,Albisrieden,9,Kreis 9,24304.0,4944.0,1335.0,0.2034233048057933,0.054929229756418695,11529,4794,0.41582097319802236,24250.0,26610.0,0.09731958762886599,1184.196947478453,0,494.9255445628829,1,0.38852867930625257,0.3825944815328548,0.743890853524454,0.2051956769401246
2678724.694,1247884.105,1502,91,Albisrieden,9,Kreis 9,24304.0,4944.0,1335.0,0.2034233048057933,0.054929229756418695,11529,4794,0.41582097319802236,24250.0,26610.0,0.09731958762886599,909.65092778353,1,351.46875630838866,3,0.38852867930625257,0.29376749303699734,0.819056796489704,0.2051956769401246
2678524.694,1247884.105,1503,91,Albisrieden,9,Kreis 9,24304.0,4944.0,1335.0,0.2034233048057933,0.054929229756418695,11529,4794,0.41582097319802236,24250.0,26610.0,0.09731958762886599,1088.7771169607247,0,481.71847240988365,1,0.38852867930625257,0.3517222212207463,0.750810860895797,0.2051956769401246
2678924.694,1247884.105,1504,91,Albisrieden,9,Kreis 9,24304.0,4944.0,1335.0,0.2034233048057933,0.054929229756418695,11529,4794,0.41582097319802236,24250.0,26610.0,0.09731958762886599,741.278632106421,1,225.42543481373525,4,0.38852867930625257,0.2392920940210114,0.8850987400595719,0.2051956769401246
2678324.694,1247884.105,1505,91,Albisrieden,9,Kreis 9,24304.0,4944.0,1335.0,0.2034233048057933,0.054929229756418695,11529,4794,0.41582097319802236,24250.0,26610.0,0.09731958762886599,1274.1296678192443,0,644.9627203653332,0,0.38852867930625257,0.4116914348377668,0.6652770358288606,0.2051956769401246
2677724.694,1247684.105,1506,92,Altstetten,9,Kreis 9,36874.0,6802.0,1610.0,0.18446601941747573,0.04366220100884092,18340,8197,0.44694656488549617,36980.0,40280.0,0.08923742563547864,1763.29890827425,0,668.8785230974297,0,0.38605258850575336,0.5699579088617122,0.6527460577831241,0.1802758300808398
2677524.694,1247684.105,1507,92,Altstetten,9,Kreis 9,36874.0,6802.0,1610.0,0.18446601941747573,0.04366220100884092,18340,8197,0.44694656488549617,36980.0,40280.0,0.08923742563547864,1843.7285700235486,0,672.5480493324958,0,0.38605258850575336,0.5959802298076485,0.6508233645244046,0.1802758300808398
2677924.694,1247684.105,1508,92,Altstetten,9,Kreis 9,36874.0,6802.0,1610.0,0.18446601941747573,0.04366220100884092,18340,8197,0.44694656488549617,36980.0,40280.0,0.08923742563547864,1702.677608921091,0,722.825067814511,0,0.38605258850575336,0.5503444121290674,0.6244801043018366,0.1802758300808398
2678324.694,1247684.105,1509,91,Albisrieden,9,Kreis 9,24304.0,4944.0,1335.0,0.2034233048057933,0.054929229756418695,11529,4794,0.41582097319802236,24250.0,26610.0,0.09731958762886599,1356.5740711133897,0,692.1514968999292,0,0.38852867930625257,0.4383656079730924,0.6405518978360389,0.2051956769401246
2676724.694,1247884.105,1510,92,Altstetten,9,Kreis 9,36874.0,6802.0,1610.0,0.18446601941747573,0.04366220100884092,18340,8197,0.44694656488549617,36980.0,40280.0,0.08923742563547864,2177.2226895567437,0,1255.8871281531326,0,0.38605258850575336,0.7038793658145328,0.34517570252427754,0.1802758300808398
2676924.694,1247884.105,1511,92,Altstetten,9,Kreis 9,36874.0,6802.0,1610.0,0.18446601941747573,0.04366220100884092,18340,8197,0.44694656488549617,36980.0,40280.0,0.08923742563547864,2032.2860625219037,0,1119.07554644929,0,0.38605258850575336,0.6569863745536939,0.41685980804805023,0.1802758300808398
2676524.694,1247884.105,1512,92,Altstetten,9,Kreis 9,36874.0,6802.0,1610.0,0.18446601941747573,0.04366220100884092,18340,8197,0.44694656488549617,36980.0,40280.0,0.08923742563547864,2330.3241491090075,0,1407.8973253262006,0,0.38605258850575336,0.7534140179703346,0.26552809609259453,0.1802758300808398
2677524.694,1247884.105,1513,92,Altstetten,9,Kreis 9,36874.0,6802.0,1610.0,0.18446601941747573,0.04366220100884092,18340,8197,0.44694656488549617,36980.0,40280.0,0.08923742563547864,1667.2884093404564,0,870.3808813737453,0,0.38605258850575336,0.5388945428957792,0.5471664267747154,0.1802758300808398
2677924.694,1247884.105,1514,92,Altstetten,9,Kreis 9,36874.0,6802.0,1610.0,0.18446601941747573,0.04366220100884092,18340,8197,0.44694656488549617,36980.0,40280.0,0.08923742563547864,1509.8432501161149,0,703.2934740639528,0,0.38605258850575336,0.48795452430549097,0.6347139223019332,0.1802758300808398
2677724.694,1247884.105,1515,92,Altstetten,9,Kreis 9,36874.0,6802.0,1610.0,0.18446601941747573,0.04366220100884092,18340,8197,0.44694656488549617,36980.0,40280.0,0.08923742563547864,1577.8905665226316,0,808.6681090910474,0,0.38605258850575336,0.5099706445840958,0.5795015904018254,0.1802758300808398
2679524.694,1247684.105,1516,91,Albisrieden,9,Kreis 9,24304.0,4944.0,1335.0,0.2034233048057933,0.054929229756418695,11529,4794,0.41582097319802236,24250.0,26610.0,0.09731958762886599,642.237036006126,1,248.82491567579632,6,0.38852867930625257,0.20724804280078912,0.8728382951876713,0.2051956769401246
2679324.694,1247884.105,1517,91,Albisrieden,9,Kreis 9,24304.0,4944.0,1335.0,0.2034233048057933,0.054929229756418695,11529,4794,0.41582097319802236,24250.0,26610.0,0.09731958762886599,483.27260466306785,1,151.25554092662537,4,0.38852867930625257,0.15581647686568315,0.923960965273808,0.2051956769401246
2679524.694,1247884.105,1518,91,Albisrieden,9,Kreis 9,24304.0,4944.0,1335.0,0.2034233048057933,0.054929229756418695,11529,4794,0.41582097319802236,24250.0,26610.0,0.09731958762886599,442.24609712009385,1,241.3572966805834,4,0.38852867930625257,0.14254270543168282,0.8767510457121332,0.2051956769401246
2679724.694,1247884.105,1519,91,Albisrieden,9,Kreis 9,24304.0,4944.0,1335.0,0.2034233048057933,0.054929229756418695,11529,4794,0.41582097319802236,24250.0,26610.0,0.09731958762886599,487.4533930726969,1,167.72282093088228,5,0.38852867930625257,0.15716913477118982,0.9153327320291258,0.2051956769401246
2679324.694,1248084.105,1520,91,Albisrieden,9,Kreis 9,24304.0,4944.0,1335.0,0.2034233048057933,0.054929229756418695,11529,4794,0.41582097319802236,24250.0,26610.0,0.09731958762886599,310.91093647192196,1,347.73587485475036,6,0.38852867930625257,0.10005035090051827,0.8210126854919202,0.2051956769401246
2679724.694,1248084.105,1521,91,Albisrieden,9,Kreis 9,24304.0,4944.0,1335.0,0.2034233048057933,0.054929229756418695,11529,4794,0.41582097319802236,24250.0,26610.0,0.09731958762886599,317.3704624222405,1,42.106349414373994,5,0.38852867930625257,0.10214027461500237,0.981151022319826,0.2051956769401246
2679524.694,1248084.105,1522,91,Albisrieden,9,Kreis 9,24304.0,4944.0,1335.0,0.2034233048057933,0.054929229756418695,11529,4794,0.41582097319802236,24250.0,26610.0,0.09731958762886599,242.27011870632566,1,178.5926780720635,4,0.38852867930625257,0.07784220839389563,0.9096373371171401,0.2051956769401246
2679124.694,1248284.105,1523,91,Albisrieden,9,Kreis 9,24304.0,4944.0,1335.0,0.2034233048057933,0.054929229756418695,11529,4794,0.41582097319802236,24250.0,26610.0,0.09731958762886599,397.17705172597704,2,246.92000052862846,3,0.38852867930625257,0.1279610058638252,0.8738363988330119,0.2051956769401246
2679324.694,1248284.105,1524,91,Albisrieden,9,Kreis 9,24304.0,4944.0,1335.0,0.2034233048057933,0.054929229756418695,11529,4794,0.41582097319802236,24250.0,26610.0,0.09731958762886599,199.4462594732453,1,242.6340055741268,5,0.38852867930625257,0.0639869193765135,0.8760820984350962,0.2051956769401246
2679724.694,1248284.105,1525,91,Albisrieden,9,Kreis 9,24304.0,4944.0,1335.0,0.2034233048057933,0.054929229756418695,11529,4794,0.41582097319802236,24250.0,26610.0,0.09731958762886599,209.37337561908,1,86.3111270983681,4,0.38852867930625257,0.0671987518870083,0.957989387108168,0.2051956769401246
2677324.694,1247884.105,1526,92,Altstetten,9,Kreis 9,36874.0,6802.0,1610.0,0.18446601941747573,0.04366220100884092,18340,8197,0.44694656488549617,36980.0,40280.0,0.08923742563547864,1774.8134098887542,0,917.8699682748554,0,0.38605258850575336,0.5736833262018857,0.5222839374835975,0.1802758300808398
2678124.694,1247884.105,1527,92,Altstetten,9,Kreis 9,36874.0,6802.0,1610.0,0.18446601941747573,0.04366220100884092,18340,8197,0.44694656488549617,36980.0,40280.0,0.08923742563547864,1463.3445289531267,0,644.4372045909496,0,0.38605258850575336,0.4729102655163579,0.6655523862615956,0.1802758300808398
2677124.694,1247884.105,1528,92,Altstetten,9,Kreis 9,36874.0,6802.0,1610.0,0.18446601941747573,0.04366220100884092,18340,8197,0.44694656488549617,36980.0,40280.0,0.08923742563547864,1897.3862653452684,0,1003.6970054059295,0,0.38605258850575336,0.6133407127254228,0.47731380915180965,0.1802758300808398
2677924.694,1248084.105,1529,92,Altstetten,9,Kreis 9,36874.0,6802.0,1610.0,0.18446601941747573,0.04366220100884092,18340,8197,0.44694656488549617,36980.0,40280.0,0.08923742563547864,1319.1445106284382,0,529.0214652175621,0,0.38605258850575336,0.42625559762839216,0.7260258778864188,0.1802758300808398
2676724.694,1248084.105,1530,92,Altstetten,9,Kreis 9,36874.0,6802.0,1610.0,0.18446601941747573,0.04366220100884092,18340,8197,0.44694656488549617,36980.0,40280.0,0.08923742563547864,2049.588797764237,0,1400.8906019603087,0,0.38605258850575336,0.6625845247873978,0.26919935470156053,0.1802758300808398
2676924.694,1248084.105,1531,92,Altstetten,9,Kreis 9,36874.0,6802.0,1610.0,0.18446601941747573,0.04366220100884092,18340,8197,0.44694656488549617,36980.0,40280.0,0.08923742563547864,1894.9148371155713,0,1279.67655236031,0,0.38605258850575336,0.6125411035117413,0.33271094205605467,0.1802758300808398
2677124.694,1248084.105,1532,92,Altstetten,9,Kreis 9,36874.0,6802.0,1610.0,0.18446601941747573,0.04366220100884092,18340,8197,0.44694656488549617,36980.0,40280.0,0.08923742563547864,1749.4542691710506,0,1180.1057913004338,0,0.38605258850575336,0.5654785957042469,0.38488226303638984,0.1802758300808398
2678124.694,1248084.105,1533,92,Altstetten,9,Kreis 9,36874.0,6802.0,1610.0,0.18446601941747573,0.04366220100884092,18340,8197,0.44694656488549617,36980.0,40280.0,0.08923742563547864,1268.8696701872987,0,447.8183902666235,1,0.38605258850575336,0.40998960812885926,0.7685732245448225,0.1802758300808398
2677524.694,1248084.105,1534,92,Altstetten,9,Kreis 9,36874.0,6802.0,1610.0,0.18446601941747573,0.04366220100884092,18340,8197,0.44694656488549617,36980.0,40280.0,0.08923742563547864,1496.7853018789897,0,823.7162804393446,0,0.38605258850575336,0.48372973816899,0.5716169165354984,0.1802758300808398
2676524.694,1248084.105,1535,92,Altstetten,9,Kreis 9,36874.0,6802.0,1610.0,0.18446601941747573,0.04366220100884092,18340,8197,0.44694656488549617,36980.0,40280.0,0.08923742563547864,2211.543858918599,0,1538.6412442998733,0,0.38605258850575336,0.7149836831142612,0.19702321684495494,0.1802758300808398
2679124.694,1247884.105,1536,91,Albisrieden,9,Kreis 9,24304.0,4944.0,1335.0,0.2034233048057933,0.054929229756418695,11529,4794,0.41582097319802236,24250.0,26610.0,0.09731958762886599,592.8939284709334,1,210.46193637096295,4,0.38852867930625257,0.19128350741889277,0.8929390485189717,0.2051956769401246
2679124.694,1248084.105,1537,91,Albisrieden,9,Kreis 9,24304.0,4944.0,1335.0,0.2034233048057933,0.054929229756418695,11529,4794,0.41582097319802236,24250.0,26610.0,0.09731958762886599,463.2886901465628,1,252.44303646776498,3,0.38852867930625257,0.14935085428323847,0.8709425364410859,0.2051956769401246
2678524.694,1248084.105,1538,92,Altstetten,9,Kreis 9,36874.0,6802.0,1610.0,0.18446601941747573,0.04366220100884092,18340,8197,0.44694656488549617,36980.0,40280.0,0.08923742563547864,1023.9867237505225,0,386.38670611306543,1,0.38605258850575336,0.33075985025386856,0.8007611086005701,0.1802758300808398
2678724.694,1248084.105,1539,91,Albisrieden,9,Kreis 9,24304.0,4944.0,1335.0,0.2034233048057933,0.054929229756418695,11529,4794,0.41582097319802236,24250.0,26610.0,0.09731958762886599,831.0102348451904,1,201.9214863776464,1,0.38852867930625257,0.2683239774664479,0.8974139219976416,0.2051956769401246
2678924.694,1248084.105,1540,91,Albisrieden,9,Kreis 9,24304.0,4944.0,1335.0,0.2034233048057933,0.054929229756418695,11529,4794,0.41582097319802236,24250.0,26610.0,0.09731958762886599,642.3450867077511,1,110.67920609135068,4,0.38852867930625257,0.20728300167012872,0.9452214333706992,0.2051956769401246
2678524.694,1248284.105,1541,92,Altstetten,9,Kreis 9,36874.0,6802.0,1610.0,0.18446601941747573,0.04366220100884092,18340,8197,0.44694656488549617,36980.0,40280.0,0.08923742563547864,995.8222785303362,1,382.80110587731707,3,0.38605258850575336,0.321647487764164,0.8026398278030267,0.1802758300808398
2678324.694,1248284.105,1542,92,Altstetten,9,Kreis 9,36874.0,6802.0,1610.0,0.18446601941747573,0.04366220100884092,18340,8197,0.44694656488549617,36980.0,40280.0,0.08923742563547864,1049.0156528485431,0,257.80013704619336,2,0.38605258850575336,0.3388577436399172,0.8681356179157463,0.1802758300808398
2678724.694,1248284.105,1543,92,Altstetten,9,Kreis 9,36874.0,6802.0,1610.0,0.18446601941747573,0.04366220100884092,18340,8197,0.44694656488549617,36980.0,40280.0,0.08923742563547864,796.0472413226995,1,194.97252796471247,3,0.38605258850575336,0.2570120035144887,0.9010549139513152,0.1802758300808398
2678924.694,1248284.105,1544,92,Altstetten,9,Kreis 9,36874.0,6802.0,1610.0,0.18446601941747573,0.04366220100884092,18340,8197,0.44694656488549617,36980.0,40280.0,0.08923742563547864,596.4230129845845,1,97.42631400707012,2,0.38605258850575336,0.19242531216930706,0.9521654486567827,0.1802758300808398
2678324.694,1248484.105,1545,92,Altstetten,9,Kreis 9,36874.0,6802.0,1610.0,0.18446601941747573,0.04366220100884092,18340,8197,0.44694656488549617,36980.0,40280.0,0.08923742563547864,849.0874159479721,1,108.17999196260207,3,0.38605258850575336,0.2741726929555256,0.9465309272534579,0.1802758300808398
2676324.694,1248084.105,1546,92,Altstetten,9,Kreis 9,36874.0,6802.0,1610.0,0.18446601941747573,0.04366220100884092,18340,8197,0.44694656488549617,36980.0,40280.0,0.08923742563547864,2379.2936430631016,0,1688.886994046851,0,0.38605258850575336,0.7692576739116657,0.11830011427404019,0.1802758300808398
2677724.694,1248084.105,1547,92,Altstetten,9,Kreis 9,36874.0,6802.0,1610.0,0.18446601941747573,0.04366220100884092,18340,8197,0.44694656488549617,36980.0,40280.0,0.08923742563547864,1396.5150339044187,0,662.7111819343949,0,0.38605258850575336,0.4512881607979142,0.6559775117961997,0.1802758300808398
2678324.694,1248084.105,1548,92,Altstetten,9,Kreis 9,36874.0,6802.0,1610.0,0.18446601941747573,0.04366220100884092,18340,8197,0.44694656488549617,36980.0,40280.0,0.08923742563547864,1219.2291049746143,0,448.57430896234297,1,0.38605258850575336,0.39392883288988567,0.7681771516767473,0.1802758300808398
2677324.694,1248084.105,1549,92,Altstetten,9,Kreis 9,36874.0,6802.0,1610.0,0.18446601941747573,0.04366220100884092,18340,8197,0.44694656488549617,36980.0,40280.0,0.08923742563547864,1615.6974469005318,0,998.9148665731107,0,0.38605258850575336,0.5222027335144824,0.47981946942158993,0.1802758300808398
2676324.694,1248284.105,1550,92,Altstetten,9,Kreis 9,36874.0,6802.0,1610.0,0.18446601941747573,0.04366220100884092,18340,8197,0.44694656488549617,36980.0,40280.0,0.08923742563547864,2280.6915266910682,0,1793.9236624395749,0,0.38605258850575336,0.7373558125538564,0.06326486413543253,0.1802758300808398
2677724.694,1248284.105,1551,92,Altstetten,9,Kreis 9,36874.0,6802.0,1610.0,0.18446601941747573,0.04366220100884092,18340,8197,0.44694656488549617,36980.0,40280.0,0.08923742563547864,1220.97085957078,0,551.7500436437456,0,0.38605258850575336,0.3944923625147119,0.7141169605709624,0.1802758300808398
2676724.694,1248284.105,1552,92,Altstetten,9,Kreis 9,36874.0,6802.0,1610.0,0.18446601941747573,0.04366220100884092,18340,8197,0.44694656488549617,36980.0,40280.0,0.08923742563547864,1934.25175194973,0,1461.8882675022483,0,0.38605258850575336,0.6252682218481102,0.23723888001837534,0.1802758300808398
2676924.694,1248284.105,1553,92,Altstetten,9,Kreis 9,36874.0,6802.0,1610.0,0.18446601941747573,0.04366220100884092,18340,8197,0.44694656488549617,36980.0,40280.0,0.08923742563547864,1769.5247497338605,0,1310.1888820550946,0,0.38605258850575336,0.5719722259817505,0.316723632835759,0.1802758300808398
2677324.694,1248284.105,1554,92,Altstetten,9,Kreis 9,36874.0,6802.0,1610.0,0.18446601941747573,0.04366220100884092,18340,8197,0.44694656488549617,36980.0,40280.0,0.08923742563547864,1466.6266873069117,0,929.0171745779343,0,0.38605258850575336,0.473972179444876,0.5164432220779753,0.1802758300808398
2678124.694,1248284.105,1555,92,Altstetten,9,Kreis 9,36874.0,6802.0,1610.0,0.18446601941747573,0.04366220100884092,18340,8197,0.44694656488549617,36980.0,40280.0,0.08923742563547864,1072.6349984599483,0,256.48257379592565,1,0.38605258850575336,0.34649957848871715,0.8688259713338575,0.1802758300808398
2677924.694,1248284.105,1556,92,Altstetten,9,Kreis 9,36874.0,6802.0,1610.0,0.18446601941747573,0.04366220100884092,18340,8197,0.44694656488549617,36980.0,40280.0,0.08923742563547864,1131.6615394724215,0,380.92743490188366,1,0.38605258850575336,0.36559710496275394,0.8036215606815379,0.1802758300808398
2677124.694,1248284.105,1557,92,Altstetten,9,Kreis 9,36874.0,6802.0,1610.0,0.18446601941747573,0.04366220100884092,18340,8197,0.44694656488549617,36980.0,40280.0,0.08923742563547864,1612.794419608638,0,1123.5636656018714,0,0.38605258850575336,0.5212634841596867,0.41450820299436875,0.1802758300808398
2676524.694,1248284.105,1558,92,Altstetten,9,Kreis 9,36874.0,6802.0,1610.0,0.18446601941747573,0.04366220100884092,18340,8197,0.44694656488549617,36980.0,40280.0,0.08923742563547864,2105.0990095291286,0,1624.0811884449222,0,0.38605258850575336,0.6805443733669612,0.15225591062889865,0.1802758300808398
2677524.694,1248284.105,1559,92,Altstetten,9,Kreis 9,36874.0,6802.0,1610.0,0.18446601941747573,0.04366220100884092,18340,8197,0.44694656488549617,36980.0,40280.0,0.08923742563547864,1334.4968489737723,0,737.3944064480158,0,0.38605258850575336,0.4312227138266196,0.6168463207068443,0.1802758300808398
2676924.694,1248484.105,1560,92,Altstetten,9,Kreis 9,36874.0,6802.0,1610.0,0.18446601941747573,0.04366220100884092,18340,8197,0.44694656488549617,36980.0,40280.0,0.08923742563547864,1658.8349646425443,0,1181.6246894258645,0,0.38605258850575336,0.5361595040277374,0.38408641774210084,0.1802758300808398
2677524.694,1248484.105,1561,92,Altstetten,9,Kreis 9,36874.0,6802.0,1610.0,0.18446601941747573,0.04366220100884092,18340,8197,0.44694656488549617,36980.0,40280.0,0.08923742563547864,1183.806335479278,0,699.2799944663183,0,0.38605258850575336,0.382468102401241,0.6368168341417886,0.1802758300808398
2677124.694,1248484.105,1562,92,Altstetten,9,Kreis 9,36874.0,6802.0,1610.0,0.18446601941747573,0.04366220100884092,18340,8197,0.44694656488549617,36980.0,40280.0,0.08923742563547864,1490.5104628685815,0,1027.4796867387815,0,0.38605258850575336,0.4816995683154615,0.46485258169525623,0.1802758300808398
2677324.694,1248484.105,1563,92,Altstetten,9,Kreis 9,36874.0,6802.0,1610.0,0.18446601941747573,0.04366220100884092,18340,8197,0.44694656488549617,36980.0,40280.0,0.08923742563547864,1330.9806309337469,0,889.6418260518321,0,0.38605258850575336,0.43008507191238843,0.5370744186742584,0.1802758300808398
2677724.694,1248484.105,1564,92,Altstetten,9,Kreis 9,36874.0,6802.0,1610.0,0.18446601941747573,0.04366220100884092,18340,8197,0.44694656488549617,36980.0,40280.0,0.08923742563547864,1054.1752415613632,0,499.67000176203067,0,0.38605258850575336,0.3405270839120738,0.7414049370086071,0.1802758300808398
2678124.694,1248484.105,1565,92,Altstetten,9,Kreis 9,36874.0,6802.0,1610.0,0.18446601941747573,0.04366220100884092,18340,8197,0.44694656488549617,36980.0,40280.0,0.08923742563547864,878.1010419770168,1,105.00147932755522,3,0.38605258850575336,0.2835598005463362,0.9481963479166922,0.1802758300808398
2679524.694,1248284.105,1566,91,Albisrieden,9,Kreis 9,24304.0,4944.0,1335.0,0.2034233048057933,0.054929229756418695,11529,4794,0.41582097319802236,24250.0,26610.0,0.09731958762886599,42.52070575612225,1,107.46562548554321,3,0.38852867930625257,0.013215014650936758,0.9469052283271417,0.2051956769401246
2679324.694,1248484.105,1567,92,Altstetten,9,Kreis 9,36874.0,6802.0,1610.0,0.18446601941747573,0.04366220100884092,18340,8197,0.44694656488549617,36980.0,40280.0,0.08923742563547864,250.7827952988217,2,237.72517885351974,2,0.38605258850575336,0.08059641122878228,0.8786541383768582,0.1802758300808398
2679524.694,1248484.105,1568,92,Altstetten,9,Kreis 9,36874.0,6802.0,1610.0,0.18446601941747573,0.04366220100884092,18340,8197,0.44694656488549617,36980.0,40280.0,0.08923742563547864,157.8645318557032,2,95.8689765304271,4,0.38605258850575336,0.05053351129277725,0.9529814347204002,0.1802758300808398
2679524.694,1248684.105,1569,92,Altstetten,9,Kreis 9,36874.0,6802.0,1610.0,0.18446601941747573,0.04366220100884092,18340,8197,0.44694656488549617,36980.0,40280.0,0.08923742563547864,357.81896318954637,2,284.5929912364877,5,0.38605258850575336,0.11522703695934314,0.8540971734862557,0.1802758300808398
2679724.694,1248684.105,1570,92,Altstetten,9,Kreis 9,36874.0,6802.0,1610.0,0.18446601941747573,0.04366220100884092,18340,8197,0.44694656488549617,36980.0,40280.0,0.08923742563547864,412.38769430982245,2,116.92207088905505,6,0.38605258850575336,0.1328822776247897,0.9419504078233298,0.1802758300808398
2679324.694,1248684.105,1571,92,Altstetten,9,Kreis 9,36874.0,6802.0,1610.0,0.18446601941747573,0.04366220100884092,18340,8197,0.44694656488549617,36980.0,40280.0,0.08923742563547864,407.4373699329902,2,313.9761561981955,6,0.38605258850575336,0.13128064301737394,0.8387015039712507,0.1802758300808398
2679124.694,1248684.105,1572,92,Altstetten,9,Kreis 9,36874.0,6802.0,1610.0,0.18446601941747573,0.04366220100884092,18340,8197,0.44694656488549617,36980.0,40280.0,0.08923742563547864,532.8939954791972,2,207.0568585221091,4,0.38605258850575336,0.17187104839460438,0.8947231808036366,0.1802758300808398
2679324.694,1248884.105,1573,92,Altstetten,9,Kreis 9,36874.0,6802.0,1610.0,0.18446601941747573,0.04366220100884092,18340,8197,0.44694656488549617,36980.0,40280.0,0.08923742563547864,447.79951799570796,2,125.78961269113677,7,0.38605258850575336,0.1443394666915218,0.9373041505813595,0.1802758300808398
2679724.694,1248884.105,1574,92,Altstetten,9,Kreis 9,36874.0,6802.0,1610.0,0.18446601941747573,0.04366220100884092,18340,8197,0.44694656488549617,36980.0,40280.0,0.08923742563547864,594.2868082148494,2,125.35059098774829,8,0.38605258850575336,0.1917341616047609,0.937534181385192,0.1802758300808398
2679524.694,1248884.105,1575,92,Altstetten,9,Kreis 9,36874.0,6802.0,1610.0,0.18446601941747573,0.04366220100884092,18340,8197,0.44694656488549617,36980.0,40280.0,0.08923742563547864,557.8060688250564,2,171.17425817289188,8,0.38605258850575336,0.17993113411341954,0.9135243091720574,0.1802758300808398
2677924.694,1248484.105,1576,92,Altstetten,9,Kreis 9,36874.0,6802.0,1610.0,0.18446601941747573,0.04366220100884092,18340,8197,0.44694656488549617,36980.0,40280.0,0.08923742563547864,949.3015537336072,1,300.5789591121131,2,0.38605258850575336,0.30659610988977404,0.8457211296321864,0.1802758300808398
2677124.694,1248684.105,1577,92,Altstetten,9,Kreis 9,36874.0,6802.0,1610.0,0.18446601941747573,0.04366220100884092,18340,8197,0.44694656488549617,36980.0,40280.0,0.08923742563547864,1386.4115694557163,0,902.9709334529086,0,0.38605258850575336,0.44801927232030864,0.5300904694385511,0.1802758300808398
2677724.694,1248684.105,1578,92,Altstetten,9,Kreis 9,36874.0,6802.0,1610.0,0.18446601941747573,0.04366220100884092,18340,8197,0.44694656488549617,36980.0,40280.0,0.08923742563547864,901.0000221536668,1,466.1113371941709,1,0.38605258850575336,0.29096856739343313,0.7589884107332718,0.1802758300808398
2677924.694,1248684.105,1579,92,Altstetten,9,Kreis 9,36874.0,6802.0,1610.0,0.18446601941747573,0.04366220100884092,18340,8197,0.44694656488549617,36980.0,40280.0,0.08923742563547864,775.6861736043709,1,330.8280620820088,3,0.38605258850575336,0.2504243562778284,0.8298717412815175,0.1802758300808398
2677524.694,1248684.105,1580,92,Altstetten,9,Kreis 9,36874.0,6802.0,1610.0,0.18446601941747573,0.04366220100884092,18340,8197,0.44694656488549617,36980.0,40280.0,0.08923742563547864,1049.7204579890906,0,608.4259845378766,0,0.38605258850575336,0.33908577724310257,0.6844209065007105,0.1802758300808398
2676924.694,1248684.105,1581,92,Altstetten,9,Kreis 9,36874.0,6802.0,1610.0,0.18446601941747573,0.04366220100884092,18340,8197,0.44694656488549617,36980.0,40280.0,0.08923742563547864,1565.965848899835,0,1075.1180896351636,0,0.38605258850575336,0.5061125054048299,0.43989185645782314,0.1802758300808398
2678324.694,1248684.105,1582,92,Altstetten,9,Kreis 9,36874.0,6802.0,1610.0,0.18446601941747573,0.04366220100884092,18340,8197,0.44694656488549617,36980.0,40280.0,0.08923742563547864,649.2033887166286,2,192.21058935714547,4,0.38605258850575336,0.20950194592698093,0.9025020655457145,0.1802758300808398
2678124.694,1248684.105,1583,92,Altstetten,9,Kreis 9,36874.0,6802.0,1610.0,0.18446601941747573,0.04366220100884092,18340,8197,0.44694656488549617,36980.0,40280.0,0.08923742563547864,686.7146714036857,1,190.43978224354166,4,0.38605258850575336,0.2216383967828725,0.9034299016427243,0.1802758300808398
2677324.694,1248684.105,1584,92,Altstetten,9,Kreis 9,36874.0,6802.0,1610.0,0.18446601941747573,0.04366220100884092,18340,8197,0.44694656488549617,36980.0,40280.0,0.08923742563547864,1213.27039027611,0,744.8718726471492,0,0.38605258850575336,0.39200094232144,0.612928410619163,0.1802758300808398
2678324.694,1248884.105,1585,92,Altstetten,9,Kreis 9,36874.0,6802.0,1610.0,0.18446601941747573,0.04366220100884092,18340,8197,0.44694656488549617,36980.0,40280.0,0.08923742563547864,449.42256276371273,2,138.72421079623163,5,0.38605258850575336,0.14486458877887176,0.9305269093279082,0.1802758300808398
2680724.694,1247484.105,1586,34,Sihlfeld,3,Kreis 3,21478.0,3436.0,787.0,0.15997765155042368,0.036642145451159326,11373,5657,0.4974061373428295,21870.0,23980.0,0.09647919524462735,782.8823615052562,2,179.66708841913697,7,0.4380113341974158,0.25275262059066117,0.9090743866436768,0.202604482958357
2680324.694,1247484.105,1587,91,Albisrieden,9,Kreis 9,24304.0,4944.0,1335.0,0.2034233048057933,0.054929229756418695,11529,4794,0.41582097319802236,24250.0,26610.0,0.09731958762886599,1131.7176290736666,0,96.24974109563819,4,0.38852867930625257,0.3656152522677852,0.9527819284583398,0.2051956769401246
2680524.694,1247484.105,1588,34,Sihlfeld,3,Kreis 3,21478.0,3436.0,787.0,0.15997765155042368,0.036642145451159326,11373,5657,0.4974061373428295,21870.0,23980.0,0.09647919524462735,952.2839870312237,1,116.36843498574271,4,0.4380113341974158,0.30756105037046805,0.9422404921423657,0.202604482958357
2680924.694,1247484.105,1589,34,Sihlfeld,3,Kreis 3,21478.0,3436.0,787.0,0.15997765155042368,0.036642145451159326,11373,5657,0.4974061373428295,21870.0,23980.0,0.09647919524462735,631.6365980182032,2,262.80705215221195,7,0.4380113341974158,0.2038183628358398,0.8655121833618987,0.202604482958357
2680324.694,1247684.105,1590,34,Sihlfeld,3,Kreis 3,21478.0,3436.0,787.0,0.15997765155042368,0.036642145451159326,11373,5657,0.4974061373428295,21870.0,23980.0,0.09647919524462735,1029.8471781863814,0,174.0948151468534,3,0.4380113341974158,0.3326559495647709,0.9119940475399476,0.202604482958357
2680524.694,1247684.105,1591,34,Sihlfeld,3,Kreis 3,21478.0,3436.0,787.0,0.15997765155042368,0.036642145451159326,11373,5657,0.4974061373428295,21870.0,23980.0,0.09647919524462735,873.8411708978441,1,197.9485101257991,5,0.4380113341974158,0.28218155612755363,0.8994956116129065,0.202604482958357
2680724.694,1247684.105,1592,34,Sihlfeld,3,Kreis 3,21478.0,3436.0,787.0,0.15997765155042368,0.036642145451159326,11373,5657,0.4974061373428295,21870.0,23980.0,0.09647919524462735,685.3162714806047,2,273.96009319047835,6,0.4380113341974158,0.22118595659081233,0.859668410775242,0.202604482958357
2680524.694,1247884.105,1593,34,Sihlfeld,3,Kreis 3,21478.0,3436.0,787.0,0.15997765155042368,0.036642145451159326,11373,5657,0.4974061373428295,21870.0,23980.0,0.09647919524462735,836.8703555247649,1,247.57243517997736,7,0.4380113341974158,0.2702199687933931,0.873494547698684,0.202604482958357
2680324.694,1247884.105,1594,34,Sihlfeld,3,Kreis 3,21478.0,3436.0,787.0,0.15997765155042368,0.036642145451159326,11373,5657,0.4974061373428295,21870.0,23980.0,0.09647919524462735,918.5305713031407,1,243.50835439685787,5,0.4380113341974158,0.2966404248450791,0.8756239726500372,0.202604482958357
2680724.694,1247884.105,1595,34,Sihlfeld,3,Kreis 3,21478.0,3436.0,787.0,0.15997765155042368,0.036642145451159326,11373,5657,0.4974061373428295,21870.0,23980.0,0.09647919524462735,637.5045034790807,1,109.40617286514382,5,0.4380113341974158,0.2057168728613988,0.9458884547367721,0.202604482958357
2679924.694,1247684.105,1596,91,Albisrieden,9,Kreis 9,24304.0,4944.0,1335.0,0.2034233048057933,0.054929229756418695,11529,4794,0.41582097319802236,24250.0,26610.0,0.09731958762886599,759.2936259565157,1,135.5540654536959,5,0.38852867930625257,0.24512068936270848,0.9321879458456495,0.2051956769401246
2680124.694,1247684.105,1597,91,Albisrieden,9,Kreis 9,24304.0,4944.0,1335.0,0.2034233048057933,0.054929229756418695,11529,4794,0.41582097319802236,24250.0,26610.0,0.09731958762886599,882.3582098095551,1,190.87012511381505,4,0.38852867930625257,0.2849371703530667,0.9032044182199037,0.2051956769401246
2679924.694,1247884.105,1598,91,Albisrieden,9,Kreis 9,24304.0,4944.0,1335.0,0.2034233048057933,0.054929229756418695,11529,4794,0.41582097319802236,24250.0,26610.0,0.09731958762886599,599.6999336486663,1,170.70769947766982,5,0.38852867930625257,0.19348553148865352,0.9137687683203606,0.2051956769401246
2680124.694,1247884.105,1599,34,Sihlfeld,3,Kreis 3,21478.0,3436.0,787.0,0.15997765155042368,0.036642145451159326,11373,5657,0.4974061373428295,21870.0,23980.0,0.09647919524462735,749.445935620672,1,64.95166403574339,6,0.4380113341974158,0.24193455438561148,0.9691809396437331,0.202604482958357
2679924.694,1248084.105,1600,91,Albisrieden,9,Kreis 9,24304.0,4944.0,1335.0,0.2034233048057933,0.054929229756418695,11529,4794,0.41582097319802236,24250.0,26610.0,0.09731958762886599,471.9673827906293,1,211.86130052714145,5,0.38852867930625257,0.15215877017475352,0.8922058345133413,0.2051956769401246
2680124.694,1248084.105,1601,91,Albisrieden,9,Kreis 9,24304.0,4944.0,1335.0,0.2034233048057933,0.054929229756418695,11529,4794,0.41582097319802236,24250.0,26610.0,0.09731958762886599,651.7533355636672,1,151.85756043412732,4,0.38852867930625257,0.21032695915973015,0.9236455297721811,0.2051956769401246
2679924.694,1248284.105,1602,91,Albisrieden,9,Kreis 9,24304.0,4944.0,1335.0,0.2034233048057933,0.054929229756418695,11529,4794,0.41582097319802236,24250.0,26610.0,0.09731958762886599,407.26700138638535,1,195.26190273846126,5,0.38852867930625257,0.13122552174864768,0.900903292490917,0.2051956769401246
2680124.694,1248284.105,1603,92,Altstetten,9,Kreis 9,36874.0,6802.0,1610.0,0.18446601941747573,0.04366220100884092,18340,8197,0.44694656488549617,36980.0,40280.0,0.08923742563547864,606.5439888568575,1,302.0767628617242,5,0.38605258850575336,0.1956998663164487,0.844936336994722,0.1802758300808398
2680324.694,1248484.105,1604,92,Altstetten,9,Kreis 9,36874.0,6802.0,1610.0,0.18446601941747573,0.04366220100884092,18340,8197,0.44694656488549617,36980.0,40280.0,0.08923742563547864,820.3889385032802,1,156.74732744441746,3,0.38605258850575336,0.2648875489615935,0.9210834763993089,0.1802758300808398
2679724.694,1248484.105,1605,91,Albisrieden,9,Kreis 9,24304.0,4944.0,1335.0,0.2034233048057933,0.054929229756418695,11529,4794,0.41582097319802236,24250.0,26610.0,0.09731958762886599,258.74777374530197,1,204.61784052483114,6,0.38852867930625257,0.08317341106881435,0.8960011341853154,0.2051956769401246
2680524.694,1248084.105,1606,34,Sihlfeld,3,Kreis 3,21478.0,3436.0,787.0,0.15997765155042368,0.036642145451159326,11373,5657,0.4974061373428295,21870.0,23980.0,0.09647919524462735,846.8208735949875,1,241.9382372857516,4,0.4380113341974158,0.27343937279398156,0.8764466547598082,0.202604482958357
2680324.694,1248084.105,1607,34,Sihlfeld,3,Kreis 3,21478.0,3436.0,787.0,0.15997765155042368,0.036642145451159326,11373,5657,0.4974061373428295,21870.0,23980.0,0.09647919524462735,840.7208873451972,1,279.5323213173358,3,0.4380113341974158,0.27146577503781266,0.8567487735334707,0.202604482958357
2680724.694,1248084.105,1608,34,Sihlfeld,3,Kreis 3,21478.0,3436.0,787.0,0.15997765155042368,0.036642145451159326,11373,5657,0.4974061373428295,21870.0,23980.0,0.09647919524462735,650.5117923267344,1,95.97765709262902,4,0.4380113341974158,0.2099252685908897,0.9529244902074266,0.202604482958357
2680524.694,1248284.105,1609,34,Sihlfeld,3,Kreis 3,21478.0,3436.0,787.0,0.15997765155042368,0.036642145451159326,11373,5657,0.4974061373428295,21870.0,23980.0,0.09647919524462735,902.1414478651388,1,126.51215222668739,3,0.4380113341974158,0.29133786580342086,0.9369255671334784,0.202604482958357
2680324.694,1248284.105,1610,92,Altstetten,9,Kreis 9,36874.0,6802.0,1610.0,0.18446601941747573,0.04366220100884092,18340,8197,0.44694656488549617,36980.0,40280.0,0.08923742563547864,806.1791428823481,1,134.6392389349215,3,0.38605258850575336,0.26029009257321967,0.932667280415801,0.1802758300808398
2680924.694,1248284.105,1611,44,Hard,4,Kreis 4,12817.0,1984.0,332.0,0.1547944136693454,0.025903097448700944,6634,3100,0.4672897196261682,13240.0,14200.0,0.07250755287009064,553.1538592074853,1,245.4659052923385,5,0.3326942660187968,0.1784259519562005,0.8745982898590616,0.12869237164114358
2680724.694,1248284.105,1612,44,Hard,4,Kreis 4,12817.0,1984.0,332.0,0.1547944136693454,0.025903097448700944,6634,3100,0.4672897196261682,13240.0,14200.0,0.07250755287009064,721.0542226186403,1,294.0301186289983,3,0.3326942660187968,0.2327486613720775,0.8491524748911439,0.12869237164114358
2680524.694,1248484.105,1613,44,Hard,4,Kreis 4,12817.0,1984.0,332.0,0.1547944136693454,0.025903097448700944,6634,3100,0.4672897196261682,13240.0,14200.0,0.07250755287009064,995.2953290135749,1,149.82431264992033,4,0.3326942660187968,0.3214769978087268,0.9247108748760376,0.12869237164114358
2680724.694,1248484.105,1614,44,Hard,4,Kreis 4,12817.0,1984.0,332.0,0.1547944136693454,0.025903097448700944,6634,3100,0.4672897196261682,13240.0,14200.0,0.07250755287009064,834.6692710027146,1,309.23734357444795,4,0.3326942660187968,0.269507826946515,0.841184462942615,0.12869237164114358
2680724.694,1248684.105,1615,44,Hard,4,Kreis 4,12817.0,1984.0,332.0,0.1547944136693454,0.025903097448700944,6634,3100,0.4672897196261682,13240.0,14200.0,0.07250755287009064,976.4355544306211,1,141.66769095659646,3,0.3326942660187968,0.3153750809724308,0.9289846368112474,0.12869237164114358
2680124.694,1248484.105,1616,92,Altstetten,9,Kreis 9,36874.0,6802.0,1610.0,0.18446601941747573,0.04366220100884092,18340,8197,0.44694656488549617,36980.0,40280.0,0.08923742563547864,625.3069729488144,1,104.36652078617414,4,0.38605258850575336,0.20177046742709753,0.9485290422289478,0.1802758300808398
2679924.694,1248484.105,1617,92,Altstetten,9,Kreis 9,36874.0,6802.0,1610.0,0.18446601941747573,0.04366220100884092,18340,8197,0.44694656488549617,36980.0,40280.0,0.08923742563547864,434.71785150633,1,200.53620785523316,6,0.38605258850575336,0.1401070067197843,0.8981397556627726,0.1802758300808398
2679924.694,1248684.105,1618,92,Altstetten,9,Kreis 9,36874.0,6802.0,1610.0,0.18446601941747573,0.04366220100884092,18340,8197,0.44694656488549617,36980.0,40280.0,0.08923742563547864,540.4561133138391,1,162.32181203103562,5,0.38605258850575336,0.17431770617040632,0.9181626568577821,0.1802758300808398
2680324.694,1248684.105,1619,92,Altstetten,9,Kreis 9,36874.0,6802.0,1610.0,0.18446601941747573,0.04366220100884092,18340,8197,0.44694656488549617,36980.0,40280.0,0.08923742563547864,880.9944440338772,1,247.4105306187615,4,0.38605258850575336,0.2844959357396427,0.8735793795784592,0.1802758300808398
2680124.694,1248684.105,1620,92,Altstetten,9,Kreis 9,36874.0,6802.0,1610.0,0.18446601941747573,0.04366220100884092,18340,8197,0.44694656488549617,36980.0,40280.0,0.08923742563547864,702.9381270200322,1,102.63708228999629,6,0.38605258850575336,0.22688735543467742,0.949435202731684,0.1802758300808398
2680124.694,1248884.105,1621,92,Altstetten,9,Kreis 9,36874.0,6802.0,1610.0,0.18446601941747573,0.04366220100884092,18340,8197,0.44694656488549617,36980.0,40280.0,0.08923742563547864,822.9430177226443,1,210.90446335016222,5,0.38605258850575336,0.26571389918764327,0.8927071810829039,0.1802758300808398
2680324.694,1248884.105,1622,92,Altstetten,9,Kreis 9,36874.0,6802.0,1610.0,0.18446601941747573,0.04366220100884092,18340,8197,0.44694656488549617,36980.0,40280.0,0.08923742563547864,979.4204461918192,1,103.45523022536835,4,0.38605258850575336,0.3163408168677388,0.9490065240905715,0.1802758300808398
2679924.694,1248884.105,1623,92,Altstetten,9,Kreis 9,36874.0,6802.0,1610.0,0.18446601941747573,0.04366220100884092,18340,8197,0.44694656488549617,36980.0,40280.0,0.08923742563547864,689.3518770688326,2,69.05811075475019,6,0.38605258850575336,0.22249164185100176,0.9670293165408714,0.1802758300808398
2679924.694,1249084.105,1624,92,Altstetten,9,Kreis 9,36874.0,6802.0,1610.0,0.18446601941747573,0.04366220100884092,18340,8197,0.44694656488549617,36980.0,40280.0,0.08923742563547864,826.1936869266045,2,154.41856320066844,5,0.38605258850575336,0.26676562507427193,0.9223036609751313,0.1802758300808398
2680324.694,1249084.105,1625,44,Hard,4,Kreis 4,12817.0,1984.0,332.0,0.1547944136693454,0.025903097448700944,6634,3100,0.4672897196261682,13240.0,14200.0,0.07250755287009064,1105.6118715076298,0,142.63584633946869,4,0.3326942660187968,0.3571689603507843,0.9284773599289476,0.12869237164114358
2680524.694,1248684.105,1626,44,Hard,4,Kreis 4,12817.0,1984.0,332.0,0.1547944136693454,0.025903097448700944,6634,3100,0.4672897196261682,13240.0,14200.0,0.07250755287009064,1066.855384022919,0,304.8583025949024,4,0.3326942660187968,0.34462963425977156,0.8434789151502518,0.12869237164114358
2680724.694,1248884.105,1627,44,Hard,4,Kreis 4,12817.0,1984.0,332.0,0.1547944136693454,0.025903097448700944,6634,3100,0.4672897196261682,13240.0,14200.0,0.07250755287009064,1135.860903436801,0,156.562238937,2,0.3326942660187968,0.36695577282823,0.9211804557919284,0.12869237164114358
2680524.694,1248884.105,1628,44,Hard,4,Kreis 4,12817.0,1984.0,332.0,0.1547944136693454,0.025903097448700944,6634,3100,0.4672897196261682,13240.0,14200.0,0.07250755287009064,1149.4753631195024,0,150.26837545218095,3,0.3326942660187968,0.37136061342637977,0.9244782027266479,0.12869237164114358
2680524.694,1249084.105,1629,44,Hard,4,Kreis 4,12817.0,1984.0,332.0,0.1547944136693454,0.025903097448700944,6634,3100,0.4672897196261682,13240.0,14200.0,0.07250755287009064,1258.7322234767541,0,179.5065031162664,4,0.3326942660187968,0.4067097249845488,0.9091585272818682,0.12869237164114358
2680724.694,1249084.105,1630,44,Hard,4,Kreis 4,12817.0,1984.0,332.0,0.1547944136693454,0.025903097448700944,6634,3100,0.4672897196261682,13240.0,14200.0,0.07250755287009064,1306.4966865462372,0,330.0814061121269,4,0.3326942660187968,0.42216350361262134,0.8302629608308305,0.12869237164114358
2680724.694,1249284.105,1631,52,Escher Wyss,5,Kreis 5,6426.0,752.0,83.0,0.1170245876128229,0.012916277622159975,3104,1140,0.36726804123711343,6280.0,8510.0,0.35509554140127386,1331.7151496216472,0,234.5963781923,4,0.09580087585421786,0.43032271907665115,0.8802935118419442,1.0
2680924.694,1249284.105,1632,52,Escher Wyss,5,Kreis 5,6426.0,752.0,83.0,0.1170245876128229,0.012916277622159975,3104,1140,0.36726804123711343,6280.0,8510.0,0.35509554140127386,1150.1267928936572,0,87.8240323658524,4,0.09580087585421786,0.37157137789172884,0.9571966818452715,1.0
2680524.694,1249284.105,1633,52,Escher Wyss,5,Kreis 5,6426.0,752.0,83.0,0.1170245876128229,0.012916277622159975,3104,1140,0.36726804123711343,6280.0,8510.0,0.35509554140127386,1388.351544249062,0,245.8891674332071,5,0.09580087585421786,0.44864693437435066,0.8743765164712214,1.0
2680724.694,1249484.105,1634,52,Escher Wyss,5,Kreis 5,6426.0,752.0,83.0,0.1170245876128229,0.012916277622159975,3104,1140,0.36726804123711343,6280.0,8510.0,0.35509554140127386,1267.3261773244403,0,156.14442885047785,6,0.09580087585421786,0.4094902243719033,0.9213993725090524,1.0
2680524.694,1249484.105,1635,52,Escher Wyss,5,Kreis 5,6426.0,752.0,83.0,0.1170245876128229,0.012916277622159975,3104,1140,0.36726804123711343,6280.0,8510.0,0.35509554140127386,1307.4093830910404,0,64.05843161511449,5,0.09580087585421786,0.4224587986803682,0.9696489597214208,1.0
2680124.694,1249084.105,1636,44,Hard,4,Kreis 4,12817.0,1984.0,332.0,0.1547944136693454,0.025903097448700944,6634,3100,0.4672897196261682,13240.0,14200.0,0.07250755287009064,969.7156337908934,1,46.07268888411524,5,0.3326942660187968,0.31320090880988605,0.9790728101279114,0.12869237164114358
2680324.694,1249284.105,1637,44,Hard,4,Kreis 4,12817.0,1984.0,332.0,0.1547944136693454,0.025903097448700944,6634,3100,0.4672897196261682,13240.0,14200.0,0.07250755287009064,1201.6660136316925,0,298.949230908883,4,0.3326942660187968,0.3882464466932001,0.8465750457044989,0.12869237164114358
2679924.694,1249284.105,1638,92,Altstetten,9,Kreis 9,36874.0,6802.0,1610.0,0.18446601941747573,0.04366220100884092,18340,8197,0.44694656488549617,36980.0,40280.0,0.08923742563547864,801.666020433274,1,196.98719415497268,5,0.38605258850575336,0.2588299108655782,0.8999993049014147,0.1802758300808398
2680124.694,1249284.105,1639,44,Hard,4,Kreis 4,12817.0,1984.0,332.0,0.1547944136693454,0.025903097448700944,6634,3100,0.4672897196261682,13240.0,14200.0,0.07250755287009064,1001.6660163534565,0,199.41086394929695,6,0.3326942660187968,0.3235381785596959,0.8987293933988402,0.12869237164114358
2680124.694,1249484.105,1640,92,Altstetten,9,Kreis 9,36874.0,6802.0,1610.0,0.18446601941747573,0.04366220100884092,18340,8197,0.44694656488549617,36980.0,40280.0,0.08923742563547864,1021.4730580477144,0,218.02532573293308,6,0.38605258850575336,0.32994657547132433,0.8889761179367166,0.1802758300808398
2680324.694,1249484.105,1641,52,Escher Wyss,5,Kreis 5,6426.0,752.0,83.0,0.1170245876128229,0.012916277622159975,3104,1140,0.36726804123711343,6280.0,8510.0,0.35509554140127386,1218.2255982852396,0,99.05878386597128,4,0.09580087585421786,0.39360415698581813,0.951310096060369,1.0
2679924.694,1249484.105,1642,92,Altstetten,9,Kreis 9,36874.0,6802.0,1610.0,0.18446601941747573,0.04366220100884092,18340,8197,0.44694656488549617,36980.0,40280.0,0.08923742563547864,826.2813130630929,1,199.29751795005322,4,0.38605258850575336,0.2667939757523347,0.8987887824247494,0.1802758300808398
2679924.694,1249684.105,1643,92,Altstetten,9,Kreis 9,36874.0,6802.0,1610.0,0.18446601941747573,0.04366220100884092,18340,8197,0.44694656488549617,36980.0,40280.0,0.08923742563547864,895.9984421399488,1,216.70602359197204,4,0.38605258850575336,0.2893503494683169,0.889667382467925,0.1802758300808398
2680324.694,1249684.105,1644,52,Escher Wyss,5,Kreis 5,6426.0,752.0,83.0,0.1170245876128229,0.012916277622159975,3104,1140,0.36726804123711343,6280.0,8510.0,0.35509554140127386,1051.4801448407652,0,101.2652095292246,4,0.09580087585421786,0.33965510869399634,0.9501540122836504,1.0
2680124.694,1249684.105,1645,92,Altstetten,9,Kreis 9,36874.0,6802.0,1610.0,0.18446601941747573,0.04366220100884092,18340,8197,0.44694656488549617,36980.0,40280.0,0.08923742563547864,1012.3025708720984,0,219.03662401740974,5,0.38605258850575336,0.3269795437155734,0.8884462358021955,0.1802758300808398
2679524.694,1249484.105,1646,92,Altstetten,9,Kreis 9,36874.0,6802.0,1610.0,0.18446601941747573,0.04366220100884092,18340,8197,0.44694656488549617,36980.0,40280.0,0.08923742563547864,448.78503575443324,1,171.43717409314775,9,0.38605258850575336,0.1446583224327707,0.9133865511523286,0.1802758300808398
2679524.694,1249684.105,1647,92,Altstetten,9,Kreis 9,36874.0,6802.0,1610.0,0.18446601941747573,0.04366220100884092,18340,8197,0.44694656488549617,36980.0,40280.0,0.08923742563547864,566.9924235093924,1,199.5813234274109,6,0.38605258850575336,0.18290329966428465,0.898640079065474,0.1802758300808398
2679724.694,1249684.105,1648,92,Altstetten,9,Kreis 9,36874.0,6802.0,1610.0,0.18446601941747573,0.04366220100884092,18340,8197,0.44694656488549617,36980.0,40280.0,0.08923742563547864,722.5972656446568,1,119.51527375607976,6,0.38605258850575336,0.2332478995882166,0.9405916673888631,0.1802758300808398
2679324.694,1249684.105,1649,92,Altstetten,9,Kreis 9,36874.0,6802.0,1610.0,0.18446601941747573,0.04366220100884092,18340,8197,0.44694656488549617,36980.0,40280.0,0.08923742563547864,448.12276032017587,1,133.99665914112617,11,0.38605258850575336,0.14444404894796387,0.9330039679766946,0.1802758300808398
2679524.694,1249884.105,1650,92,Altstetten,9,Kreis 9,36874.0,6802.0,1610.0,0.18446601941747573,0.04366220100884092,18340,8197,0.44694656488549617,36980.0,40280.0,0.08923742563547864,722.186131351884,2,213.15278712946193,7,0.38605258850575336,0.23311488064612826,0.8915291442746182,0.1802758300808398
2679324.694,1249884.105,1651,92,Altstetten,9,Kreis 9,36874.0,6802.0,1610.0,0.18446601941747573,0.04366220100884092,18340,8197,0.44694656488549617,36980.0,40280.0,0.08923742563547864,633.1559115391091,1,27.504738882673724,7,0.38605258850575336,0.20430992357597752,0.9888017151715265,0.1802758300808398
2679724.694,1249884.105,1652,92,Altstetten,9,Kreis 9,36874.0,6802.0,1610.0,0.18446601941747573,0.04366220100884092,18340,8197,0.44694656488549617,36980.0,40280.0,0.08923742563547864,849.8348123706636,2,262.98183332874817,5,0.38605258850575336,0.27441450659942407,0.8654206046216608,0.1802758300808398
2679524.694,1250084.105,1653,92,Altstetten,9,Kreis 9,36874.0,6802.0,1610.0,0.18446601941747573,0.04366220100884092,18340,8197,0.44694656488549617,36980.0,40280.0,0.08923742563547864,785.1655207622694,2,237.89828217318296,5,0.38605258850575336,0.25349131700768546,0.8785634387702992,0.1802758300808398
2679324.694,1250084.105,1654,92,Altstetten,9,Kreis 9,36874.0,6802.0,1610.0,0.18446601941747573,0.04366220100884092,18340,8197,0.44694656488549617,36980.0,40280.0,0.08923742563547864,825.2022832717239,2,121.58878509560867,4,0.38605258850575336,0.266444865002264,0.9395052257015702,0.1802758300808398
2679724.694,1250284.105,1655,92,Altstetten,9,Kreis 9,36874.0,6802.0,1610.0,0.18446601941747573,0.04366220100884092,18340,8197,0.44694656488549617,36980.0,40280.0,0.08923742563547864,504.46416621395485,1,70.10843502031389,5,0.38605258850575336,0.1626728231940022,0.966478986265107,0.1802758300808398
2680724.694,1249684.105,1656,52,Escher Wyss,5,Kreis 5,6426.0,752.0,83.0,0.1170245876128229,0.012916277622159975,3104,1140,0.36726804123711343,6280.0,8510.0,0.35509554140127386,1227.7289990036686,0,102.90203428983482,6,0.09580087585421786,0.39667890003700296,0.9492963778830958,1.0
2680524.694,1249684.105,1657,52,Escher Wyss,5,Kreis 5,6426.0,752.0,83.0,0.1170245876128229,0.012916277622159975,3104,1140,0.36726804123711343,6280.0,8510.0,0.35509554140127386,1125.3730470357166,0,148.33344417568674,4,0.09580087585421786,0.36356251766131653,0.9254920336909425,1.0
2680524.694,1249884.105,1658,92,Altstetten,9,Kreis 9,36874.0,6802.0,1610.0,0.18446601941747573,0.04366220100884092,18340,8197,0.44694656488549617,36980.0,40280.0,0.08923742563547864,950.5838705734553,1,89.69286850700072,6,0.38605258850575336,0.3070109924049451,0.9562174822374583,0.1802758300808398
2680724.694,1249884.105,1659,101,Höngg,10,Kreis 10,24981.0,5847.0,1658.0,0.2340578839918338,0.06637044153556704,11293,4606,0.407863278136899,24990.0,26800.0,0.07242897158863545,1069.7960997285925,0,133.53212595094445,8,0.4317706959540163,0.3455810773746552,0.9332473658367996,0.12845008084055437
2680724.694,1250084.105,1660,101,Höngg,10,Kreis 10,24981.0,5847.0,1658.0,0.2340578839918338,0.06637044153556704,11293,4606,0.407863278136899,24990.0,26800.0,0.07242897158863545,928.2289022619726,1,109.48948196521133,10,0.4317706959540163,0.29977823588843877,0.9458448039124342,0.12845008084055437
2680524.694,1250084.105,1661,101,Höngg,10,Kreis 10,24981.0,5847.0,1658.0,0.2340578839918338,0.06637044153556704,11293,4606,0.407863278136899,24990.0,26800.0,0.07242897158863545,787.8800003771956,1,206.18037409258113,7,0.4317706959540163,0.2543695633934652,0.8951824255660591,0.12845008084055437
2680724.694,1250284.105,1662,101,Höngg,10,Kreis 10,24981.0,5847.0,1658.0,0.2340578839918338,0.06637044153556704,11293,4606,0.407863278136899,24990.0,26800.0,0.07242897158863545,811.6366767183608,1,96.07261139889394,8,0.4317706959540163,0.2620558304112912,0.9528747377345331,0.12845008084055437
2680524.694,1250284.105,1663,101,Höngg,10,Kreis 10,24981.0,5847.0,1658.0,0.2340578839918338,0.06637044153556704,11293,4606,0.407863278136899,24990.0,26800.0,0.07242897158863545,646.4519278293848,1,146.9346475853004,7,0.4317706959540163,0.20861173457061308,0.9262249503135176,0.12845008084055437
2680724.694,1250484.105,1664,101,Höngg,10,Kreis 10,24981.0,5847.0,1658.0,0.2340578839918338,0.06637044153556704,11293,4606,0.407863278136899,24990.0,26800.0,0.07242897158863545,732.0514292004239,1,93.93404420663903,7,0.4317706959540163,0.2363067123815663,0.9539952662334371,0.12845008084055437
2680524.694,1250484.105,1665,101,Höngg,10,Kreis 10,24981.0,5847.0,1658.0,0.2340578839918338,0.06637044153556704,11293,4606,0.407863278136899,24990.0,26800.0,0.07242897158863545,543.1807203816114,1,72.3311182065436,7,0.4317706959540163,0.17519922920590206,0.9653143841599101,0.12845008084055437
2679924.694,1249884.105,1666,92,Altstetten,9,Kreis 9,36874.0,6802.0,1610.0,0.18446601941747573,0.04366220100884092,18340,8197,0.44694656488549617,36980.0,40280.0,0.08923742563547864,813.0483964648852,1,158.230985148305,4,0.38605258850575336,0.26251258011694434,0.9203060957559299,0.1802758300808398
2680324.694,1249884.105,1667,92,Altstetten,9,Kreis 9,36874.0,6802.0,1610.0,0.18446601941747573,0.04366220100884092,18340,8197,0.44694656488549617,36980.0,40280.0,0.08923742563547864,861.8327534935736,1,152.86337252906753,6,0.38605258850575336,0.27829633660840747,0.9231185221939274,0.1802758300808398
2680124.694,1249884.105,1668,92,Altstetten,9,Kreis 9,36874.0,6802.0,1610.0,0.18446601941747573,0.04366220100884092,18340,8197,0.44694656488549617,36980.0,40280.0,0.08923742563547864,813.5734109434858,1,246.80892338215156,4,0.38605258850575336,0.2626824440075323,0.8738945990656981,0.1802758300808398
2680324.694,1250084.105,1669,101,Höngg,10,Kreis 10,24981.0,5847.0,1658.0,0.2340578839918338,0.06637044153556704,11293,4606,0.407863278136899,24990.0,26800.0,0.07242897158863545,678.1599331973786,1,299.01372988702883,5,0.4317706959540163,0.21887058527687758,0.8465412506741514,0.12845008084055437
2679924.694,1250084.105,1670,92,Altstetten,9,Kreis 9,36874.0,6802.0,1610.0,0.18446601941747573,0.04366220100884092,18340,8197,0.44694656488549617,36980.0,40280.0,0.08923742563547864,614.9738978152482,1,43.34794875188061,3,0.38605258850575336,0.1984272903996686,0.9805004711251125,0.1802758300808398
2679724.694,1250084.105,1671,92,Altstetten,9,Kreis 9,36874.0,6802.0,1610.0,0.18446601941747573,0.04366220100884092,18340,8197,0.44694656488549617,36980.0,40280.0,0.08923742563547864,676.268360189934,1,129.89685393035901,4,0.38605258850575336,0.21825858320174987,0.9351521111798903,0.1802758300808398
2680124.694,1250084.105,1672,92,Altstetten,9,Kreis 9,36874.0,6802.0,1610.0,0.18446601941747573,0.04366220100884092,18340,8197,0.44694656488549617,36980.0,40280.0,0.08923742563547864,615.6678446972654,1,194.31069106214747,4,0.38605258850575336,0.19865181090728395,0.9014016915104381,0.1802758300808398
2680124.694,1250284.105,1673,101,Höngg,10,Kreis 10,24981.0,5847.0,1658.0,0.2340578839918338,0.06637044153556704,11293,4606,0.407863278136899,24990.0,26800.0,0.07242897158863545,419.7524210700093,1,307.56892668317755,6,0.4317706959540163,0.13526507122685755,0.842058650427344,0.12845008084055437
2680324.694,1250284.105,1674,101,Höngg,10,Kreis 10,24981.0,5847.0,1658.0,0.2340578839918338,0.06637044153556704,11293,4606,0.407863278136899,24990.0,26800.0,0.07242897158863545,506.9971350946978,1,211.9249646949665,6,0.4317706959540163,0.16349234335269958,0.892172476892096,0.12845008084055437
2679924.694,1250284.105,1675,92,Altstetten,9,Kreis 9,36874.0,6802.0,1610.0,0.18446601941747573,0.04366220100884092,18340,8197,0.44694656488549617,36980.0,40280.0,0.08923742563547864,418.73391908709465,1,212.58596534355513,6,0.38605258850575336,0.13493554372534833,0.8918261374984964,0.1802758300808398
2679924.694,1250484.105,1676,101,Höngg,10,Kreis 10,24981.0,5847.0,1658.0,0.2340578839918338,0.06637044153556704,11293,4606,0.407863278136899,24990.0,26800.0,0.07242897158863545,229.09232853588927,1,216.7376955239347,7,0.4317706959540163,0.07357864843709536,0.8896507875708799,0.12845008084055437
2680324.694,1250484.105,1677,101,Höngg,10,Kreis 10,24981.0,5847.0,1658.0,0.2340578839918338,0.06637044153556704,11293,4606,0.407863278136899,24990.0,26800.0,0.07242897158863545,366.3213002190693,1,168.97985282558196,6,0.4317706959540163,0.11797789451811802,0.9146740947568701,0.12845008084055437
2680124.694,1250484.105,1678,101,Höngg,10,Kreis 10,24981.0,5847.0,1658.0,0.2340578839918338,0.06637044153556704,11293,4606,0.407863278136899,24990.0,26800.0,0.07242897158863545,230.94868476372122,1,196.6538956161858,7,0.4317706959540163,0.07417925642797817,0.9001739407570035,0.12845008084055437
2680324.694,1250684.105,1679,101,Höngg,10,Kreis 10,24981.0,5847.0,1658.0,0.2340578839918338,0.06637044153556704,11293,4606,0.407863278136899,24990.0,26800.0,0.07242897158863545,302.21928296213633,1,254.9359814954882,7,0.4317706959540163,0.09723824163307518,0.8696363273306678,0.12845008084055437
2680124.694,1250684.105,1680,101,Höngg,10,Kreis 10,24981.0,5847.0,1658.0,0.2340578839918338,0.06637044153556704,11293,4606,0.407863278136899,24990.0,26800.0,0.07242897158863545,102.38405634692812,1,55.809987108171384,7,0.4317706959540163,0.0325832836215152,0.9739708333455607,0.12845008084055437
2679924.694,1250684.105,1681,101,Höngg,10,Kreis 10,24981.0,5847.0,1658.0,0.2340578839918338,0.06637044153556704,11293,4606,0.407863278136899,24990.0,26800.0,0.07242897158863545,98.12489487359512,1,67.95019250170213,8,0.4317706959540163,0.03120526878956043,0.9676098238924722,0.12845008084055437
2680124.694,1250884.105,1682,101,Höngg,10,Kreis 10,24981.0,5847.0,1658.0,0.2340578839918338,0.06637044153556704,11293,4606,0.407863278136899,24990.0,26800.0,0.07242897158863545,218.237702961723,1,177.01824951409404,6,0.4317706959540163,0.07006672827859255,0.9104622782623528,0.12845008084055437
2679724.694,1250884.105,1683,101,Höngg,10,Kreis 10,24981.0,5847.0,1658.0,0.2340578839918338,0.06637044153556704,11293,4606,0.407863278136899,24990.0,26800.0,0.07242897158863545,354.85165209396376,1,85.44338863234478,9,0.4317706959540163,0.11426698913623562,0.958444049315788,0.12845008084055437
2679924.694,1250884.105,1684,101,Höngg,10,Kreis 10,24981.0,5847.0,1658.0,0.2340578839918338,0.06637044153556704,11293,4606,0.407863278136899,24990.0,26800.0,0.07242897158863545,216.27227051546015,1,116.5254163735601,8,0.4317706959540163,0.0694308296212834,0.9421582398196499,0.12845008084055437
2680324.694,1250884.105,1685,101,Höngg,10,Kreis 10,24981.0,5847.0,1658.0,0.2340578839918338,0.06637044153556704,11293,4606,0.407863278136899,24990.0,26800.0,0.07242897158863545,358.44343346489984,1,200.06750526001042,4,0.4317706959540163,0.11542907891218757,0.8983853381337651,0.12845008084055437
2678724.694,1248484.105,1686,92,Altstetten,9,Kreis 9,36874.0,6802.0,1610.0,0.18446601941747573,0.04366220100884092,18340,8197,0.44694656488549617,36980.0,40280.0,0.08923742563547864,810.4347045984036,3,240.57294665224697,3,0.38605258850575336,0.261666942734863,0.8771620155254971,0.1802758300808398
2678524.694,1248484.105,1687,92,Altstetten,9,Kreis 9,36874.0,6802.0,1610.0,0.18446601941747573,0.04366220100884092,18340,8197,0.44694656488549617,36980.0,40280.0,0.08923742563547864,866.508765057392,1,239.89519516032172,4,0.38605258850575336,0.2798092196793307,0.8775171317288257,0.1802758300808398
2678924.694,1248484.105,1688,92,Altstetten,9,Kreis 9,36874.0,6802.0,1610.0,0.18446601941747573,0.04366220100884092,18340,8197,0.44694656488549617,36980.0,40280.0,0.08923742563547864,615.4946063270022,2,100.7618115210247,3,0.38605258850575336,0.19859576113195118,0.950417773841633,0.1802758300808398
2679124.694,1248484.105,1689,92,Altstetten,9,Kreis 9,36874.0,6802.0,1610.0,0.18446601941747573,0.04366220100884092,18340,8197,0.44694656488549617,36980.0,40280.0,0.08923742563547864,425.27968493423367,2,205.98675360578932,3,0.38605258850575336,0.13705336961204848,0.8952838753938726,0.1802758300808398
2678924.694,1248684.105,1690,92,Altstetten,9,Kreis 9,36874.0,6802.0,1610.0,0.18446601941747573,0.04366220100884092,18340,8197,0.44694656488549617,36980.0,40280.0,0.08923742563547864,631.758821321144,3,102.93173787025582,4,0.38605258850575336,0.20385790712767218,0.9492808143279726,0.1802758300808398
2678724.694,1248684.105,1691,92,Altstetten,9,Kreis 9,36874.0,6802.0,1610.0,0.18446601941747573,0.04366220100884092,18340,8197,0.44694656488549617,36980.0,40280.0,0.08923742563547864,720.036671508473,3,203.64013519209578,2,0.38605258850575336,0.23241944151721594,0.8965134148809268,0.1802758300808398
2678524.694,1248684.105,1692,92,Altstetten,9,Kreis 9,36874.0,6802.0,1610.0,0.18446601941747573,0.04366220100884092,18340,8197,0.44694656488549617,36980.0,40280.0,0.08923742563547864,671.8281327253541,2,39.896173513275734,4,0.38605258850575336,0.21682198603544053,0.9823090710796407,0.1802758300808398
2678924.694,1248884.105,1693,92,Altstetten,9,Kreis 9,36874.0,6802.0,1610.0,0.18446601941747573,0.04366220100884092,18340,8197,0.44694656488549617,36980.0,40280.0,0.08923742563547864,446.30887098177584,3,257.8536496948667,6,0.38605258850575336,0.14385718075160883,0.8681075793074167,0.1802758300808398
2679124.694,1248884.105,1694,92,Altstetten,9,Kreis 9,36874.0,6802.0,1610.0,0.18446601941747573,0.04366220100884092,18340,8197,0.44694656488549617,36980.0,40280.0,0.08923742563547864,399.82247100070293,3,200.91317692231308,7,0.38605258850575336,0.12881690837424553,0.8979422380984903,0.1802758300808398
2678524.694,1248884.105,1695,92,Altstetten,9,Kreis 9,36874.0,6802.0,1610.0,0.18446601941747573,0.04366220100884092,18340,8197,0.44694656488549617,36980.0,40280.0,0.08923742563547864,481.52740308437825,2,160.10529242031305,4,0.38605258850575336,0.1552518319994947,0.9193240294820274,0.1802758300808398
2677524.694,1248884.105,1696,92,Altstetten,9,Kreis 9,36874.0,6802.0,1610.0,0.18446601941747573,0.04366220100884092,18340,8197,0.44694656488549617,36980.0,40280.0,0.08923742563547864,939.3767294971574,1,462.551301653035,1,0.38605258850575336,0.3033850189067244,0.7608537350005667,0.1802758300808398
2678124.694,1248884.105,1697,92,Altstetten,9,Kreis 9,36874.0,6802.0,1610.0,0.18446601941747573,0.04366220100884092,18340,8197,0.44694656488549617,36980.0,40280.0,0.08923742563547864,502.0882790117903,1,61.37431597161523,6,0.38605258850575336,0.161904125452878,0.9710553350196987,0.1802758300808398
2677724.694,1248884.105,1698,92,Altstetten,9,Kreis 9,36874.0,6802.0,1610.0,0.18446601941747573,0.04366220100884092,18340,8197,0.44694656488549617,36980.0,40280.0,0.08923742563547864,769.6211015303943,1,330.0026949298,4,0.38605258850575336,0.24846205470106428,0.8303042025197983,0.1802758300808398
2677324.694,1248884.105,1699,92,Altstetten,9,Kreis 9,36874.0,6802.0,1610.0,0.18446601941747573,0.04366220100884092,18340,8197,0.44694656488549617,36980.0,40280.0,0.08923742563547864,1119.1696207102361,0,628.0733290475431,0,0.38605258850575336,0.3615554527639246,0.6741264394712918,0.1802758300808398
2677124.694,1248884.105,1700,92,Altstetten,9,Kreis 9,36874.0,6802.0,1610.0,0.18446601941747573,0.04366220100884092,18340,8197,0.44694656488549617,36980.0,40280.0,0.08923742563547864,1304.857325503678,0,809.3197802233736,0,0.38605258850575336,0.42163310253585556,0.57916013932265,0.1802758300808398
2677924.694,1248884.105,1701,92,Altstetten,9,Kreis 9,36874.0,6802.0,1610.0,0.18446601941747573,0.04366220100884092,18340,8197,0.44694656488549617,36980.0,40280.0,0.08923742563547864,618.2270132572172,1,189.68230982615194,5,0.38605258850575336,0.199479807745433,0.903826788602317,0.1802758300808398
2677124.694,1249084.105,1702,92,Altstetten,9,Kreis 9,36874.0,6802.0,1610.0,0.18446601941747573,0.04366220100884092,18340,8197,0.44694656488549617,36980.0,40280.0,0.08923742563547864,1250.26726739548,0,758.0504644552382,0,0.38605258850575336,0.4039709617080504,0.6060233258737007,0.1802758300808398
2677324.694,1249084.105,1703,92,Altstetten,9,Kreis 9,36874.0,6802.0,1610.0,0.18446601941747573,0.04366220100884092,18340,8197,0.44694656488549617,36980.0,40280.0,0.08923742563547864,1055.0148055457055,0,560.4624043241937,0,0.38605258850575336,0.3407987175728407,0.70955201238017,0.1802758300808398
2678124.694,1249084.105,1704,92,Altstetten,9,Kreis 9,36874.0,6802.0,1610.0,0.18446601941747573,0.04366220100884092,18340,8197,0.44694656488549617,36980.0,40280.0,0.08923742563547864,335.5715123799556,1,121.23934452573754,6,0.38605258850575336,0.10802906680001755,0.9396883193722447,0.1802758300808398
2677724.694,1249084.105,1705,92,Altstetten,9,Kreis 9,36874.0,6802.0,1610.0,0.18446601941747573,0.04366220100884092,18340,8197,0.44694656488549617,36980.0,40280.0,0.08923742563547864,672.9281090285996,1,181.86067926015008,4,0.38605258850575336,0.2171778738481383,0.9079250278294241,0.1802758300808398
2678724.694,1248884.105,1706,92,Altstetten,9,Kreis 9,36874.0,6802.0,1610.0,0.18446601941747573,0.04366220100884092,18340,8197,0.44694656488549617,36980.0,40280.0,0.08923742563547864,564.3803755597345,3,255.95176237144295,4,0.38605258850575336,0.18205819415726357,0.8691040964873858,0.1802758300808398
2679124.694,1249084.105,1707,92,Altstetten,9,Kreis 9,36874.0,6802.0,1610.0,0.18446601941747573,0.04366220100884092,18340,8197,0.44694656488549617,36980.0,40280.0,0.08923742563547864,199.8259450548258,3,34.75780000243438,8,0.38605258850575336,0.06410976336028194,0.985001384876356,0.1802758300808398
2678524.694,1249084.105,1708,92,Altstetten,9,Kreis 9,36874.0,6802.0,1610.0,0.18446601941747573,0.04366220100884092,18340,8197,0.44694656488549617,36980.0,40280.0,0.08923742563547864,303.94775853941513,2,332.1034939006284,5,0.38605258850575336,0.09779747494626953,0.8292034631435437,0.1802758300808398
2678724.694,1249084.105,1709,92,Altstetten,9,Kreis 9,36874.0,6802.0,1610.0,0.18446601941747573,0.04366220100884092,18340,8197,0.44694656488549617,36980.0,40280.0,0.08923742563547864,445.64291570369807,2,177.21204434509778,5,0.38605258850575336,0.14364171668518272,0.910360737084752,0.1802758300808398
2678924.694,1249084.105,1710,92,Altstetten,9,Kreis 9,36874.0,6802.0,1610.0,0.18446601941747573,0.04366220100884092,18340,8197,0.44694656488549617,36980.0,40280.0,0.08923742563547864,281.53864444685706,3,135.9474481592889,9,0.38605258850575336,0.09054720003092417,0.9319818281542394,0.1802758300808398
2678324.694,1249284.105,1711,92,Altstetten,9,Kreis 9,36874.0,6802.0,1610.0,0.18446601941747573,0.04366220100884092,18340,8197,0.44694656488549617,36980.0,40280.0,0.08923742563547864,54.880232515924895,2,137.63703956795305,8,0.38605258850575336,0.0172138325632386,0.9310965460215255,0.1802758300808398
2678724.694,1249284.105,1712,92,Altstetten,9,Kreis 9,36874.0,6802.0,1610.0,0.18446601941747573,0.04366220100884092,18340,8197,0.44694656488549617,36980.0,40280.0,0.08923742563547864,377.8727827208066,2,155.7116201860396,5,0.38605258850575336,0.12171527670428886,0.9216261479149559,0.1802758300808398
2678524.694,1249284.105,1713,92,Altstetten,9,Kreis 9,36874.0,6802.0,1610.0,0.18446601941747573,0.04366220100884092,18340,8197,0.44694656488549617,36980.0,40280.0,0.08923742563547864,181.38313019981746,2,133.92061327890224,6,0.38605258850575336,0.058142750235205674,0.933043813138518,0.1802758300808398
2678924.694,1249284.105,1714,92,Altstetten,9,Kreis 9,36874.0,6802.0,1610.0,0.18446601941747573,0.04366220100884092,18340,8197,0.44694656488549617,36980.0,40280.0,0.08923742563547864,198.3340825902602,2,106.41291585618308,10,0.38605258850575336,0.06362708417183614,0.9474568084435115,0.1802758300808398
2678524.694,1249484.105,1715,92,Altstetten,9,Kreis 9,36874.0,6802.0,1610.0,0.18446601941747573,0.04366220100884092,18340,8197,0.44694656488549617,36980.0,40280.0,0.08923742563547864,231.11780528776504,2,74.6775110792388,7,0.38605258850575336,0.07423397390980634,0.964084962847827,0.1802758300808398
2679324.694,1249084.105,1716,92,Altstetten,9,Kreis 9,36874.0,6802.0,1610.0,0.18446601941747573,0.04366220100884092,18340,8197,0.44694656488549617,36980.0,40280.0,0.08923742563547864,283.89577016421845,2,55.61964276237572,10,0.38605258850575336,0.09130982765601962,0.9740705665991343,0.1802758300808398
2679724.694,1249084.105,1717,92,Altstetten,9,Kreis 9,36874.0,6802.0,1610.0,0.18446601941747573,0.04366220100884092,18340,8197,0.44694656488549617,36980.0,40280.0,0.08923742563547864,633.9791860284497,2,147.2560853106,8,0.38605258850575336,0.20457628691162105,0.9260565290765672,0.1802758300808398
2679524.694,1249084.105,1718,92,Altstetten,9,Kreis 9,36874.0,6802.0,1610.0,0.18446601941747573,0.04366220100884092,18340,8197,0.44694656488549617,36980.0,40280.0,0.08923742563547864,448.62368229643783,2,162.91908010123427,11,0.38605258850575336,0.14460611791793906,0.917849710929982,0.1802758300808398
2679524.694,1249284.105,1719,92,Altstetten,9,Kreis 9,36874.0,6802.0,1610.0,0.18446601941747573,0.04366220100884092,18340,8197,0.44694656488549617,36980.0,40280.0,0.08923742563547864,401.6660407815945,2,161.28189811950955,11,0.38605258850575336,0.12941337942088657,0.9187075325009191,0.1802758300808398
2679124.694,1249284.105,1720,92,Altstetten,9,Kreis 9,36874.0,6802.0,1610.0,0.18446601941747573,0.04366220100884092,18340,8197,0.44694656488549617,36980.0,40280.0,0.08923742563547864,1.675803389608022,2,59.99000467572015,10,0.38605258850575336,0.0,0.9717806618946376,0.1802758300808398
2679324.694,1249284.105,1721,92,Altstetten,9,Kreis 9,36874.0,6802.0,1610.0,0.18446601941747573,0.04366220100884092,18340,8197,0.44694656488549617,36980.0,40280.0,0.08923742563547864,201.66608122607303,3,115.47402591482731,11,0.38605258850575336,0.06470512349224022,0.9427091287403967,0.1802758300808398
2679724.694,1249284.105,1722,92,Altstetten,9,Kreis 9,36874.0,6802.0,1610.0,0.18446601941747573,0.04366220100884092,18340,8197,0.44694656488549617,36980.0,40280.0,0.08923742563547864,601.6660272254385,2,54.09579152757872,9,0.38605258850575336,0.19412164404901694,0.9748690071358,0.1802758300808398
2679324.694,1249484.105,1723,92,Altstetten,9,Kreis 9,36874.0,6802.0,1610.0,0.18446601941747573,0.04366220100884092,18340,8197,0.44694656488549617,36980.0,40280.0,0.08923742563547864,284.1506788959468,2,31.139085744530316,12,0.38605258850575336,0.09139230116995324,0.9868974545766941,0.1802758300808398
2679124.694,1249484.105,1724,92,Altstetten,9,Kreis 9,36874.0,6802.0,1610.0,0.18446601941747573,0.04366220100884092,18340,8197,0.44694656488549617,36980.0,40280.0,0.08923742563547864,200.18793249581,2,135.66287871397802,11,0.38605258850575336,0.06422688126383662,0.93213093180389,0.1802758300808398
2679724.694,1249484.105,1725,92,Altstetten,9,Kreis 9,36874.0,6802.0,1610.0,0.18446601941747573,0.04366220100884092,18340,8197,0.44694656488549617,36980.0,40280.0,0.08923742563547864,634.0933750775105,1,83.916033396474,6,0.38605258850575336,0.20461323179014648,0.959244325816775,0.1802758300808398
2677924.694,1249084.105,1726,92,Altstetten,9,Kreis 9,36874.0,6802.0,1610.0,0.18446601941747573,0.04366220100884092,18340,8197,0.44694656488549617,36980.0,40280.0,0.08923742563547864,492.66645909873824,1,87.30050779335043,6,0.38605258850575336,0.15885577716519678,0.9574709889633689,0.1802758300808398
2678324.694,1249084.105,1727,92,Altstetten,9,Kreis 9,36874.0,6802.0,1610.0,0.18446601941747573,0.04366220100884092,18340,8197,0.44694656488549617,36980.0,40280.0,0.08923742563547864,249.99247972899633,2,241.01121687803217,7,0.38605258850575336,0.08034071146629079,0.8769323784675678,0.1802758300808398
2677524.694,1249084.105,1728,92,Altstetten,9,Kreis 9,36874.0,6802.0,1610.0,0.18446601941747573,0.04366220100884092,18340,8197,0.44694656488549617,36980.0,40280.0,0.08923742563547864,861.9421325824169,1,365.50746457618277,3,0.38605258850575336,0.27833172526593447,0.8117010431802768,0.1802758300808398
2677524.694,1249284.105,1729,92,Altstetten,9,Kreis 9,36874.0,6802.0,1610.0,0.18446601941747573,0.04366220100884092,18340,8197,0.44694656488549617,36980.0,40280.0,0.08923742563547864,826.7162995373166,1,351.77142956885655,2,0.38605258850575336,0.26693471186129253,0.8188982071241518,0.1802758300808398
2678124.694,1249284.105,1730,92,Altstetten,9,Kreis 9,36874.0,6802.0,1610.0,0.18446601941747573,0.04366220100884092,18340,8197,0.44694656488549617,36980.0,40280.0,0.08923742563547864,230.48609485372435,2,86.09958571920922,10,0.38605258850575336,0.07402958946628173,0.9581002268072447,0.1802758300808398
2677924.694,1249284.105,1731,92,Altstetten,9,Kreis 9,36874.0,6802.0,1610.0,0.18446601941747573,0.04366220100884092,18340,8197,0.44694656488549617,36980.0,40280.0,0.08923742563547864,428.0605563712196,1,110.42149546627853,8,0.38605258850575336,0.13795309649723914,0.9453564640122004,0.1802758300808398
2677324.694,1249284.105,1732,92,Altstetten,9,Kreis 9,36874.0,6802.0,1610.0,0.18446601941747573,0.04366220100884092,18340,8197,0.44694656488549617,36980.0,40280.0,0.08923742563547864,1026.4364763201822,0,542.83104062025,0,0.38605258850575336,0.33155244649534626,0.7187901815507995,0.1802758300808398
2677724.694,1249284.105,1733,92,Altstetten,9,Kreis 9,36874.0,6802.0,1610.0,0.18446601941747573,0.04366220100884092,18340,8197,0.44694656488549617,36980.0,40280.0,0.08923742563547864,627.1744892139317,1,180.87373126287775,5,0.38605258850575336,0.20237468615145468,0.9084421513324334,0.1802758300808398
2678324.694,1249484.105,1734,92,Altstetten,9,Kreis 9,36874.0,6802.0,1610.0,0.18446601941747573,0.04366220100884092,18340,8197,0.44694656488549617,36980.0,40280.0,0.08923742563547864,153.38657021053479,2,144.86529833270225,7,0.38605258850575336,0.04908470555892518,0.9273092112243365,0.1802758300808398
2677924.694,1249484.105,1735,92,Altstetten,9,Kreis 9,36874.0,6802.0,1610.0,0.18446601941747573,0.04366220100884092,18340,8197,0.44694656488549617,36980.0,40280.0,0.08923742563547864,451.3883471256069,1,101.6874557702023,8,0.38605258850575336,0.14550060129543763,0.9499327711890128,0.1802758300808398
2677524.694,1249484.105,1736,92,Altstetten,9,Kreis 9,36874.0,6802.0,1610.0,0.18446601941747573,0.04366220100884092,18340,8197,0.44694656488549617,36980.0,40280.0,0.08923742563547864,839.0324427104255,1,334.9405001801209,3,0.38605258850575336,0.2709194933896015,0.8277169789221202,0.1802758300808398
2678124.694,1249484.105,1737,92,Altstetten,9,Kreis 9,36874.0,6802.0,1610.0,0.18446601941747573,0.04366220100884092,18340,8197,0.44694656488549617,36980.0,40280.0,0.08923742563547864,271.3658783282625,1,145.2871455462223,9,0.38605258850575336,0.08725588959782611,0.9270881792050274,0.1802758300808398
2677724.694,1249484.105,1738,92,Altstetten,9,Kreis 9,36874.0,6802.0,1610.0,0.18446601941747573,0.04366220100884092,18340,8197,0.44694656488549617,36980.0,40280.0,0.08923742563547864,643.3221898245897,1,145.81748407157218,4,0.38605258850575336,0.2075991349268233,0.9268103018327973,0.1802758300808398
2677924.694,1249684.105,1739,92,Altstetten,9,Kreis 9,36874.0,6802.0,1610.0,0.18446601941747573,0.04366220100884092,18340,8197,0.44694656488549617,36980.0,40280.0,0.08923742563547864,551.6040608269094,1,79.59060661279688,6,0.38605258850575336,0.17792452810356083,0.9615106862091842,0.1802758300808398
2678324.694,1249684.105,1740,92,Altstetten,9,Kreis 9,36874.0,6802.0,1610.0,0.18446601941747573,0.04366220100884092,18340,8197,0.44694656488549617,36980.0,40280.0,0.08923742563547864,352.19744451216656,2,123.49662611193297,5,0.38605258850575336,0.11340824324512452,0.9385055890112145,0.1802758300808398
2677524.694,1249684.105,1741,92,Altstetten,9,Kreis 9,36874.0,6802.0,1610.0,0.18446601941747573,0.04366220100884092,18340,8197,0.44694656488549617,36980.0,40280.0,0.08923742563547864,896.9342450372674,1,422.5866356865603,2,0.38605258850575336,0.28965312039643626,0.7817937116946789,0.1802758300808398
2677724.694,1249684.105,1742,92,Altstetten,9,Kreis 9,36874.0,6802.0,1610.0,0.18446601941747573,0.04366220100884092,18340,8197,0.44694656488549617,36980.0,40280.0,0.08923742563547864,717.202230839151,1,229.0350729930666,4,0.38605258850575336,0.23150238277054086,0.8832074258818734,0.1802758300808398
2678124.694,1249684.105,1743,92,Altstetten,9,Kreis 9,36874.0,6802.0,1610.0,0.18446601941747573,0.04366220100884092,18340,8197,0.44694656488549617,36980.0,40280.0,0.08923742563547864,417.31887079404726,1,81.34792351989614,6,0.38605258850575336,0.13447771709727602,0.9605899184712605,0.1802758300808398
2678324.694,1249884.105,1744,92,Altstetten,9,Kreis 9,36874.0,6802.0,1610.0,0.18446601941747573,0.04366220100884092,18340,8197,0.44694656488549617,36980.0,40280.0,0.08923742563547864,551.8683175548765,2,220.31133575248703,4,0.38605258850575336,0.17801002608077124,0.8877783349608217,0.1802758300808398
2677724.694,1249884.105,1745,92,Altstetten,9,Kreis 9,36874.0,6802.0,1610.0,0.18446601941747573,0.04366220100884092,18340,8197,0.44694656488549617,36980.0,40280.0,0.08923742563547864,833.6034068552049,1,351.7087781971498,3,0.38605258850575336,0.26916297582656723,0.8189310340784544,0.1802758300808398
2678724.694,1249484.105,1746,92,Altstetten,9,Kreis 9,36874.0,6802.0,1610.0,0.18446601941747573,0.04366220100884092,18340,8197,0.44694656488549617,36980.0,40280.0,0.08923742563547864,404.1082032341279,2,185.07925508020472,5,0.38605258850575336,0.13020351994566,0.9062386155692361,0.1802758300808398
2678924.694,1249484.105,1747,92,Altstetten,9,Kreis 9,36874.0,6802.0,1610.0,0.18446601941747573,0.04366220100884092,18340,8197,0.44694656488549617,36980.0,40280.0,0.08923742563547864,281.79568541208454,2,56.246961349105355,9,0.38605258850575336,0.0906303634105521,0.9737418753347828,0.1802758300808398
2678724.694,1249684.105,1748,92,Altstetten,9,Kreis 9,36874.0,6802.0,1610.0,0.18446601941747573,0.04366220100884092,18340,8197,0.44694656488549617,36980.0,40280.0,0.08923742563547864,513.6331764217189,2,209.09579302547644,4,0.38605258850575336,0.16563937708958765,0.8936548560735575,0.1802758300808398
2679124.694,1249684.105,1749,92,Altstetten,9,Kreis 9,36874.0,6802.0,1610.0,0.18446601941747573,0.04366220100884092,18340,8197,0.44694656488549617,36980.0,40280.0,0.08923742563547864,400.1844678606272,2,230.38283499657732,9,0.38605258850575336,0.12893402932521672,0.8825012494567683,0.1802758300808398
2678524.694,1249684.105,1750,92,Altstetten,9,Kreis 9,36874.0,6802.0,1610.0,0.18446601941747573,0.04366220100884092,18340,8197,0.44694656488549617,36980.0,40280.0,0.08923742563547864,392.34046429215357,2,270.589598212833,6,0.38605258850575336,0.12639616985993468,0.8614344229405564,0.1802758300808398
2678924.694,1249684.105,1751,92,Altstetten,9,Kreis 9,36874.0,6802.0,1610.0,0.18446601941747573,0.04366220100884092,18340,8197,0.44694656488549617,36980.0,40280.0,0.08923742563547864,446.63319213512654,2,91.6441523557642,11,0.38605258850575336,0.14396211205379875,0.9551950831424432,0.1802758300808398
2678724.694,1249884.105,1752,92,Altstetten,9,Kreis 9,36874.0,6802.0,1610.0,0.18446601941747573,0.04366220100884092,18340,8197,0.44694656488549617,36980.0,40280.0,0.08923742563547864,666.5843081869044,2,217.6305370598194,4,0.38605258850575336,0.21512539199095665,0.889182972302046,0.1802758300808398
2678524.694,1249884.105,1753,92,Altstetten,9,Kreis 9,36874.0,6802.0,1610.0,0.18446601941747573,0.04366220100884092,18340,8197,0.44694656488549617,36980.0,40280.0,0.08923742563547864,578.3136172708818,2,390.40123803715926,6,0.38605258850575336,0.18656617392168107,0.7986576453813652,0.1802758300808398
2678924.694,1249884.105,1754,92,Altstetten,9,Kreis 9,36874.0,6802.0,1610.0,0.18446601941747573,0.04366220100884092,18340,8197,0.44694656488549617,36980.0,40280.0,0.08923742563547864,632.1025299085262,2,109.72989866485375,6,0.38605258850575336,0.20396911106634613,0.9457188346351829,0.1802758300808398
2679124.694,1249884.105,1755,92,Altstetten,9,Kreis 9,36874.0,6802.0,1610.0,0.18446601941747573,0.04366220100884092,18340,8197,0.44694656488549617,36980.0,40280.0,0.08923742563547864,600.1833122612121,2,168.71346318827054,9,0.38605258850575336,0.19364192445513492,0.9148136728732376,0.1802758300808398
2678124.694,1249884.105,1756,92,Altstetten,9,Kreis 9,36874.0,6802.0,1610.0,0.18446601941747573,0.04366220100884092,18340,8197,0.44694656488549617,36980.0,40280.0,0.08923742563547864,595.5423074146521,1,121.07635880299432,4,0.38605258850575336,0.1921403675046,0.9397737177398572,0.1802758300808398
2677524.694,1249884.105,1757,92,Altstetten,9,Kreis 9,36874.0,6802.0,1610.0,0.18446601941747573,0.04366220100884092,18340,8197,0.44694656488549617,36980.0,40280.0,0.08923742563547864,992.4750072019558,1,499.82143277462427,1,0.38605258850575336,0.3205645070962638,0.7413255928730365,0.1802758300808398
2677924.694,1249884.105,1758,92,Altstetten,9,Kreis 9,36874.0,6802.0,1610.0,0.18446601941747573,0.04366220100884092,18340,8197,0.44694656488549617,36980.0,40280.0,0.08923742563547864,696.2633409283344,1,246.53982368156625,5,0.38605258850575336,0.2247277861645114,0.8740355971529428,0.1802758300808398
2677724.694,1250084.105,1759,92,Altstetten,9,Kreis 9,36874.0,6802.0,1610.0,0.18446601941747573,0.04366220100884092,18340,8197,0.44694656488549617,36980.0,40280.0,0.08923742563547864,977.4508887512218,1,402.09930199007533,1,0.38605258850575336,0.31570358360421424,0.7925283013566763,0.1802758300808398
2678124.694,1250084.105,1760,92,Altstetten,9,Kreis 9,36874.0,6802.0,1610.0,0.18446601941747573,0.04366220100884092,18340,8197,0.44694656488549617,36980.0,40280.0,0.08923742563547864,784.3380903161068,1,154.3989917746003,3,0.38605258850575336,0.2532236090481817,0.9223139156637625,0.1802758300808398
2678324.694,1250084.105,1761,92,Altstetten,9,Kreis 9,36874.0,6802.0,1610.0,0.18446601941747573,0.04366220100884092,18340,8197,0.44694656488549617,36980.0,40280.0,0.08923742563547864,751.7142009572516,1,273.7090584198242,4,0.38605258850575336,0.24266843200358532,0.859799943520976,0.1802758300808398
2677524.694,1250084.105,1762,92,Altstetten,9,Kreis 9,36874.0,6802.0,1610.0,0.18446601941747573,0.04366220100884092,18340,8197,0.44694656488549617,36980.0,40280.0,0.08923742563547864,1116.0296769891343,0,592.1201302614633,0,0.38605258850575336,0.3605395511489535,0.6929645587562334,0.1802758300808398
2677924.694,1250084.105,1763,92,Altstetten,9,Kreis 9,36874.0,6802.0,1610.0,0.18446601941747573,0.04366220100884092,18340,8197,0.44694656488549617,36980.0,40280.0,0.08923742563547864,863.306573541888,1,229.6986039595353,3,0.38605258850575336,0.2787731783292311,0.8828597606971993,0.1802758300808398
2677724.694,1250284.105,1764,92,Altstetten,9,Kreis 9,36874.0,6802.0,1610.0,0.18446601941747573,0.04366220100884092,18340,8197,0.44694656488549617,36980.0,40280.0,0.08923742563547864,1138.387385699834,0,375.4009172350253,1,0.38605258850575336,0.36777319429790856,0.8065172473673892,0.1802758300808398
2678124.694,1250284.105,1765,92,Altstetten,9,Kreis 9,36874.0,6802.0,1610.0,0.18446601941747573,0.04366220100884092,18340,8197,0.44694656488549617,36980.0,40280.0,0.08923742563547864,977.6000408759538,1,55.507194677858074,1,0.38605258850575336,0.31575184048327015,0.9741294851516143,0.1802758300808398
2679124.694,1250084.105,1766,92,Altstetten,9,Kreis 9,36874.0,6802.0,1610.0,0.18446601941747573,0.04366220100884092,18340,8197,0.44694656488549617,36980.0,40280.0,0.08923742563547864,800.1827343280946,1,111.83126870858824,5,0.38605258850575336,0.25835000648398404,0.9446177960382779,0.1802758300808398
2678924.694,1250084.105,1767,92,Altstetten,9,Kreis 9,36874.0,6802.0,1610.0,0.18446601941747573,0.04366220100884092,18340,8197,0.44694656488549617,36980.0,40280.0,0.08923742563547864,824.3943281686899,2,87.92424387493699,5,0.38605258850575336,0.26618345812147176,0.9571441747965082,0.1802758300808398
2678724.694,1250084.105,1768,92,Altstetten,9,Kreis 9,36874.0,6802.0,1610.0,0.18446601941747573,0.04366220100884092,18340,8197,0.44694656488549617,36980.0,40280.0,0.08923742563547864,839.5535956214845,2,114.59810932555956,4,0.38605258850575336,0.27108810790343296,0.9431680759759532,0.1802758300808398
2678524.694,1250084.105,1769,92,Altstetten,9,Kreis 9,36874.0,6802.0,1610.0,0.18446601941747573,0.04366220100884092,18340,8197,0.44694656488549617,36980.0,40280.0,0.08923742563547864,771.3379544148474,1,263.92257702011636,4,0.38605258850575336,0.24901752759258847,0.864927690431188,0.1802758300808398
2678924.694,1250284.105,1770,92,Altstetten,9,Kreis 9,36874.0,6802.0,1610.0,0.18446601941747573,0.04366220100884092,18340,8197,0.44694656488549617,36980.0,40280.0,0.08923742563547864,1019.6560245085849,0,183.99001782987875,3,0.38605258850575336,0.32935868999603607,0.9068093347804344,0.1802758300808398
2678724.694,1250284.105,1771,92,Altstetten,9,Kreis 9,36874.0,6802.0,1610.0,0.18446601941747573,0.04366220100884092,18340,8197,0.44694656488549617,36980.0,40280.0,0.08923742563547864,1022.4313375092298,0,101.85640216002847,2,0.38605258850575336,0.3302566184972565,0.9498442496568053,0.1802758300808398
2679124.694,1250284.105,1772,92,Altstetten,9,Kreis 9,36874.0,6802.0,1610.0,0.18446601941747573,0.04366220100884092,18340,8197,0.44694656488549617,36980.0,40280.0,0.08923742563547864,985.861093153417,1,276.6735127563985,5,0.38605258850575336,0.3184246324488186,0.85824668132755,0.1802758300808398
2678524.694,1250284.105,1773,92,Altstetten,9,Kreis 9,36874.0,6802.0,1610.0,0.18446601941747573,0.04366220100884092,18340,8197,0.44694656488549617,36980.0,40280.0,0.08923742563547864,967.2010338708445,1,258.6447885825883,2,0.38605258850575336,0.31238733176943917,0.8676930523879476,0.1802758300808398
2678924.694,1250484.105,1774,92,Altstetten,9,Kreis 9,36874.0,6802.0,1610.0,0.18446601941747573,0.04366220100884092,18340,8197,0.44694656488549617,36980.0,40280.0,0.08923742563547864,1117.234664246286,0,333.30815570734484,4,0.38605258850575336,0.3609294143469252,0.8285722658209365,0.1802758300808398
2679124.694,1250484.105,1775,101,Höngg,10,Kreis 10,24981.0,5847.0,1658.0,0.2340578839918338,0.06637044153556704,11293,4606,0.407863278136899,24990.0,26800.0,0.07242897158863545,921.4484765810884,1,275.4728528565669,6,0.4317706959540163,0.29758448784349467,0.8588757818019821,0.12845008084055437
2677924.694,1250284.105,1776,92,Altstetten,9,Kreis 9,36874.0,6802.0,1610.0,0.18446601941747573,0.04366220100884092,18340,8197,0.44694656488549617,36980.0,40280.0,0.08923742563547864,1042.0239152344752,0,178.89507724068875,1,0.38605258850575336,0.3365956274478814,0.9094788913653692,0.1802758300808398
2677524.694,1250284.105,1777,92,Altstetten,9,Kreis 9,36874.0,6802.0,1610.0,0.18446601941747573,0.04366220100884092,18340,8197,0.44694656488549617,36980.0,40280.0,0.08923742563547864,1259.3799426386067,0,574.3241668786408,0,0.38605258850575336,0.40691928891340257,0.7022889719465796,0.1802758300808398
2678324.694,1250284.105,1778,92,Altstetten,9,Kreis 9,36874.0,6802.0,1610.0,0.18446601941747573,0.04366220100884092,18340,8197,0.44694656488549617,36980.0,40280.0,0.08923742563547864,951.6248420048463,1,232.72010798609406,2,0.38605258850575336,0.30734778970203736,0.881276606619285,0.1802758300808398
2677524.694,1250484.105,1779,92,Altstetten,9,Kreis 9,36874.0,6802.0,1610.0,0.18446601941747573,0.04366220100884092,18340,8197,0.44694656488549617,36980.0,40280.0,0.08923742563547864,1416.5286583477123,0,623.7709905573016,0,0.38605258850575336,0.45776339577003394,0.6763807024692964,0.1802758300808398
2678324.694,1250484.105,1780,92,Altstetten,9,Kreis 9,36874.0,6802.0,1610.0,0.18446601941747573,0.04366220100884092,18340,8197,0.44694656488549617,36980.0,40280.0,0.08923742563547864,1151.566515630208,0,336.7501279302679,1,0.38605258850575336,0.3720371877224411,0.8267688022766584,0.1802758300808398
2677924.694,1250484.105,1781,92,Altstetten,9,Kreis 9,36874.0,6802.0,1610.0,0.18446601941747573,0.04366220100884092,18340,8197,0.44694656488549617,36980.0,40280.0,0.08923742563547864,1227.3261342937883,0,302.0686158159178,1,0.38605258850575336,0.3965485566468868,0.844940605739254,0.1802758300808398
2678124.694,1250484.105,1782,92,Altstetten,9,Kreis 9,36874.0,6802.0,1610.0,0.18446601941747573,0.04366220100884092,18340,8197,0.44694656488549617,36980.0,40280.0,0.08923742563547864,1173.1229432248847,0,249.64584647255435,1,0.38605258850575336,0.37901158330133844,0.8724081584322181,0.1802758300808398
2677724.694,1250484.105,1783,92,Altstetten,9,Kreis 9,36874.0,6802.0,1610.0,0.18446601941747573,0.04366220100884092,18340,8197,0.44694656488549617,36980.0,40280.0,0.08923742563547864,1310.1303140987357,0,447.4012166511071,1,0.38605258850575336,0.42333913235844206,0.7687918077751601,0.1802758300808398
2677524.694,1250684.105,1784,92,Altstetten,9,Kreis 9,36874.0,6802.0,1610.0,0.18446601941747573,0.04366220100884092,18340,8197,0.44694656488549617,36980.0,40280.0,0.08923742563547864,1583.3726787842209,0,726.8646701146162,0,0.38605258850575336,0.511744334559038,0.6223635051517613,0.1802758300808398
2677924.694,1250684.105,1785,92,Altstetten,9,Kreis 9,36874.0,6802.0,1610.0,0.18446601941747573,0.04366220100884092,18340,8197,0.44694656488549617,36980.0,40280.0,0.08923742563547864,1416.6315822825932,0,480.0910837132232,1,0.38605258850575336,0.45779669591836525,0.7516635511549603,0.1802758300808398
2681724.694,1248284.105,1786,44,Hard,4,Kreis 4,12817.0,1984.0,332.0,0.1547944136693454,0.025903097448700944,6634,3100,0.4672897196261682,13240.0,14200.0,0.07250755287009064,414.03647902052955,2,66.72721079902719,2,0.3326942660187968,0.1334157276478236,0.9682506201491661,0.12869237164114358
2681724.694,1248484.105,1787,42,Langstrasse,4,Kreis 4,11978.0,1446.0,176.0,0.12072132242444482,0.014693604942394389,6754,3621,0.5361267397098016,11900.0,12340.0,0.03697478991596639,473.6122949836919,2,212.82509405850232,5,0.39544988856444657,0.15269096727821993,0.8917008430766167,0.019133690185795593
2681524.694,1248484.105,1788,44,Hard,4,Kreis 4,12817.0,1984.0,332.0,0.1547944136693454,0.025903097448700944,6634,3100,0.4672897196261682,13240.0,14200.0,0.07250755287009064,566.4916521503684,2,242.10931551874808,4,0.3326942660187968,0.1827412794252132,0.8763570162222355,0.12869237164114358
2681524.694,1248684.105,1789,42,Langstrasse,4,Kreis 4,11978.0,1446.0,176.0,0.12072132242444482,0.014693604942394389,6754,3621,0.5361267397098016,11900.0,12340.0,0.03697478991596639,749.869192566,2,164.49937586820565,5,0.39544988856444657,0.24207149550701337,0.9170216955886816,0.019133690185795593
2681724.694,1248684.105,1790,42,Langstrasse,4,Kreis 4,11978.0,1446.0,176.0,0.12072132242444482,0.014693604942394389,6754,3621,0.5361267397098016,11900.0,12340.0,0.03697478991596639,597.6545874999387,2,320.83896998507345,4,0.39544988856444657,0.19282377744455934,0.8351056485505195,0.019133690185795593
2681724.694,1248884.105,1791,52,Escher Wyss,5,Kreis 5,6426.0,752.0,83.0,0.1170245876128229,0.012916277622159975,3104,1140,0.36726804123711343,6280.0,8510.0,0.35509554140127386,755.0320562464378,2,270.50413797395606,4,0.09580087585421786,0.24374189536659802,0.8614792008804459,1.0
2681524.694,1248884.105,1792,52,Escher Wyss,5,Kreis 5,6426.0,752.0,83.0,0.1170245876128229,0.012916277622159975,3104,1140,0.36726804123711343,6280.0,8510.0,0.35509554140127386,880.4465946095693,2,109.09649243225807,5,0.09580087585421786,0.284318683800006,0.9460507155962194,1.0
2681724.694,1249084.105,1793,52,Escher Wyss,5,Kreis 5,6426.0,752.0,83.0,0.1170245876128229,0.012916277622159975,3104,1140,0.36726804123711343,6280.0,8510.0,0.35509554140127386,753.2906741305444,2,103.99273369339612,6,0.09580087585421786,0.24317848625454008,0.9487248925587842,1.0
2681524.694,1249084.105,1794,52,Escher Wyss,5,Kreis 5,6426.0,752.0,83.0,0.1170245876128229,0.012916277622159975,3104,1140,0.36726804123711343,6280.0,8510.0,0.35509554140127386,835.5360194102986,1,125.44675627919584,5,0.09580087585421786,0.2697882558921425,0.9374837944017655,1.0
2681524.694,1249284.105,1795,52,Escher Wyss,5,Kreis 5,6426.0,752.0,83.0,0.1170245876128229,0.012916277622159975,3104,1140,0.36726804123711343,6280.0,8510.0,0.35509554140127386,671.3946974261708,1,182.69890164137416,6,0.09580087585421786,0.2166817517957417,0.9074858309362975,1.0
2681124.694,1248884.105,1796,44,Hard,4,Kreis 4,12817.0,1984.0,332.0,0.1547944136693454,0.025903097448700944,6634,3100,0.4672897196261682,13240.0,14200.0,0.07250755287009064,970.7213770985942,1,310.26913262693984,5,0.3326942660187968,0.31352630835245526,0.8406438444189785,0.12869237164114358
2681324.694,1249084.105,1797,52,Escher Wyss,5,Kreis 5,6426.0,752.0,83.0,0.1170245876128229,0.012916277622159975,3104,1140,0.36726804123711343,6280.0,8510.0,0.35509554140127386,953.3068969287716,1,168.53155390316124,5,0.09580087585421786,0.30789200401460665,0.9149089864733518,1.0
2680924.694,1249084.105,1798,44,Hard,4,Kreis 4,12817.0,1984.0,332.0,0.1547944136693454,0.025903097448700944,6634,3100,0.4672897196261682,13240.0,14200.0,0.07250755287009064,1221.8811693271402,0,286.4804716922355,3,0.3326942660187968,0.39478688535771556,0.8531082049612315,0.12869237164114358
2681124.694,1249084.105,1799,52,Escher Wyss,5,Kreis 5,6426.0,752.0,83.0,0.1170245876128229,0.012916277622159975,3104,1140,0.36726804123711343,6280.0,8510.0,0.35509554140127386,1095.2020999486442,0,237.75046721502042,5,0.09580087585421786,0.3538009688587131,0.8786408882298182,1.0
2681124.694,1249284.105,1800,52,Escher Wyss,5,Kreis 5,6426.0,752.0,83.0,0.1170245876128229,0.012916277622159975,3104,1140,0.36726804123711343,6280.0,8510.0,0.35509554140127386,975.7653610022712,1,173.68731865324264,4,0.09580087585421786,0.31515824568916506,0.9122075603236226,1.0
2681324.694,1249484.105,1801,52,Escher Wyss,5,Kreis 5,6426.0,752.0,83.0,0.1170245876128229,0.012916277622159975,3104,1140,0.36726804123711343,6280.0,8510.0,0.35509554140127386,702.9188002407593,1,156.09531915139848,5,0.09580087585421786,0.22688110242251558,0.9214251041379627,1.0
2680924.694,1249484.105,1802,52,Escher Wyss,5,Kreis 5,6426.0,752.0,83.0,0.1170245876128229,0.012916277622159975,3104,1140,0.36726804123711343,6280.0,8510.0,0.35509554140127386,1074.9148988323784,0,115.56409762980387,5,0.09580087585421786,0.34723722052184,0.9426619345610686,1.0
2681124.694,1249484.105,1803,52,Escher Wyss,5,Kreis 5,6426.0,752.0,83.0,0.1170245876128229,0.012916277622159975,3104,1140,0.36726804123711343,6280.0,8510.0,0.35509554140127386,885.8715706759447,1,214.55223294350606,5,0.09580087585421786,0.2860738878534966,0.890795887483348,1.0
2680924.694,1249684.105,1804,52,Escher Wyss,5,Kreis 5,6426.0,752.0,83.0,0.1170245876128229,0.012916277622159975,3104,1140,0.36726804123711343,6280.0,8510.0,0.35509554140127386,1033.485577902176,0,136.22079379070624,7,0.09580087585421786,0.33383312230272333,0.9318386053594807,1.0
2681124.694,1249684.105,1805,52,Escher Wyss,5,Kreis 5,6426.0,752.0,83.0,0.1170245876128229,0.012916277622159975,3104,1140,0.36726804123711343,6280.0,8510.0,0.35509554140127386,835.1160636293841,1,102.14550729730483,7,0.09580087585421786,0.2696523828339153,0.9496927694757425,1.0
2682324.694,1249084.105,1806,51,Gewerbeschule,5,Kreis 5,9528.0,1479.0,223.0,0.15522670025188917,0.023404701931150292,5081,2572,0.5061995670143673,9670.0,10120.0,0.04653567735263702,656.0206207528423,3,79.29638491760367,5,0.3872681842770399,0.21170760234963545,0.9616648472734959,0.0486129125715419
2681924.694,1249284.105,1807,52,Escher Wyss,5,Kreis 5,6426.0,752.0,83.0,0.1170245876128229,0.012916277622159975,3104,1140,0.36726804123711343,6280.0,8510.0,0.35509554140127386,519.0603430547027,2,140.36873818987786,5,0.09580087585421786,0.16739528988194513,0.9296652390383411,1.0
2682124.694,1249284.105,1808,52,Escher Wyss,5,Kreis 5,6426.0,752.0,83.0,0.1170245876128229,0.012916277622159975,3104,1140,0.36726804123711343,6280.0,8510.0,0.35509554140127386,546.5803140729721,2,96.07261139889394,6,0.09580087585421786,0.1762991383214982,0.9528747377345331,1.0
2682324.694,1249284.105,1809,102,Wipkingen,10,Kreis 10,16745.0,2954.0,688.0,0.17641086891609437,0.041086891609435655,8696,4173,0.4798758049678013,16860.0,17660.0,0.04744958481613286,481.15096887873716,2,242.29640249301377,8,0.42994408413227814,0.155130039970271,0.87625898970841,0.0514307766594564
2681924.694,1249484.105,1810,52,Escher Wyss,5,Kreis 5,6426.0,752.0,83.0,0.1170245876128229,0.012916277622159975,3104,1140,0.36726804123711343,6280.0,8510.0,0.35509554140127386,319.49028112297583,2,85.70520789900122,6,0.09580087585421786,0.10282612360874395,0.9583068659011573,1.0
2682324.694,1249484.105,1811,102,Wipkingen,10,Kreis 10,16745.0,2954.0,688.0,0.17641086891609437,0.041086891609435655,8696,4173,0.4798758049678013,16860.0,17660.0,0.04744958481613286,335.63291681977574,2,130.30320280408336,9,0.42994408413227814,0.10804893367507025,0.9349391997057244,0.0514307766594564
2682124.694,1249484.105,1812,102,Wipkingen,10,Kreis 10,16745.0,2954.0,688.0,0.17641086891609437,0.041086891609435655,8696,4173,0.4798758049678013,16860.0,17660.0,0.04744958481613286,362.4919857487629,2,247.18682137393253,7,0.42994408413227814,0.116738952963697,0.8736965947799301,0.0514307766594564
2681924.694,1249684.105,1813,102,Wipkingen,10,Kreis 10,16745.0,2954.0,688.0,0.17641086891609437,0.041086891609435655,8696,4173,0.4798758049678013,16860.0,17660.0,0.04744958481613286,121.34430242912335,2,37.681383480471695,7,0.42994408413227814,0.038717707141817014,0.9834695374703312,0.0514307766594564
2682124.694,1249684.105,1814,102,Wipkingen,10,Kreis 10,16745.0,2954.0,688.0,0.17641086891609437,0.041086891609435655,8696,4173,0.4798758049678013,16860.0,17660.0,0.04744958481613286,209.8829191050424,2,177.87860090810753,6,0.42994408413227814,0.06736361027182851,0.9100114866016767,0.0514307766594564
2682124.694,1249884.105,1815,102,Wipkingen,10,Kreis 10,16745.0,2954.0,688.0,0.17641086891609437,0.041086891609435655,8696,4173,0.4798758049678013,16860.0,17660.0,0.04744958481613286,191.5756762536053,2,82.96262207173991,7,0.42994408413227814,0.06144046029514158,0.9597438773690532,0.0514307766594564
2681324.694,1249284.105,1816,52,Escher Wyss,5,Kreis 5,6426.0,752.0,83.0,0.1170245876128229,0.012916277622159975,3104,1140,0.36726804123711343,6280.0,8510.0,0.35509554140127386,813.2923457969686,1,45.220400938146206,6,0.09580087585421786,0.26259150781197566,0.9795193768461279,1.0
2681724.694,1249284.105,1817,52,Escher Wyss,5,Kreis 5,6426.0,752.0,83.0,0.1170245876128229,0.012916277622159975,3104,1140,0.36726804123711343,6280.0,8510.0,0.35509554140127386,565.7713670132331,2,168.69051147298757,6,0.09580087585421786,0.18250823740311012,0.9148256987058447,1.0
2681724.694,1249484.105,1818,52,Escher Wyss,5,Kreis 5,6426.0,752.0,83.0,0.1170245876128229,0.012916277622159975,3104,1140,0.36726804123711343,6280.0,8510.0,0.35509554140127386,390.8294253660987,2,164.52289403288947,8,0.09580087585421786,0.12590728629334494,0.9170093729579663,1.0
2681524.694,1249484.105,1819,52,Escher Wyss,5,Kreis 5,6426.0,752.0,83.0,0.1170245876128229,0.012916277622159975,3104,1140,0.36726804123711343,6280.0,8510.0,0.35509554140127386,532.3732147018214,1,153.11220937936528,6,0.09580087585421786,0.17170255428140535,0.9229881410755104,1.0
2681524.694,1249684.105,1820,102,Wipkingen,10,Kreis 10,16745.0,2954.0,688.0,0.17641086891609437,0.041086891609435655,8696,4173,0.4798758049678013,16860.0,17660.0,0.04744958481613286,442.79977386164524,1,127.61406137657066,7,0.42994408413227814,0.14272184274937863,0.9363482083251515,0.0514307766594564
2681724.694,1249684.105,1821,102,Wipkingen,10,Kreis 10,16745.0,2954.0,688.0,0.17641086891609437,0.041086891609435655,8696,4173,0.4798758049678013,16860.0,17660.0,0.04744958481613286,255.730404394877,2,189.58451060397505,6,0.42994408413227814,0.08219716733060324,0.9038780317037809,0.0514307766594564
2681524.694,1249884.105,1822,102,Wipkingen,10,Kreis 10,16745.0,2954.0,688.0,0.17641086891609437,0.041086891609435655,8696,4173,0.4798758049678013,16860.0,17660.0,0.04744958481613286,434.4215000801601,1,81.37524599650038,7,0.42994408413227814,0.1400111247807477,0.9605756025246742,0.0514307766594564
2681724.694,1249884.105,1823,102,Wipkingen,10,Kreis 10,16745.0,2954.0,688.0,0.17641086891609437,0.041086891609435655,8696,4173,0.4798758049678013,16860.0,17660.0,0.04744958481613286,240.93243810649443,2,162.85479010767688,6,0.42994408413227814,0.07740941341335149,0.9178833964602924,0.0514307766594564
2681924.694,1249884.105,1824,102,Wipkingen,10,Kreis 10,16745.0,2954.0,688.0,0.17641086891609437,0.041086891609435655,8696,4173,0.4798758049678013,16860.0,17660.0,0.04744958481613286,85.87688706504785,2,131.92875600476458,7,0.42994408413227814,0.02724253186874861,0.9340874711771823,0.0514307766594564
2681324.694,1250084.105,1825,102,Wipkingen,10,Kreis 10,16745.0,2954.0,688.0,0.17641086891609437,0.041086891609435655,8696,4173,0.4798758049678013,16860.0,17660.0,0.04744958481613286,687.0560673859345,1,90.38525687866318,9,0.42994408413227814,0.22174885249817097,0.9558546968615452,0.0514307766594564
2681324.694,1249684.105,1826,52,Escher Wyss,5,Kreis 5,6426.0,752.0,83.0,0.1170245876128229,0.012916277622159975,3104,1140,0.36726804123711343,6280.0,8510.0,0.35509554140127386,637.7658188801598,1,131.17830865264844,7,0.09580087585421786,0.2058014191977516,0.9344806772676987,1.0
2680924.694,1249884.105,1827,101,Höngg,10,Kreis 10,24981.0,5847.0,1658.0,0.2340578839918338,0.06637044153556704,11293,4606,0.407863278136899,24990.0,26800.0,0.07242897158863545,1029.9237057820192,0,181.40680434050023,8,0.4317706959540163,0.3326807094059986,0.9081628411580149,0.12845008084055437
2681324.694,1249884.105,1828,102,Wipkingen,10,Kreis 10,16745.0,2954.0,688.0,0.17641086891609437,0.041086891609435655,8696,4173,0.4798758049678013,16860.0,17660.0,0.04744958481613286,631.977562680712,1,252.87216268489757,6,0.42994408413227814,0.2039286790013694,0.8707176904985945,0.0514307766594564
2681124.694,1249884.105,1829,101,Höngg,10,Kreis 10,24981.0,5847.0,1658.0,0.2340578839918338,0.06637044153556704,11293,4606,0.407863278136899,24990.0,26800.0,0.07242897158863545,830.7040626672112,1,157.72033686565695,8,0.4317706959540163,0.26822491810816135,0.9205736561840968,0.12845008084055437
2680924.694,1250084.105,1830,101,Höngg,10,Kreis 10,24981.0,5847.0,1658.0,0.2340578839918338,0.06637044153556704,11293,4606,0.407863278136899,24990.0,26800.0,0.07242897158863545,1064.6094306043599,0,110.54080993469671,9,0.4317706959540163,0.34390297546976517,0.9452939477336948,0.12845008084055437
2681124.694,1250084.105,1831,101,Höngg,10,Kreis 10,24981.0,5847.0,1658.0,0.2340578839918338,0.06637044153556704,11293,4606,0.407863278136899,24990.0,26800.0,0.07242897158863545,873.3382161177778,1,30.504371178637925,10,0.4317706959540163,0.2820188294615013,0.9872300210550015,0.12845008084055437
2681124.694,1250284.105,1832,101,Höngg,10,Kreis 10,24981.0,5847.0,1658.0,0.2340578839918338,0.06637044153556704,11293,4606,0.407863278136899,24990.0,26800.0,0.07242897158863545,956.7497267999374,1,68.6649303574778,9,0.4317706959540163,0.3090059018219727,0.9672353282303566,0.12845008084055437
2680924.694,1250284.105,1833,101,Höngg,10,Kreis 10,24981.0,5847.0,1658.0,0.2340578839918338,0.06637044153556704,11293,4606,0.407863278136899,24990.0,26800.0,0.07242897158863545,989.7515319485602,1,100.09069217976511,9,0.4317706959540163,0.31968335024951383,0.9507694150483111,0.12845008084055437
2680924.694,1250484.105,1834,101,Höngg,10,Kreis 10,24981.0,5847.0,1658.0,0.2340578839918338,0.06637044153556704,11293,4606,0.407863278136899,24990.0,26800.0,0.07242897158863545,925.6096882566,1,167.51163142008093,9,0.4317706959540163,0.2989308118661129,0.9154433873624628,0.12845008084055437
2681124.694,1250484.105,1835,101,Höngg,10,Kreis 10,24981.0,5847.0,1658.0,0.2340578839918338,0.06637044153556704,11293,4606,0.407863278136899,24990.0,26800.0,0.07242897158863545,1071.4571572077566,0,135.48753692126013,8,0.4317706959540163,0.34611849814570345,0.9322228042858492,0.12845008084055437
2681924.694,1250084.105,1836,102,Wipkingen,10,Kreis 10,16745.0,2954.0,688.0,0.17641086891609437,0.041086891609435655,8696,4173,0.4798758049678013,16860.0,17660.0,0.04744958481613286,282.887326920022,2,239.2515050340576,6,0.42994408413227814,0.09098355457236502,0.8778544010620289,0.0514307766594564
2681524.694,1250084.105,1837,102,Wipkingen,10,Kreis 10,16745.0,2954.0,688.0,0.17641086891609437,0.041086891609435655,8696,4173,0.4798758049678013,16860.0,17660.0,0.04744958481613286,511.2459679370283,1,138.0721936560128,8,0.42994408413227814,0.16486701644548704,0.9308685417021609,0.0514307766594564
2681724.694,1250084.105,1838,102,Wipkingen,10,Kreis 10,16745.0,2954.0,688.0,0.17641086891609437,0.041086891609435655,8696,4173,0.4798758049678013,16860.0,17660.0,0.04744958481613286,361.5229449591162,2,54.43971584246231,7,0.42994408413227814,0.1164254282031865,0.9746888037745549,0.0514307766594564
2681724.694,1250284.105,1839,102,Wipkingen,10,Kreis 10,16745.0,2954.0,688.0,0.17641086891609437,0.041086891609435655,8696,4173,0.4798758049678013,16860.0,17660.0,0.04744958481613286,532.3055886724135,1,103.73180158946091,5,0.42994408413227814,0.1716806744648889,0.9488616111336305,0.0514307766594564
2681324.694,1250284.105,1840,102,Wipkingen,10,Kreis 10,16745.0,2954.0,688.0,0.17641086891609437,0.041086891609435655,8696,4173,0.4798758049678013,16860.0,17660.0,0.04744958481613286,790.3774033534854,1,166.76778664062937,9,0.42994408413227814,0.2551775765115972,0.9158331339540849,0.0514307766594564
2681524.694,1250284.105,1841,102,Wipkingen,10,Kreis 10,16745.0,2954.0,688.0,0.17641086891609437,0.041086891609435655,8696,4173,0.4798758049678013,16860.0,17660.0,0.04744958481613286,643.4460659075021,1,160.8347868498093,7,0.42994408413227814,0.20763921396131085,0.9189418019321974,0.0514307766594564
2681524.694,1250484.105,1842,102,Wipkingen,10,Kreis 10,16745.0,2954.0,688.0,0.17641086891609437,0.041086891609435655,8696,4173,0.4798758049678013,16860.0,17660.0,0.04744958481613286,804.1599590453468,1,86.6592676002754,5,0.42994408413227814,0.2596368031186516,0.9578069746240419,0.0514307766594564
2681924.694,1250484.105,1843,102,Wipkingen,10,Kreis 10,16745.0,2954.0,688.0,0.17641086891609437,0.041086891609435655,8696,4173,0.4798758049678013,16860.0,17660.0,0.04744958481613286,682.1481068887462,1,196.67202816120417,3,0.42994408413227814,0.2201609243573576,0.9001644399877388,0.0514307766594564
2681724.694,1250484.105,1844,102,Wipkingen,10,Kreis 10,16745.0,2954.0,688.0,0.17641086891609437,0.041086891609435655,8696,4173,0.4798758049678013,16860.0,17660.0,0.04744958481613286,718.3311490753113,1,105.84085534890502,3,0.42994408413227814,0.23186763449514283,0.9477565465596782,0.0514307766594564
2681324.694,1250484.105,1845,101,Höngg,10,Kreis 10,24981.0,5847.0,1658.0,0.2340578839918338,0.06637044153556704,11293,4606,0.407863278136899,24990.0,26800.0,0.07242897158863545,925.9302564079924,1,142.94134692580204,5,0.4317706959540163,0.29903452891700116,0.9283172891513456,0.12845008084055437
2682324.694,1249884.105,1846,102,Wipkingen,10,Kreis 10,16745.0,2954.0,688.0,0.17641086891609437,0.041086891609435655,8696,4173,0.4798758049678013,16860.0,17660.0,0.04744958481613286,339.0219091046425,2,150.2616140635399,7,0.42994408413227814,0.10914541279734971,0.9244817454391201,0.0514307766594564
2682324.694,1250084.105,1847,102,Wipkingen,10,Kreis 10,16745.0,2954.0,688.0,0.17641086891609437,0.041086891609435655,8696,4173,0.4798758049678013,16860.0,17660.0,0.04744958481613286,467.6302382567255,2,166.22523472991742,6,0.42994408413227814,0.15075552459848895,0.9161174106793097,0.0514307766594564
2682124.694,1250084.105,1848,102,Wipkingen,10,Kreis 10,16745.0,2954.0,688.0,0.17641086891609437,0.041086891609435655,8696,4173,0.4798758049678013,16860.0,17660.0,0.04744958481613286,330.68359459156517,2,229.2449097820113,7,0.42994408413227814,0.1064476233041675,0.8830974793237374,0.0514307766594564
2682324.694,1250284.105,1849,102,Wipkingen,10,Kreis 10,16745.0,2954.0,688.0,0.17641086891609437,0.041086891609435655,8696,4173,0.4798758049678013,16860.0,17660.0,0.04744958481613286,609.3672453717991,2,53.59877480883953,3,0.42994408413227814,0.19661330652677206,0.975129425138936,0.0514307766594564
2681924.694,1250284.105,1850,102,Wipkingen,10,Kreis 10,16745.0,2954.0,688.0,0.17641086891609437,0.041086891609435655,8696,4173,0.4798758049678013,16860.0,17660.0,0.04744958481613286,482.36463358327575,2,195.54510134761478,6,0.42994408413227814,0.15552271068124204,0.9007549071076774,0.0514307766594564
2682124.694,1250284.105,1851,102,Wipkingen,10,Kreis 10,16745.0,2954.0,688.0,0.17641086891609437,0.041086891609435655,8696,4173,0.4798758049678013,16860.0,17660.0,0.04744958481613286,511.8613481519884,2,166.7190110963805,4,0.42994408413227814,0.16506611738796503,0.9158586904984751,0.0514307766594564
2682324.694,1250484.105,1852,102,Wipkingen,10,Kreis 10,16745.0,2954.0,688.0,0.17641086891609437,0.041086891609435655,8696,4173,0.4798758049678013,16860.0,17660.0,0.04744958481613286,777.16075539877,2,241.07017372748797,3,0.42994408413227814,0.25090144445500484,0.876901487303493,0.0514307766594564
2682124.694,1250484.105,1853,102,Wipkingen,10,Kreis 10,16745.0,2954.0,688.0,0.17641086891609437,0.041086891609435655,8696,4173,0.4798758049678013,16860.0,17660.0,0.04744958481613286,703.315320273875,2,288.1618098585369,3,0.42994408413227814,0.22700939304737724,0.852227247216037,0.0514307766594564
2682124.694,1250684.105,1854,102,Wipkingen,10,Kreis 10,16745.0,2954.0,688.0,0.17641086891609437,0.041086891609435655,8696,4173,0.4798758049678013,16860.0,17660.0,0.04744958481613286,898.5003281757419,1,350.50264001991263,4,0.42994408413227814,0.2901598130415506,0.8195630049634959,0.0514307766594564
2681924.694,1250684.105,1855,102,Wipkingen,10,Kreis 10,16745.0,2954.0,688.0,0.17641086891609437,0.041086891609435655,8696,4173,0.4798758049678013,16860.0,17660.0,0.04744958481613286,882.0297272381882,1,345.140386887762,1,0.42994408413227814,0.2848308926600944,0.8223726232325278,0.0514307766594564
2681324.694,1250684.105,1856,101,Höngg,10,Kreis 10,24981.0,5847.0,1658.0,0.2340578839918338,0.06637044153556704,11293,4606,0.407863278136899,24990.0,26800.0,0.07242897158863545,1081.6641067039911,0,286.4860008114795,2,0.4317706959540163,0.34942086831478225,0.8531053079114174,0.12845008084055437
2681524.694,1250684.105,1857,102,Wipkingen,10,Kreis 10,16745.0,2954.0,688.0,0.17641086891609437,0.041086891609435655,8696,4173,0.4798758049678013,16860.0,17660.0,0.04744958481613286,979.4506826439942,1,262.9673528425319,2,0.42994408413227814,0.31635059961014567,0.8654281918499425,0.0514307766594564
2681724.694,1250684.105,1858,102,Wipkingen,10,Kreis 10,16745.0,2954.0,688.0,0.17641086891609437,0.041086891609435655,8696,4173,0.4798758049678013,16860.0,17660.0,0.04744958481613286,910.3021694645297,1,302.7280737906222,2,0.42994408413227814,0.293978196646434,0.844595074648549,0.0514307766594564
2681724.694,1250884.105,1859,102,Wipkingen,10,Kreis 10,16745.0,2954.0,688.0,0.17641086891609437,0.041086891609435655,8696,4173,0.4798758049678013,16860.0,17660.0,0.04744958481613286,1105.1246263348773,0,502.08195213627516,0,0.42994408413227814,0.3570113163922129,0.7401411660398618,0.0514307766594564
2681324.694,1250884.105,1860,101,Höngg,10,Kreis 10,24981.0,5847.0,1658.0,0.2340578839918338,0.06637044153556704,11293,4606,0.407863278136899,24990.0,26800.0,0.07242897158863545,1250.0590544977126,0,472.98649944892463,1,0.4317706959540163,0.4039035962270457,0.7553860851814068,0.12845008084055437
2681524.694,1250884.105,1861,101,Höngg,10,Kreis 10,24981.0,5847.0,1658.0,0.2340578839918338,0.06637044153556704,11293,4606,0.407863278136899,24990.0,26800.0,0.07242897158863545,1162.7441849915908,0,459.1228905870423,1,0.4317706959540163,0.37565362590237666,0.7626500930104134,0.12845008084055437
2681524.694,1251084.105,1862,101,Höngg,10,Kreis 10,24981.0,5847.0,1658.0,0.2340578839918338,0.06637044153556704,11293,4606,0.407863278136899,24990.0,26800.0,0.07242897158863545,1350.7866003672568,0,633.7800443851602,0,0.4317706959540163,0.43649312190333217,0.6711363360066493,0.12845008084055437
2681724.694,1251084.105,1863,101,Höngg,10,Kreis 10,24981.0,5847.0,1658.0,0.2340578839918338,0.06637044153556704,11293,4606,0.407863278136899,24990.0,26800.0,0.07242897158863545,1301.5186666858738,0,459.95080678362683,1,0.4317706959540163,0.4205529083712115,0.762216296169081,0.12845008084055437
2681524.694,1251284.105,1864,101,Höngg,10,Kreis 10,24981.0,5847.0,1658.0,0.2340578839918338,0.06637044153556704,11293,4606,0.407863278136899,24990.0,26800.0,0.07242897158863545,1541.8413795626655,0,548.9515777014473,0,0.4317706959540163,0.49830724214636907,0.715583251110214,0.12845008084055437
2681724.694,1251284.105,1865,101,Höngg,10,Kreis 10,24981.0,5847.0,1658.0,0.2340578839918338,0.06637044153556704,11293,4606,0.407863278136899,24990.0,26800.0,0.07242897158863545,1498.8666517511645,0,381.04690611642786,2,0.4317706959540163,0.48440314090619585,0.8035589622739778,0.12845008084055437
2682324.694,1250684.105,1866,102,Wipkingen,10,Kreis 10,16745.0,2954.0,688.0,0.17641086891609437,0.041086891609435655,8696,4173,0.4798758049678013,16860.0,17660.0,0.04744958481613286,957.407561977635,1,213.3768981426577,6,0.42994408413227814,0.30921873870019967,0.8914117185616859,0.0514307766594564
2682124.694,1250884.105,1867,102,Wipkingen,10,Kreis 10,16745.0,2954.0,688.0,0.17641086891609437,0.041086891609435655,8696,4173,0.4798758049678013,16860.0,17660.0,0.04744958481613286,1095.4237717577105,0,225.4329183171247,3,0.42994408413227814,0.35387268885398265,0.8850948189862243,0.0514307766594564
2681924.694,1250884.105,1868,102,Wipkingen,10,Kreis 10,16745.0,2954.0,688.0,0.17641086891609437,0.041086891609435655,8696,4173,0.4798758049678013,16860.0,17660.0,0.04744958481613286,1081.9551006080821,0,371.67512784812726,3,0.42994408413227814,0.34951501687391917,0.808469420394289,0.0514307766594564
2682324.694,1250884.105,1869,102,Wipkingen,10,Kreis 10,16745.0,2954.0,688.0,0.17641086891609437,0.041086891609435655,8696,4173,0.4798758049678013,16860.0,17660.0,0.04744958481613286,1144.2375801082271,0,93.65735775140504,5,0.42994408413227814,0.3696659740657242,0.9541402394937926,0.0514307766594564
2682124.694,1251084.105,1870,102,Wipkingen,10,Kreis 10,16745.0,2954.0,688.0,0.17641086891609437,0.041086891609435655,8696,4173,0.4798758049678013,16860.0,17660.0,0.04744958481613286,1293.291784452318,0,118.58330683940285,4,0.42994408413227814,0.41789117182763,0.9410799828806345,0.0514307766594564
2681924.694,1251084.105,1871,102,Wipkingen,10,Kreis 10,16745.0,2954.0,688.0,0.17641086891609437,0.041086891609435655,8696,4173,0.4798758049678013,16860.0,17660.0,0.04744958481613286,1281.9037560331187,0,318.4091717600395,2,0.42994408413227814,0.4142066737951807,0.836378771119498,0.0514307766594564
2682324.694,1251084.105,1872,61,Unterstrass,6,Kreis 6,25576.0,4143.0,894.0,0.16198780106349703,0.03495464497966844,12376,5263,0.4252585649644473,25390.0,27440.0,0.08074044899566758,1334.889523418288,0,82.09507086921607,5,0.3053620250538033,0.431349760244573,0.9601984414576669,0.15407697922827637
2682124.694,1251284.105,1873,111,Affoltern,11,Kreis 11,27439.0,5228.0,1203.0,0.1905317249170888,0.04384270563796057,11812,4358,0.3689468337284118,27700.0,30520.0,0.10180505415162455,1491.728540898723,0,70.3700551442805,4,0.2526225362487306,0.4820936669197343,0.96634190719373,0.2190257806835346
2682324.694,1251284.105,1874,61,Unterstrass,6,Kreis 6,25576.0,4143.0,894.0,0.16198780106349703,0.03495464497966844,12376,5263,0.4252585649644473,25390.0,27440.0,0.08074044899566758,1527.9333885126919,0,99.97229946828426,6,0.3053620250538033,0.4938074320148316,0.950831448360969,0.15407697922827637
2681924.694,1251284.105,1875,101,Höngg,10,Kreis 10,24981.0,5847.0,1658.0,0.2340578839918338,0.06637044153556704,11293,4606,0.407863278136899,24990.0,26800.0,0.07242897158863545,1481.866269179439,0,187.28145840140033,4,0.4317706959540163,0.4789028142622261,0.9050847441404041,0.12845008084055437
2680924.694,1250684.105,1876,101,Höngg,10,Kreis 10,24981.0,5847.0,1658.0,0.2340578839918338,0.06637044153556704,11293,4606,0.407863278136899,24990.0,26800.0,0.07242897158863545,902.1632307927642,1,154.54541294077612,4,0.4317706959540163,0.2913449134811244,0.9222371964986426,0.12845008084055437
2681124.694,1250684.105,1877,101,Höngg,10,Kreis 10,24981.0,5847.0,1658.0,0.2340578839918338,0.06637044153556704,11293,4606,0.407863278136899,24990.0,26800.0,0.07242897158863545,1102.158107983848,0,334.66232632458406,4,0.4317706959540163,0.3560515250547444,0.8278627315240996,0.12845008084055437
2681124.694,1250884.105,1878,101,Höngg,10,Kreis 10,24981.0,5847.0,1658.0,0.2340578839918338,0.06637044153556704,11293,4606,0.407863278136899,24990.0,26800.0,0.07242897158863545,1118.8823418905552,0,431.51348143607424,1,0.4317706959540163,0.3614625061881947,0.7771163814223938,0.12845008084055437
2680924.694,1250884.105,1879,101,Höngg,10,Kreis 10,24981.0,5847.0,1658.0,0.2340578839918338,0.06637044153556704,11293,4606,0.407863278136899,24990.0,26800.0,0.07242897158863545,922.5202951666682,1,300.5433157816483,2,0.4317706959540163,0.29793126547034476,0.8457398053921655,0.12845008084055437
2681124.694,1251084.105,1880,101,Höngg,10,Kreis 10,24981.0,5847.0,1658.0,0.2340578839918338,0.06637044153556704,11293,4606,0.407863278136899,24990.0,26800.0,0.07242897158863545,1170.0610646434022,0,551.9774294852367,0,0.4317706959540163,0.37802093898664296,0.7139978189715959,0.12845008084055437
2681324.694,1251084.105,1881,101,Höngg,10,Kreis 10,24981.0,5847.0,1658.0,0.2340578839918338,0.06637044153556704,11293,4606,0.407863278136899,24990.0,26800.0,0.07242897158863545,1360.1091481916253,0,667.3516529244085,0,0.4317706959540163,0.43950935156591275,0.6535460801294842,0.12845008084055437
2681324.694,1251284.105,1882,101,Höngg,10,Kreis 10,24981.0,5847.0,1658.0,0.2340578839918338,0.06637044153556704,11293,4606,0.407863278136899,24990.0,26800.0,0.07242897158863545,1430.748788220527,0,552.4647053532494,0,0.4317706959540163,0.46236419571616216,0.7137425048066195,0.12845008084055437
2681124.694,1251284.105,1883,101,Höngg,10,Kreis 10,24981.0,5847.0,1658.0,0.2340578839918338,0.06637044153556704,11293,4606,0.407863278136899,24990.0,26800.0,0.07242897158863545,1251.474368492783,0,457.29758654635606,1,0.4317706959540163,0.4043615088207079,0.7636064834404923,0.12845008084055437
2680924.694,1251284.105,1884,101,Höngg,10,Kreis 10,24981.0,5847.0,1658.0,0.2340578839918338,0.06637044153556704,11293,4606,0.407863278136899,24990.0,26800.0,0.07242897158863545,1079.5064126693799,0,273.5753692514522,2,0.4317706959540163,0.34872276508457345,0.8598699915997543,0.12845008084055437
2681124.694,1251484.105,1885,101,Höngg,10,Kreis 10,24981.0,5847.0,1658.0,0.2340578839918338,0.06637044153556704,11293,4606,0.407863278136899,24990.0,26800.0,0.07242897158863545,1357.6941095086065,0,347.8241662981335,3,0.4317706959540163,0.43872798670201146,0.8209664241077194,0.12845008084055437
2679524.694,1250284.105,1886,92,Altstetten,9,Kreis 9,36874.0,6802.0,1610.0,0.18446601941747573,0.04366220100884092,18340,8197,0.44694656488549617,36980.0,40280.0,0.08923742563547864,643.1408049516402,1,211.27610527682475,7,0.38605258850575336,0.2075404494210538,0.8925124547391532,0.1802758300808398
2679324.694,1250284.105,1887,92,Altstetten,9,Kreis 9,36874.0,6802.0,1610.0,0.18446601941747573,0.04366220100884092,18340,8197,0.44694656488549617,36980.0,40280.0,0.08923742563547864,807.945601506529,1,280.7593857042337,7,0.38605258850575336,0.26086161497249866,0.8561058381043251,0.1802758300808398
2679724.694,1250484.105,1888,101,Höngg,10,Kreis 10,24981.0,5847.0,1658.0,0.2340578839918338,0.06637044153556704,11293,4606,0.407863278136899,24990.0,26800.0,0.07242897158863545,362.8075178299079,1,36.2195342460765,9,0.4317706959540163,0.11684104063764358,0.9842354912987511,0.12845008084055437
2679524.694,1250484.105,1889,101,Höngg,10,Kreis 10,24981.0,5847.0,1658.0,0.2340578839918338,0.06637044153556704,11293,4606,0.407863278136899,24990.0,26800.0,0.07242897158863545,539.2358435729232,1,180.11244449244205,5,0.4317706959540163,0.1739228984570815,0.908841036869068,0.12845008084055437
2679324.694,1250484.105,1890,101,Höngg,10,Kreis 10,24981.0,5847.0,1658.0,0.2340578839918338,0.06637044153556704,11293,4606,0.407863278136899,24990.0,26800.0,0.07242897158863545,727.9569321008663,1,119.00795209140178,6,0.4317706959540163,0.23498197328258805,0.9408574847947608,0.12845008084055437
2679724.694,1250684.105,1891,101,Höngg,10,Kreis 10,24981.0,5847.0,1658.0,0.2340578839918338,0.06637044153556704,11293,4606,0.407863278136899,24990.0,26800.0,0.07242897158863545,297.9504908434575,1,132.4372631133879,10,0.4317706959540163,0.09585711088917132,0.9338210326433961,0.12845008084055437
2679524.694,1250684.105,1892,101,Höngg,10,Kreis 10,24981.0,5847.0,1658.0,0.2340578839918338,0.06637044153556704,11293,4606,0.407863278136899,24990.0,26800.0,0.07242897158863545,497.91615257366414,1,67.9408762160839,8,0.4317706959540163,0.16055427005328232,0.9676147052745382,0.12845008084055437
2679324.694,1250684.105,1893,101,Höngg,10,Kreis 10,24981.0,5847.0,1658.0,0.2340578839918338,0.06637044153556704,11293,4606,0.407863278136899,24990.0,26800.0,0.07242897158863545,697.9014937608771,1,108.6503228756451,5,0.4317706959540163,0.22525779633538337,0.9462844916053805,0.12845008084055437
2679524.694,1250884.105,1894,101,Höngg,10,Kreis 10,24981.0,5847.0,1658.0,0.2340578839918338,0.06637044153556704,11293,4606,0.407863278136899,24990.0,26800.0,0.07242897158863545,533.9154380552399,1,139.4918014114155,10,0.4317706959540163,0.17220152729956953,0.9301247208145336,0.12845008084055437
2679124.694,1250884.105,1895,101,Höngg,10,Kreis 10,24981.0,5847.0,1658.0,0.2340578839918338,0.06637044153556704,11293,4606,0.407863278136899,24990.0,26800.0,0.07242897158863545,918.3450849182594,1,52.82327764357578,5,0.4317706959540163,0.2965804123306223,0.9755357563861581,0.12845008084055437
2678524.694,1250484.105,1896,92,Altstetten,9,Kreis 9,36874.0,6802.0,1610.0,0.18446601941747573,0.04366220100884092,18340,8197,0.44694656488549617,36980.0,40280.0,0.08923742563547864,1164.471313481264,0,379.6565904352568,2,0.38605258850575336,0.3762124233770351,0.804287435220195,0.1802758300808398
2678724.694,1250484.105,1897,92,Altstetten,9,Kreis 9,36874.0,6802.0,1610.0,0.18446601941747573,0.04366220100884092,18340,8197,0.44694656488549617,36980.0,40280.0,0.08923742563547864,1210.7359084130865,0,296.0012274653232,1,0.38605258850575336,0.39118093265042053,0.8481196882508445,0.1802758300808398
2678324.694,1250684.105,1898,92,Altstetten,9,Kreis 9,36874.0,6802.0,1610.0,0.18446601941747573,0.04366220100884092,18340,8197,0.44694656488549617,36980.0,40280.0,0.08923742563547864,1351.5254492315887,0,502.63570173739583,0,0.38605258850575336,0.43673217005870196,0.7398510221474652,0.1802758300808398
2678524.694,1250684.105,1899,92,Altstetten,9,Kreis 9,36874.0,6802.0,1610.0,0.18446601941747573,0.04366220100884092,18340,8197,0.44694656488549617,36980.0,40280.0,0.08923742563547864,1362.5377205496843,0,408.39165596392826,1,0.38605258850575336,0.4402950951332403,0.7892313453487337,0.1802758300808398
2679124.694,1250684.105,1900,101,Höngg,10,Kreis 10,24981.0,5847.0,1658.0,0.2340578839918338,0.06637044153556704,11293,4606,0.407863278136899,24990.0,26800.0,0.07242897158863545,897.8933650459651,1,174.2076308920414,3,0.4317706959540163,0.2899634353741344,0.9119349363471518,0.12845008084055437
2678724.694,1250684.105,1901,92,Altstetten,9,Kreis 9,36874.0,6802.0,1610.0,0.18446601941747573,0.04366220100884092,18340,8197,0.44694656488549617,36980.0,40280.0,0.08923742563547864,1297.8846231438959,0,355.89513155003004,3,0.38605258850575336,0.4193771450355951,0.8167375429151309,0.1802758300808398
2678924.694,1250684.105,1902,101,Höngg,10,Kreis 10,24981.0,5847.0,1658.0,0.2340578839918338,0.06637044153556704,11293,4606,0.407863278136899,24990.0,26800.0,0.07242897158863545,1097.888197856899,0,230.80445979435515,3,0.4317706959540163,0.35467003258894103,0.8822803339749141,0.12845008084055437
2678724.694,1250884.105,1903,101,Höngg,10,Kreis 10,24981.0,5847.0,1658.0,0.2340578839918338,0.06637044153556704,11293,4606,0.407863278136899,24990.0,26800.0,0.07242897158863545,1312.116494444503,0,155.8953003172505,2,0.4317706959540163,0.4239817438190642,0.9215299064583163,0.12845008084055437
2678524.694,1250884.105,1904,101,Höngg,10,Kreis 10,24981.0,5847.0,1658.0,0.2340578839918338,0.06637044153556704,11293,4606,0.407863278136899,24990.0,26800.0,0.07242897158863545,1510.230345011394,0,253.82226982861863,1,0.4317706959540163,0.4880797655085795,0.8702198702124667,0.12845008084055437
2678924.694,1250884.105,1905,101,Höngg,10,Kreis 10,24981.0,5847.0,1658.0,0.2340578839918338,0.06637044153556704,11293,4606,0.407863278136899,24990.0,26800.0,0.07242897158863545,1114.6764979102359,0,160.35179656292178,2,0.4317706959540163,0.3601017417696454,0.9191948706144026,0.12845008084055437
2679324.694,1250884.105,1906,101,Höngg,10,Kreis 10,24981.0,5847.0,1658.0,0.2340578839918338,0.06637044153556704,11293,4606,0.407863278136899,24990.0,26800.0,0.07242897158863545,724.0246508190324,1,221.76645972948242,6,0.4317706959540163,0.23370971770746782,0.8870159049134672,0.12845008084055437
2679524.694,1251084.105,1907,101,Höngg,10,Kreis 10,24981.0,5847.0,1658.0,0.2340578839918338,0.06637044153556704,11293,4606,0.407863278136899,24990.0,26800.0,0.07242897158863545,634.2009894297524,1,120.30784122812396,7,0.4317706959540163,0.20464804948241974,0.9401763919451239,0.12845008084055437
2679124.694,1251084.105,1908,101,Höngg,10,Kreis 10,24981.0,5847.0,1658.0,0.2340578839918338,0.06637044153556704,11293,4606,0.407863278136899,24990.0,26800.0,0.07242897158863545,980.0524960396169,1,235.01552855290825,3,0.4317706959540163,0.3165453111256469,0.8800738928717812,0.12845008084055437
2679324.694,1251084.105,1909,101,Höngg,10,Kreis 10,24981.0,5847.0,1658.0,0.2340578839918338,0.06637044153556704,11293,4606,0.407863278136899,24990.0,26800.0,0.07242897158863545,800.8476103439281,1,185.91123866243137,7,0.4317706959540163,0.258565121364452,0.9058026875713311,0.12845008084055437
2679724.694,1251084.105,1910,101,Höngg,10,Kreis 10,24981.0,5847.0,1658.0,0.2340578839918338,0.06637044153556704,11293,4606,0.407863278136899,24990.0,26800.0,0.07242897158863545,493.0161204197828,1,84.61975337347569,9,0.4317706959540163,0.15896890705932665,0.9588756031073206,0.12845008084055437
2679124.694,1251284.105,1911,101,Höngg,10,Kreis 10,24981.0,5847.0,1658.0,0.2340578839918338,0.06637044153556704,11293,4606,0.407863278136899,24990.0,26800.0,0.07242897158863545,1075.9405629464118,0,227.875818508543,4,0.4317706959540163,0.3475690652688849,0.8838148314813306,0.12845008084055437
2679524.694,1251284.105,1912,101,Höngg,10,Kreis 10,24981.0,5847.0,1658.0,0.2340578839918338,0.06637044153556704,11293,4606,0.407863278136899,24990.0,26800.0,0.07242897158863545,774.1809187739227,1,173.44332982575526,6,0.4317706959540163,0.2499373441053113,0.9123354012610521,0.12845008084055437
2679324.694,1251284.105,1913,101,Höngg,10,Kreis 10,24981.0,5847.0,1658.0,0.2340578839918338,0.06637044153556704,11293,4606,0.407863278136899,24990.0,26800.0,0.07242897158863545,915.697600189898,1,31.701556128872856,6,0.4317706959540163,0.29572384156055453,0.9866027413230128,0.12845008084055437
2679124.694,1251484.105,1914,101,Höngg,10,Kreis 10,24981.0,5847.0,1658.0,0.2340578839918338,0.06637044153556704,11293,4606,0.407863278136899,24990.0,26800.0,0.07242897158863545,1197.8285749611252,0,165.8495784167902,3,0.4317706959540163,0.38700487662409905,0.9163142404100644,0.12845008084055437
2679524.694,1251484.105,1915,101,Höngg,10,Kreis 10,24981.0,5847.0,1658.0,0.2340578839918338,0.06637044153556704,11293,4606,0.407863278136899,24990.0,26800.0,0.07242897158863545,936.2164787022249,1,146.73729130988113,5,0.4317706959540163,0.3023625471137717,0.9263283575535827,0.12845008084055437
2678124.694,1250684.105,1916,92,Altstetten,9,Kreis 9,36874.0,6802.0,1610.0,0.18446601941747573,0.04366220100884092,18340,8197,0.44694656488549617,36980.0,40280.0,0.08923742563547864,1369.9390643092725,0,448.95996331631926,1,0.38605258850575336,0.4426897358485469,0.7679750833499153,0.1802758300808398
2677724.694,1250684.105,1917,92,Altstetten,9,Kreis 9,36874.0,6802.0,1610.0,0.18446601941747573,0.04366220100884092,18340,8197,0.44694656488549617,36980.0,40280.0,0.08923742563547864,1488.9449418700483,0,582.5889191023834,0,0.38605258850575336,0.4811930575458599,0.6979585536942923,0.1802758300808398
2677924.694,1250884.105,1918,92,Altstetten,9,Kreis 9,36874.0,6802.0,1610.0,0.18446601941747573,0.04366220100884092,18340,8197,0.44694656488549617,36980.0,40280.0,0.08923742563547864,1608.5274756498359,0,670.6187058686402,0,0.38605258850575336,0.5198829513719152,0.6518342676857614,0.1802758300808398
2678124.694,1250884.105,1919,92,Altstetten,9,Kreis 9,36874.0,6802.0,1610.0,0.18446601941747573,0.04366220100884092,18340,8197,0.44694656488549617,36980.0,40280.0,0.08923742563547864,1567.561367194444,0,620.2181428020667,0,0.38605258850575336,0.5066287215399523,0.6782422606080472,0.1802758300808398
2678324.694,1250884.105,1920,92,Altstetten,9,Kreis 9,36874.0,6802.0,1610.0,0.18446601941747573,0.04366220100884092,18340,8197,0.44694656488549617,36980.0,40280.0,0.08923742563547864,1551.4949693507217,0,429.59067105897265,1,0.38605258850575336,0.5014305775711559,0.7781238614928511,0.1802758300808398
2678324.694,1251084.105,1921,101,Höngg,10,Kreis 10,24981.0,5847.0,1658.0,0.2340578839918338,0.06637044153556704,11293,4606,0.407863278136899,24990.0,26800.0,0.07242897158863545,1742.7239870367011,0,402.7283757830965,1,0.4317706959540163,0.5633010711697952,0.7921986904304699,0.12845008084055437
2678124.694,1251684.105,1922,101,Höngg,10,Kreis 10,24981.0,5847.0,1658.0,0.2340578839918338,0.06637044153556704,11293,4606,0.407863278136899,24990.0,26800.0,0.07242897158863545,2141.8843327763693,0,379.86612728820324,2,0.4317706959540163,0.692445946329228,0.8041776458172023,0.12845008084055437
2677924.694,1251684.105,1923,101,Höngg,10,Kreis 10,24981.0,5847.0,1658.0,0.2340578839918338,0.06637044153556704,11293,4606,0.407863278136899,24990.0,26800.0,0.07242897158863545,2320.9512047849644,0,540.7593500448086,0,0.4317706959540163,0.7503814829564623,0.7198756692264265,0.12845008084055437
2678324.694,1251684.105,1924,101,Höngg,10,Kreis 10,24981.0,5847.0,1658.0,0.2340578839918338,0.06637044153556704,11293,4606,0.407863278136899,24990.0,26800.0,0.07242897158863545,1966.8559924389408,0,275.99977293648465,3,0.4317706959540163,0.6358170416709926,0.8585996955661458,0.12845008084055437
2677724.694,1251684.105,1925,101,Höngg,10,Kreis 10,24981.0,5847.0,1658.0,0.2340578839918338,0.06637044153556704,11293,4606,0.407863278136899,24990.0,26800.0,0.07242897158863545,2433.009461535271,0,721.4867113542912,0,0.4317706959540163,0.7866369620717161,0.6251813525772238,0.12845008084055437
2678524.694,1251084.105,1926,101,Höngg,10,Kreis 10,24981.0,5847.0,1658.0,0.2340578839918338,0.06637044153556704,11293,4606,0.407863278136899,24990.0,26800.0,0.07242897158863545,1548.528622594104,0,205.10422877392028,2,0.4317706959540163,0.5004708417515743,0.8957462850991561,0.12845008084055437
2678724.694,1251084.105,1927,101,Höngg,10,Kreis 10,24981.0,5847.0,1658.0,0.2340578839918338,0.06637044153556704,11293,4606,0.407863278136899,24990.0,26800.0,0.07242897158863545,1356.0217162690608,0,44.10606149950679,3,0.4317706959540163,0.438186898343802,0.980103248656642,0.12845008084055437
2678924.694,1251084.105,1928,101,Höngg,10,Kreis 10,24981.0,5847.0,1658.0,0.2340578839918338,0.06637044153556704,11293,4606,0.407863278136899,24990.0,26800.0,0.07242897158863545,1166.0398342223932,0,204.50658830720326,3,0.4317706959540163,0.37671990468739114,0.8960594261486775,0.12845008084055437
2678524.694,1251284.105,1929,101,Höngg,10,Kreis 10,24981.0,5847.0,1658.0,0.2340578839918338,0.06637044153556704,11293,4606,0.407863278136899,24990.0,26800.0,0.07242897158863545,1610.9270917683243,0,251.97952825775099,2,0.4317706959540163,0.520659326398544,0.8711853972502659,0.12845008084055437
2678924.694,1251284.105,1930,101,Höngg,10,Kreis 10,24981.0,5847.0,1658.0,0.2340578839918338,0.06637044153556704,11293,4606,0.407863278136899,24990.0,26800.0,0.07242897158863545,1247.7155505135554,0,315.38063456884043,5,0.4317706959540163,0.40314537579583326,0.8379656103102512,0.12845008084055437
2678324.694,1251284.105,1931,101,Höngg,10,Kreis 10,24981.0,5847.0,1658.0,0.2340578839918338,0.06637044153556704,11293,4606,0.407863278136899,24990.0,26800.0,0.07242897158863545,1798.3970904650214,0,345.2768203354304,2,0.4317706959540163,0.581313621937245,0.8223011372549678,0.12845008084055437
2678724.694,1251284.105,1932,101,Höngg,10,Kreis 10,24981.0,5847.0,1658.0,0.2340578839918338,0.06637044153556704,11293,4606,0.407863278136899,24990.0,26800.0,0.07242897158863545,1426.8637268475388,0,244.1051917944205,3,0.4317706959540163,0.461107217733864,0.8753112523784448,0.12845008084055437
2678924.694,1251484.105,1933,101,Höngg,10,Kreis 10,24981.0,5847.0,1658.0,0.2340578839918338,0.06637044153556704,11293,4606,0.407863278136899,24990.0,26800.0,0.07242897158863545,1354.230148458268,0,187.69252159042833,5,0.4317706959540163,0.43760725208451307,0.9048693625429381,0.12845008084055437
2678724.694,1251484.105,1934,101,Höngg,10,Kreis 10,24981.0,5847.0,1658.0,0.2340578839918338,0.06637044153556704,11293,4606,0.407863278136899,24990.0,26800.0,0.07242897158863545,1520.8830642075038,0,167.96810012929515,4,0.4317706959540163,0.4915263606059476,0.9152042149860301,0.12845008084055437
2678324.694,1251484.105,1935,101,Höngg,10,Kreis 10,24981.0,5847.0,1658.0,0.2340578839918338,0.06637044153556704,11293,4606,0.407863278136899,24990.0,26800.0,0.07242897158863545,1873.8669363092495,0,244.25004127110734,2,0.4317706959540163,0.6057312373739526,0.8752353567193013,0.12845008084055437
2678524.694,1251484.105,1936,101,Höngg,10,Kreis 10,24981.0,5847.0,1658.0,0.2340578839918338,0.06637044153556704,11293,4606,0.407863278136899,24990.0,26800.0,0.07242897158863545,1694.765852556957,0,62.73501941492709,4,0.4317706959540163,0.5477846318331452,0.9703423777685496,0.12845008084055437
2678924.694,1251684.105,1937,101,Höngg,10,Kreis 10,24981.0,5847.0,1658.0,0.2340578839918338,0.06637044153556704,11293,4606,0.407863278136899,24990.0,26800.0,0.07242897158863545,1480.2312302452144,0,118.47400837742984,4,0.4317706959540163,0.47837381156620434,0.9411372511497684,0.12845008084055437
2678524.694,1251684.105,1938,101,Höngg,10,Kreis 10,24981.0,5847.0,1658.0,0.2340578839918338,0.06637044153556704,11293,4606,0.407863278136899,24990.0,26800.0,0.07242897158863545,1797.0466034560895,0,156.13354111459788,4,0.4317706959540163,0.580876683553875,0.9214050772717488,0.12845008084055437
2678724.694,1251684.105,1939,101,Höngg,10,Kreis 10,24981.0,5847.0,1658.0,0.2340578839918338,0.06637044153556704,11293,4606,0.407863278136899,24990.0,26800.0,0.07242897158863545,1634.0839926372096,0,193.28344642250582,5,0.4317706959540163,0.5281515412533282,0.9019399289332478,0.12845008084055437
2679124.694,1251684.105,1940,101,Höngg,10,Kreis 10,24981.0,5847.0,1658.0,0.2340578839918338,0.06637044153556704,11293,4606,0.407863278136899,24990.0,26800.0,0.07242897158863545,1338.6330695875395,0,97.714290976395,3,0.4317706959540163,0.4325609522075063,0.9520145595931492,0.12845008084055437
2679124.694,1251884.105,1941,101,Höngg,10,Kreis 10,24981.0,5847.0,1658.0,0.2340578839918338,0.06637044153556704,11293,4606,0.407863278136899,24990.0,26800.0,0.07242897158863545,1493.0116191755897,0,257.59598339465913,2,0.4317706959540163,0.48250879579126255,0.8682425867243617,0.12845008084055437
2678724.694,1251884.105,1942,101,Höngg,10,Kreis 10,24981.0,5847.0,1658.0,0.2340578839918338,0.06637044153556704,11293,4606,0.407863278136899,24990.0,26800.0,0.07242897158863545,1762.7749984025536,0,181.66037174065846,6,0.4317706959540163,0.5697884023571277,0.9080299814100027,0.12845008084055437
2678924.694,1251884.105,1943,101,Höngg,10,Kreis 10,24981.0,5847.0,1658.0,0.2340578839918338,0.06637044153556704,11293,4606,0.407863278136899,24990.0,26800.0,0.07242897158863545,1621.1815737273907,0,98.37728732287684,4,0.4317706959540163,0.5239770752845818,0.9516671745291715,0.12845008084055437
2678524.694,1251884.105,1944,101,Höngg,10,Kreis 10,24981.0,5847.0,1658.0,0.2340578839918338,0.06637044153556704,11293,4606,0.407863278136899,24990.0,26800.0,0.07242897158863545,1914.8163606448074,0,145.92969081388912,4,0.4317706959540163,0.6189800692033433,0.926751509734522,0.12845008084055437
2679124.694,1252084.105,1945,101,Höngg,10,Kreis 10,24981.0,5847.0,1658.0,0.2340578839918338,0.06637044153556704,11293,4606,0.407863278136899,24990.0,26800.0,0.07242897158863545,1462.4705122193882,0,376.82580944125107,3,0.4317706959540163,0.47262748496671003,0.8057706576269665,0.12845008084055437
2678324.694,1251884.105,1946,101,Höngg,10,Kreis 10,24981.0,5847.0,1658.0,0.2340578839918338,0.06637044153556704,11293,4606,0.407863278136899,24990.0,26800.0,0.07242897158863545,2075.010287924599,0,97.0457348933153,3,0.4317706959540163,0.6708094279075788,0.9523648577492789,0.12845008084055437
2678124.694,1251884.105,1947,101,Höngg,10,Kreis 10,24981.0,5847.0,1658.0,0.2340578839918338,0.06637044153556704,11293,4606,0.407863278136899,24990.0,26800.0,0.07242897158863545,2241.609621453484,0,278.46054417265293,1,0.4317706959540163,0.7247112003653692,0.8573103443082588,0.12845008084055437
2677724.694,1251884.105,1948,101,Höngg,10,Kreis 10,24981.0,5847.0,1658.0,0.2340578839918338,0.06637044153556704,11293,4606,0.407863278136899,24990.0,26800.0,0.07242897158863545,2589.0356689301593,0,673.6357136173992,0,0.4317706959540163,0.8371178910785129,0.6502534694877239,0.12845008084055437
2677924.694,1251884.105,1949,101,Höngg,10,Kreis 10,24981.0,5847.0,1658.0,0.2340578839918338,0.06637044153556704,11293,4606,0.407863278136899,24990.0,26800.0,0.07242897158863545,2413.28815001291,0,475.0396558824077,1,0.4317706959540163,0.7802563024152165,0.7543103086966849,0.12845008084055437
2677924.694,1252084.105,1950,101,Höngg,10,Kreis 10,24981.0,5847.0,1658.0,0.2340578839918338,0.06637044153556704,11293,4606,0.407863278136899,24990.0,26800.0,0.07242897158863545,2518.155057773983,0,488.77875839777334,1,0.4317706959540163,0.8141850828056219,0.7471115374943653,0.12845008084055437
2678124.694,1252084.105,1951,101,Höngg,10,Kreis 10,24981.0,5847.0,1658.0,0.2340578839918338,0.06637044153556704,11293,4606,0.407863278136899,24990.0,26800.0,0.07242897158863545,2354.1365497763272,0,301.30097022897644,2,0.4317706959540163,0.7611183141115977,0.8453428230557549,0.12845008084055437
2677724.694,1252084.105,1952,101,Höngg,10,Kreis 10,24981.0,5847.0,1658.0,0.2340578839918338,0.06637044153556704,11293,4606,0.407863278136899,24990.0,26800.0,0.07242897158863545,2687.052454827147,0,683.3937917927082,0,0.4317706959540163,0.868830373827115,0.6451406047951551,0.12845008084055437
2678324.694,1252084.105,1953,101,Höngg,10,Kreis 10,24981.0,5847.0,1658.0,0.2340578839918338,0.06637044153556704,11293,4606,0.407863278136899,24990.0,26800.0,0.07242897158863545,2168.6701914100977,0,150.5319722217715,2,0.4317706959540163,0.7011122790604536,0.9243400879675631,0.12845008084055437
2678124.694,1252284.105,1954,101,Höngg,10,Kreis 10,24981.0,5847.0,1658.0,0.2340578839918338,0.06637044153556704,11293,4606,0.407863278136899,24990.0,26800.0,0.07242897158863545,2291.588619082964,0,428.98050615490104,1,0.4317706959540163,0.7408814724836884,0.7784435648748721,0.12845008084055437
2677924.694,1252284.105,1955,101,Höngg,10,Kreis 10,24981.0,5847.0,1658.0,0.2340578839918338,0.06637044153556704,11293,4606,0.407863278136899,24990.0,26800.0,0.07242897158863545,2484.4427944934523,0,576.3216763760161,0,0.4317706959540163,0.8032777717984669,0.7012423523562545,0.12845008084055437
2678924.694,1252084.105,1956,101,Höngg,10,Kreis 10,24981.0,5847.0,1658.0,0.2340578839918338,0.06637044153556704,11293,4606,0.407863278136899,24990.0,26800.0,0.07242897158863545,1630.9192497211832,0,292.09602986175696,4,0.4317706959540163,0.5271276160734745,0.8501658644123863,0.12845008084055437
2678724.694,1252084.105,1957,101,Höngg,10,Kreis 10,24981.0,5847.0,1658.0,0.2340578839918338,0.06637044153556704,11293,4606,0.407863278136899,24990.0,26800.0,0.07242897158863545,1805.8170447503742,0,113.40259547746582,4,0.4317706959540163,0.58371428392709,0.9437944801134873,0.12845008084055437
2678524.694,1252084.105,1958,101,Höngg,10,Kreis 10,24981.0,5847.0,1658.0,0.2340578839918338,0.06637044153556704,11293,4606,0.407863278136899,24990.0,26800.0,0.07242897158863545,1985.4603494179485,0,108.54744889204954,4,0.4317706959540163,0.6418363203521532,0.9463383936903055,0.12845008084055437
2678924.694,1252284.105,1959,101,Höngg,10,Kreis 10,24981.0,5847.0,1658.0,0.2340578839918338,0.06637044153556704,11293,4606,0.407863278136899,24990.0,26800.0,0.07242897158863545,1538.5278675120246,0,131.0635443631452,3,0.4317706959540163,0.4972351840005973,0.9345408094241773,0.12845008084055437
2678524.694,1252284.105,1960,101,Höngg,10,Kreis 10,24981.0,5847.0,1658.0,0.2340578839918338,0.06637044153556704,11293,4606,0.407863278136899,24990.0,26800.0,0.07242897158863545,1910.2940085523048,0,266.50431264984184,3,0.4317706959540163,0.6175169013244524,0.863574958396291,0.12845008084055437
2679124.694,1252284.105,1961,101,Höngg,10,Kreis 10,24981.0,5847.0,1658.0,0.2340578839918338,0.06637044153556704,11293,4606,0.407863278136899,24990.0,26800.0,0.07242897158863545,1358.6722927590858,0,312.1782386091058,1,0.4317706959540163,0.43904446942659703,0.8396435449342616,0.12845008084055437
2678724.694,1252284.105,1962,101,Höngg,10,Kreis 10,24981.0,5847.0,1658.0,0.2340578839918338,0.06637044153556704,11293,4606,0.407863278136899,24990.0,26800.0,0.07242897158863545,1722.8306936872716,0,130.0002025420595,3,0.4317706959540163,0.556864768281638,0.9350979604077508,0.12845008084055437
2678524.694,1252484.105,1963,101,Höngg,10,Kreis 10,24981.0,5847.0,1658.0,0.2340578839918338,0.06637044153556704,11293,4606,0.407863278136899,24990.0,26800.0,0.07242897158863545,1853.751223630297,0,321.0365285460759,2,0.4317706959540163,0.599222972636752,0.8350021353204431,0.12845008084055437
2678924.694,1252484.105,1964,101,Höngg,10,Kreis 10,24981.0,5847.0,1658.0,0.2340578839918338,0.06637044153556704,11293,4606,0.407863278136899,24990.0,26800.0,0.07242897158863545,1467.7324003751805,0,153.68686560998856,1,0.4317706959540163,0.4743299233382458,0.9226870428982737,0.12845008084055437
2678324.694,1252484.105,1965,101,Höngg,10,Kreis 10,24981.0,5847.0,1658.0,0.2340578839918338,0.06637044153556704,11293,4606,0.407863278136899,24990.0,26800.0,0.07242897158863545,2048.7730960530234,0,512.6274013948745,0,0.4317706959540163,0.6623206115585755,0.7346157486151483,0.12845008084055437
2679524.694,1252084.105,1966,101,Höngg,10,Kreis 10,24981.0,5847.0,1658.0,0.2340578839918338,0.06637044153556704,11293,4606,0.407863278136899,24990.0,26800.0,0.07242897158863545,1156.1422054018724,0,660.7001972611203,0,0.4317706959540163,0.3735176125457909,0.6570311918701408,0.12845008084055437
2679524.694,1252284.105,1967,101,Höngg,10,Kreis 10,24981.0,5847.0,1658.0,0.2340578839918338,0.06637044153556704,11293,4606,0.407863278136899,24990.0,26800.0,0.07242897158863545,1021.6825334278236,0,705.698556510633,0,0.4317706959540163,0.330014349417564,0.633453749868035,0.12845008084055437
2679724.694,1252284.105,1968,101,Höngg,10,Kreis 10,24981.0,5847.0,1658.0,0.2340578839918338,0.06637044153556704,11293,4606,0.407863278136899,24990.0,26800.0,0.07242897158863545,873.3599481952608,1,701.3115646136821,0,0.4317706959540163,0.28202586068708135,0.6357523680563235,0.12845008084055437
2679324.694,1252284.105,1969,101,Höngg,10,Kreis 10,24981.0,5847.0,1658.0,0.2340578839918338,0.06637044153556704,11293,4606,0.407863278136899,24990.0,26800.0,0.07242897158863545,1185.2901750674234,0,507.6739629537223,0,0.4317706959540163,0.3829481858574585,0.7372111634148231,0.12845008084055437
2679324.694,1252484.105,1970,101,Höngg,10,Kreis 10,24981.0,5847.0,1658.0,0.2340578839918338,0.06637044153556704,11293,4606,0.407863278136899,24990.0,26800.0,0.07242897158863545,1091.8256266965684,0,513.9794282470165,0,0.4317706959540163,0.35270854016114184,0.7339073375703165,0.12845008084055437
2679124.694,1252484.105,1971,101,Höngg,10,Kreis 10,24981.0,5847.0,1658.0,0.2340578839918338,0.06637044153556704,11293,4606,0.407863278136899,24990.0,26800.0,0.07242897158863545,1277.9517984302936,0,322.3309675800269,1,0.4317706959540163,0.41292805211670097,0.8343238981189707,0.12845008084055437
2679524.694,1252484.105,1972,101,Höngg,10,Kreis 10,24981.0,5847.0,1658.0,0.2340578839918338,0.06637044153556704,11293,4606,0.407863278136899,24990.0,26800.0,0.07242897158863545,911.5950850632571,1,680.702036621708,0,0.4317706959540163,0.29439650829830893,0.6465509829175266,0.12845008084055437
2679724.694,1252484.105,1973,111,Affoltern,11,Kreis 11,27439.0,5228.0,1203.0,0.1905317249170888,0.04384270563796057,11812,4358,0.3689468337284118,27700.0,30520.0,0.10180505415162455,741.5713041317198,1,571.5591926134015,0,0.2526225362487306,0.23938678552174109,0.703737714111033,0.2190257806835346
2679324.694,1252684.105,1974,101,Höngg,10,Kreis 10,24981.0,5847.0,1658.0,0.2340578839918338,0.06637044153556704,11293,4606,0.407863278136899,24990.0,26800.0,0.07242897158863545,1029.200465949829,0,592.129084458045,0,0.4317706959540163,0.33244671141788323,0.6929598670951572,0.12845008084055437
2679724.694,1252684.105,1975,111,Affoltern,11,Kreis 11,27439.0,5228.0,1203.0,0.1905317249170888,0.04384270563796057,11812,4358,0.3689468337284118,27700.0,30520.0,0.10180505415162455,645.8315562990173,1,421.9891736300675,2,0.2526225362487306,0.20841101873123452,0.7821067592639761,0.2190257806835346
2677724.694,1252284.105,1976,101,Höngg,10,Kreis 10,24981.0,5847.0,1658.0,0.2340578839918338,0.06637044153556704,11293,4606,0.407863278136899,24990.0,26800.0,0.07242897158863545,2678.3453099087697,0,748.511238833999,0,0.4317706959540163,0.8660132524484991,0.6110215200874642,0.12845008084055437
2678324.694,1252284.105,1977,101,Höngg,10,Kreis 10,24981.0,5847.0,1658.0,0.2340578839918338,0.06637044153556704,11293,4606,0.407863278136899,24990.0,26800.0,0.07242897158863545,2100.0716176146707,0,340.44364388393086,2,0.4317706959540163,0.6789178042247608,0.8248335393107695,0.12845008084055437
2678124.694,1252484.105,1978,101,Höngg,10,Kreis 10,24981.0,5847.0,1658.0,0.2340578839918338,0.06637044153556704,11293,4606,0.407863278136899,24990.0,26800.0,0.07242897158863545,2244.6712006684984,0,597.717554251929,0,0.4317706959540163,0.725701747822635,0.6900317198328269,0.12845008084055437
2677924.694,1252484.105,1979,101,Höngg,10,Kreis 10,24981.0,5847.0,1658.0,0.2340578839918338,0.06637044153556704,11293,4606,0.407863278136899,24990.0,26800.0,0.07242897158863545,2441.234605504032,0,710.9069381155695,0,0.4317706959540163,0.789298136214768,0.6307247544721295,0.12845008084055437
2678324.694,1252884.105,1980,101,Höngg,10,Kreis 10,24981.0,5847.0,1658.0,0.2340578839918338,0.06637044153556704,11293,4606,0.407863278136899,24990.0,26800.0,0.07242897158863545,2002.9508229386645,0,718.1022578023599,0,0.4317706959540163,0.6474952116809662,0.6269546785086653,0.12845008084055437
2682524.694,1249684.105,1981,102,Wipkingen,10,Kreis 10,16745.0,2954.0,688.0,0.17641086891609437,0.041086891609435655,8696,4173,0.4798758049678013,16860.0,17660.0,0.04744958481613286,71.6899913027458,2,144.40871393708395,7,0.42994408413227814,0.022652484531437905,0.9275484442160788,0.0514307766594564
2682724.694,1249684.105,1982,102,Wipkingen,10,Kreis 10,16745.0,2954.0,688.0,0.17641086891609437,0.041086891609435655,8696,4173,0.4798758049678013,16860.0,17660.0,0.04744958481613286,128.39881172745348,2,91.27692293792657,8,0.42994408413227814,0.041000132569011354,0.9553874974980984,0.0514307766594564
2682724.694,1249884.105,1983,61,Unterstrass,6,Kreis 6,25576.0,4143.0,894.0,0.16198780106349703,0.03495464497966844,12376,5263,0.4252585649644473,25390.0,27440.0,0.08074044899566758,240.06135643419375,2,153.6378425420069,9,0.3053620250538033,0.07712758247742903,0.9227127291357584,0.15407697922827637
2682524.694,1249884.105,1984,102,Wipkingen,10,Kreis 10,16745.0,2954.0,688.0,0.17641086891609437,0.041086891609435655,8696,4173,0.4798758049678013,16860.0,17660.0,0.04744958481613286,215.13403927084795,2,148.03045180298975,9,0.42994408413227814,0.06906256475340025,0.9256507902592593,0.0514307766594564
2682524.694,1250084.105,1985,102,Wipkingen,10,Kreis 10,16745.0,2954.0,688.0,0.17641086891609437,0.041086891609435655,8696,4173,0.4798758049678013,16860.0,17660.0,0.04744958481613286,409.1770458530069,2,62.8889072968343,6,0.42994408413227814,0.13184350010452298,0.9702617463261813,0.0514307766594564
2682724.694,1250084.105,1986,61,Unterstrass,6,Kreis 6,25576.0,4143.0,894.0,0.16198780106349703,0.03495464497966844,12376,5263,0.4252585649644473,25390.0,27440.0,0.08074044899566758,422.8151544741839,2,178.41696853450756,7,0.3053620250538033,0.13625599211203665,0.9097294022835158,0.15407697922827637
2682524.694,1250284.105,1987,102,Wipkingen,10,Kreis 10,16745.0,2954.0,688.0,0.17641086891609437,0.041086891609435655,8696,4173,0.4798758049678013,16860.0,17660.0,0.04744958481613286,607.0988839167774,2,112.08579152136615,5,0.42994408413227814,0.1958793978105082,0.9444844356901103,0.0514307766594564
2682724.694,1250284.105,1988,61,Unterstrass,6,Kreis 6,25576.0,4143.0,894.0,0.16198780106349703,0.03495464497966844,12376,5263,0.4252585649644473,25390.0,27440.0,0.08074044899566758,616.3731457915984,2,91.87396073439307,5,0.3053620250538033,0.19888000497202418,0.9550746722250434,0.15407697922827637
2682724.694,1250484.105,1989,61,Unterstrass,6,Kreis 6,25576.0,4143.0,894.0,0.16198780106349703,0.03495464497966844,12376,5263,0.4252585649644473,25390.0,27440.0,0.08074044899566758,813.0553824021055,1,201.20344097708008,6,0.3053620250538033,0.26251484035646916,0.8977901506884002,0.15407697922827637
2682524.694,1250484.105,1990,102,Wipkingen,10,Kreis 10,16745.0,2954.0,688.0,0.17641086891609437,0.041086891609435655,8696,4173,0.4798758049678013,16860.0,17660.0,0.04744958481613286,806.0473031112998,2,211.19949020052985,6,0.42994408413227814,0.26024743695636093,0.8925525981476676,0.0514307766594564
2683124.694,1250284.105,1991,61,Unterstrass,6,Kreis 6,25576.0,4143.0,894.0,0.16198780106349703,0.03495464497966844,12376,5263,0.4252585649644473,25390.0,27440.0,0.08074044899566758,801.6292502479557,1,155.55409560972052,6,0.3053620250538033,0.2588180141903619,0.9217086848479467,0.15407697922827637
2683324.694,1250284.105,1992,61,Unterstrass,6,Kreis 6,25576.0,4143.0,894.0,0.16198780106349703,0.03495464497966844,12376,5263,0.4252585649644473,25390.0,27440.0,0.08074044899566758,945.4925990472552,1,60.61911135122087,4,0.3053620250538033,0.305363755567239,0.9714510337392529,0.15407697922827637
2682924.694,1250484.105,1993,61,Unterstrass,6,Kreis 6,25576.0,4143.0,894.0,0.16198780106349703,0.03495464497966844,12376,5263,0.4252585649644473,25390.0,27440.0,0.08074044899566758,867.4133125869514,1,269.6168590074608,4,0.3053620250538033,0.28010187820372456,0.861944101572852,0.15407697922827637
2683124.694,1250484.105,1994,61,Unterstrass,6,Kreis 6,25576.0,4143.0,894.0,0.16198780106349703,0.03495464497966844,12376,5263,0.4252585649644473,25390.0,27440.0,0.08074044899566758,961.1205204619775,1,280.42659763465844,4,0.3053620250538033,0.31042003428241494,0.8562802064933123,0.15407697922827637
2683324.694,1250484.105,1995,61,Unterstrass,6,Kreis 6,25576.0,4143.0,894.0,0.16198780106349703,0.03495464497966844,12376,5263,0.4252585649644473,25390.0,27440.0,0.08074044899566758,1084.0200435661404,0,88.80889967216437,4,0.3053620250538033,0.3501831112960633,0.9566806485457998,0.15407697922827637
2683124.694,1250684.105,1996,61,Unterstrass,6,Kreis 6,25576.0,4143.0,894.0,0.16198780106349703,0.03495464497966844,12376,5263,0.4252585649644473,25390.0,27440.0,0.08074044899566758,1133.5324674896196,0,320.0803346988369,4,0.3053620250538033,0.36620242752996834,0.8355031448095012,0.15407697922827637
2682924.694,1250684.105,1997,61,Unterstrass,6,Kreis 6,25576.0,4143.0,894.0,0.16198780106349703,0.03495464497966844,12376,5263,0.4252585649644473,25390.0,27440.0,0.08074044899566758,1055.2483380006202,0,153.41202906239636,4,0.3053620250538033,0.3408742749774214,0.9228310468768407,0.15407697922827637
2683324.694,1250684.105,1998,61,Unterstrass,6,Kreis 6,25576.0,4143.0,894.0,0.16198780106349703,0.03495464497966844,12376,5263,0.4252585649644473,25390.0,27440.0,0.08074044899566758,1239.452562566692,0,176.43418223511313,3,0.3053620250538033,0.40047195756120346,0.9107683074737545,0.15407697922827637
2683324.694,1250884.105,1999,115,Oerlikon,11,Kreis 11,24205.0,3775.0,925.0,0.15595951249741788,0.03821524478413551,12029,5536,0.46022113226369604,24370.0,27030.0,0.10915059499384488,1406.1955251148906,0,366.5665296518023,3,0.3818023922160809,0.45442019994509375,0.8111461330499226,0.24167439290344803
2683124.694,1250884.105,2000,61,Unterstrass,6,Kreis 6,25576.0,4143.0,894.0,0.16198780106349703,0.03495464497966844,12376,5263,0.4252585649644473,25390.0,27440.0,0.08074044899566758,1313.7880555299278,0,306.9383499353789,3,0.3053620250538033,0.42452256294101015,0.842389048845132,0.15407697922827637
2683724.694,1250284.105,2001,63,Oberstrass,6,Kreis 6,11008.0,2215.0,514.0,0.2012172965116279,0.04669331395348837,5279,2358,0.4466755067247585,11190.0,11660.0,0.0420017873100983,1279.3161668849502,0,303.2069667092918,3,0.4006725781538956,0.4133694817216924,0.8443441528326547,0.03463350388988689
2683924.694,1250484.105,2002,63,Oberstrass,6,Kreis 6,11008.0,2215.0,514.0,0.2012172965116279,0.04669331395348837,5279,2358,0.4466755067247585,11190.0,11660.0,0.0420017873100983,1505.0334821779936,0,253.45967857034222,2,0.4006725781538956,0.4863983655173141,0.8704098543475567,0.03463350388988689
2683524.694,1250484.105,2003,61,Unterstrass,6,Kreis 6,25576.0,4143.0,894.0,0.16198780106349703,0.03495464497966844,12376,5263,0.4252585649644473,25390.0,27440.0,0.08074044899566758,1227.3737225691168,0,128.70361557094736,4,0.3053620250538033,0.3965639534214962,0.9357773230472323,0.15407697922827637
2683724.694,1250484.105,2004,115,Oerlikon,11,Kreis 11,24205.0,3775.0,925.0,0.15595951249741788,0.03821524478413551,12029,5536,0.46022113226369604,24370.0,27030.0,0.10915059499384488,1384.8440543444613,0,324.41057421281425,4,0.3818023922160809,0.4475121163727948,0.8332342627280476,0.24167439290344803
2683924.694,1250684.105,2005,115,Oerlikon,11,Kreis 11,24205.0,3775.0,925.0,0.15595951249741788,0.03821524478413551,12029,5536,0.46022113226369604,24370.0,27030.0,0.10915059499384488,1464.626265841514,0,107.16253384916646,2,0.3818023922160809,0.4733249603932533,0.9470640369058806,0.24167439290344803
2683724.694,1250684.105,2006,115,Oerlikon,11,Kreis 11,24205.0,3775.0,925.0,0.15595951249741788,0.03821524478413551,12029,5536,0.46022113226369604,24370.0,27030.0,0.10915059499384488,1488.8864626266025,0,231.2227036019718,4,0.3818023922160809,0.48117413709277673,0.8820611900043053,0.24167439290344803
2683524.694,1250684.105,2007,115,Oerlikon,11,Kreis 11,24205.0,3775.0,925.0,0.15595951249741788,0.03821524478413551,12029,5536,0.46022113226369604,24370.0,27030.0,0.10915059499384488,1366.5977662989114,0,199.51596593011487,2,0.3818023922160809,0.44160868779599316,0.8986743239274556,0.24167439290344803
2683524.694,1250884.105,2008,115,Oerlikon,11,Kreis 11,24205.0,3775.0,925.0,0.15595951249741788,0.03821524478413551,12029,5536,0.46022113226369604,24370.0,27030.0,0.10915059499384488,1350.3484359944553,0,214.54216056743766,3,0.3818023922160809,0.436351357612794,0.890801165028275,0.24167439290344803
2683724.694,1250884.105,2009,115,Oerlikon,11,Kreis 11,24205.0,3775.0,925.0,0.15595951249741788,0.03821524478413551,12029,5536,0.46022113226369604,24370.0,27030.0,0.10915059499384488,1292.976449357362,0,33.25565607528816,5,0.3818023922160809,0.41778914788686,0.9857884516030498,0.24167439290344803
2683924.694,1250884.105,2010,115,Oerlikon,11,Kreis 11,24205.0,3775.0,925.0,0.15595951249741788,0.03821524478413551,12029,5536,0.46022113226369604,24370.0,27030.0,0.10915059499384488,1264.9645444014907,0,190.21971154707256,5,0.3818023922160809,0.40872613847944933,0.903545210382174,0.24167439290344803
2682524.694,1250684.105,2011,61,Unterstrass,6,Kreis 6,25576.0,4143.0,894.0,0.16198780106349703,0.03495464497966844,12376,5263,0.4252585649644473,25390.0,27440.0,0.08074044899566758,1005.4130767266769,0,219.56161017134977,6,0.3053620250538033,0.3247505075129082,0.888171162870585,0.15407697922827637
2682724.694,1250684.105,2012,61,Unterstrass,6,Kreis 6,25576.0,4143.0,894.0,0.16198780106349703,0.03495464497966844,12376,5263,0.4252585649644473,25390.0,27440.0,0.08074044899566758,1011.0401845886428,0,53.4569982414641,4,0.3053620250538033,0.3265711095594256,0.9752037107095723,0.15407697922827637
2682524.694,1250884.105,2013,61,Unterstrass,6,Kreis 6,25576.0,4143.0,894.0,0.16198780106349703,0.03495464497966844,12376,5263,0.4252585649644473,25390.0,27440.0,0.08074044899566758,1204.9890683541514,0,107.0014049488525,5,0.3053620250538033,0.3893215922878474,0.9471484623686169,0.15407697922827637
2682724.694,1250884.105,2014,61,Unterstrass,6,Kreis 6,25576.0,4143.0,894.0,0.16198780106349703,0.03495464497966844,12376,5263,0.4252585649644473,25390.0,27440.0,0.08074044899566758,1209.6881643022882,0,129.25974880460237,4,0.3053620250538033,0.3908419441115231,0.9354859302213464,0.15407697922827637
2682724.694,1251084.105,2015,61,Unterstrass,6,Kreis 6,25576.0,4143.0,894.0,0.16198780106349703,0.03495464497966844,12376,5263,0.4252585649644473,25390.0,27440.0,0.08074044899566758,1408.718799069936,0,148.15560286746313,6,0.3053620250538033,0.45523658339449063,0.9255852158246947,0.15407697922827637
2682524.694,1251084.105,2016,61,Unterstrass,6,Kreis 6,25576.0,4143.0,894.0,0.16198780106349703,0.03495464497966844,12376,5263,0.4252585649644473,25390.0,27440.0,0.08074044899566758,1404.0144015400792,0,153.8586450641231,6,0.3053620250538033,0.45371451628993426,0.9225970369472889,0.15407697922827637
2682524.694,1251284.105,2017,61,Unterstrass,6,Kreis 6,25576.0,4143.0,894.0,0.16198780106349703,0.03495464497966844,12376,5263,0.4252585649644473,25390.0,27440.0,0.08074044899566758,1588.6808489221237,0,112.57024767241988,7,0.3053620250538033,0.5134617470653183,0.944230598950404,0.15407697922827637
2682724.694,1251284.105,2018,61,Unterstrass,6,Kreis 6,25576.0,4143.0,894.0,0.16198780106349703,0.03495464497966844,12376,5263,0.4252585649644473,25390.0,27440.0,0.08074044899566758,1542.7451178312963,0,275.93468549809194,5,0.3053620250538033,0.49859963884139363,0.8586337989274542,0.15407697922827637
2682724.694,1251484.105,2019,115,Oerlikon,11,Kreis 11,24205.0,3775.0,925.0,0.15595951249741788,0.03821524478413551,12029,5536,0.46022113226369604,24370.0,27030.0,0.10915059499384488,1440.5095274215698,0,218.71974456149286,5,0.3818023922160809,0.4655221984061503,0.8886122686780191,0.24167439290344803
2682324.694,1251484.105,2020,61,Unterstrass,6,Kreis 6,25576.0,4143.0,894.0,0.16198780106349703,0.03495464497966844,12376,5263,0.4252585649644473,25390.0,27440.0,0.08074044899566758,1722.5651917218834,0,188.77621847300804,6,0.3053620250538033,0.5567788674186375,0.9043015462753448,0.15407697922827637
2682924.694,1250884.105,2021,61,Unterstrass,6,Kreis 6,25576.0,4143.0,894.0,0.16198780106349703,0.03495464497966844,12376,5263,0.4252585649644473,25390.0,27440.0,0.08074044899566758,1246.8729906662804,0,233.18930220109604,3,0.3053620250538033,0.40287277284954354,0.881030766558082,0.15407697922827637
2683324.694,1251084.105,2022,115,Oerlikon,11,Kreis 11,24205.0,3775.0,925.0,0.15595951249741788,0.03821524478413551,12029,5536,0.46022113226369604,24370.0,27030.0,0.10915059499384488,1260.9912365248958,0,366.78433808043013,4,0.3818023922160809,0.4074406091046765,0.8110320096534435,0.24167439290344803
2682924.694,1251084.105,2023,61,Unterstrass,6,Kreis 6,25576.0,4143.0,894.0,0.16198780106349703,0.03495464497966844,12376,5263,0.4252585649644473,25390.0,27440.0,0.08074044899566758,1440.7759905179837,0,71.94130010635055,4,0.3053620250538033,0.46560841023477567,0.9655186341326193,0.15407697922827637
2683124.694,1251084.105,2024,115,Oerlikon,11,Kreis 11,24205.0,3775.0,925.0,0.15595951249741788,0.03821524478413551,12029,5536,0.46022113226369604,24370.0,27030.0,0.10915059499384488,1379.04013668656,0,172.7806431896977,2,0.3818023922160809,0.44563430904707874,0.9126826240484559,0.24167439290344803
2683124.694,1251284.105,2025,115,Oerlikon,11,Kreis 11,24205.0,3775.0,925.0,0.15595951249741788,0.03821524478413551,12029,5536,0.46022113226369604,24370.0,27030.0,0.10915059499384488,1231.5668469849697,0,195.4164186065782,2,0.3818023922160809,0.39792060253504935,0.9008223320074752,0.24167439290344803
2683324.694,1251284.105,2026,115,Oerlikon,11,Kreis 11,24205.0,3775.0,925.0,0.15595951249741788,0.03821524478413551,12029,5536,0.46022113226369604,24370.0,27030.0,0.10915059499384488,1097.7723345906472,0,315.69791995050434,4,0.3818023922160809,0.35463254603193367,0.8377993647446558,0.24167439290344803
2682924.694,1251284.105,2027,115,Oerlikon,11,Kreis 11,24205.0,3775.0,925.0,0.15595951249741788,0.03821524478413551,12029,5536,0.46022113226369604,24370.0,27030.0,0.10915059499384488,1381.452025440044,0,144.28288415811676,3,0.3818023922160809,0.44641465477854153,0.9276143742714235,0.24167439290344803
2683324.694,1251484.105,2028,115,Oerlikon,11,Kreis 11,24205.0,3775.0,925.0,0.15595951249741788,0.03821524478413551,12029,5536,0.46022113226369604,24370.0,27030.0,0.10915059499384488,948.7409017179633,1,253.98263062868608,6,0.3818023922160809,0.3064147157825161,0.8701358472052714,0.24167439290344803
2682924.694,1251484.105,2029,115,Oerlikon,11,Kreis 11,24205.0,3775.0,925.0,0.15595951249741788,0.03821524478413551,12029,5536,0.46022113226369604,24370.0,27030.0,0.10915059499384488,1266.2602017722954,0,146.80591493860288,4,0.3818023922160809,0.40914533720795004,0.9262924013619983,0.24167439290344803
2683124.694,1251484.105,2030,115,Oerlikon,11,Kreis 11,24205.0,3775.0,925.0,0.15595951249741788,0.03821524478413551,12029,5536,0.46022113226369604,24370.0,27030.0,0.10915059499384488,1100.800662514569,0,55.04159028420192,6,0.3818023922160809,0.35561233532175396,0.9743734442819125,0.24167439290344803
2683924.694,1251084.105,2031,115,Oerlikon,11,Kreis 11,24205.0,3775.0,925.0,0.15595951249741788,0.03821524478413551,12029,5536,0.46022113226369604,24370.0,27030.0,0.10915059499384488,1065.4297248495018,0,180.4431064381373,5,0.3818023922160809,0.34416837457319205,0.9086677824887538,0.24167439290344803
2683724.694,1251084.105,2032,115,Oerlikon,11,Kreis 11,24205.0,3775.0,925.0,0.15595951249741788,0.03821524478413551,12029,5536,0.46022113226369604,24370.0,27030.0,0.10915059499384488,1098.5414414544339,0,103.35431612173392,5,0.3818023922160809,0.35488138390114615,0.9490593992723629,0.24167439290344803
2683524.694,1251084.105,2033,115,Oerlikon,11,Kreis 11,24205.0,3775.0,925.0,0.15595951249741788,0.03821524478413551,12029,5536,0.46022113226369604,24370.0,27030.0,0.10915059499384488,1165.523958823964,0,262.30614682263484,3,0.3818023922160809,0.37655299766709455,0.865774638850357,0.24167439290344803
2683524.694,1251284.105,2034,115,Oerlikon,11,Kreis 11,24205.0,3775.0,925.0,0.15595951249741788,0.03821524478413551,12029,5536,0.46022113226369604,24370.0,27030.0,0.10915059499384488,986.6363558032411,1,267.66866581826537,6,0.3818023922160809,0.31867546196932567,0.8629648812788954,0.24167439290344803
2683924.694,1251284.105,2035,115,Oerlikon,11,Kreis 11,24205.0,3775.0,925.0,0.15595951249741788,0.03821524478413551,12029,5536,0.46022113226369604,24370.0,27030.0,0.10915059499384488,866.1095188213205,1,106.83120640069546,6,0.3818023922160809,0.2796800470150978,0.9472376399845331,0.24167439290344803
2683724.694,1251284.105,2036,115,Oerlikon,11,Kreis 11,24205.0,3775.0,925.0,0.15595951249741788,0.03821524478413551,12029,5536,0.46022113226369604,24370.0,27030.0,0.10915059499384488,906.5310246168079,1,109.24882910573619,6,0.3818023922160809,0.29275807536994625,0.9459708969285252,0.24167439290344803
2683524.694,1251484.105,2037,115,Oerlikon,11,Kreis 11,24205.0,3775.0,925.0,0.15595951249741788,0.03821524478413551,12029,5536,0.46022113226369604,24370.0,27030.0,0.10915059499384488,817.5918899993529,1,150.76867267767,9,0.3818023922160809,0.26398258812640535,0.924216065861782,0.24167439290344803
2683724.694,1251484.105,2038,115,Oerlikon,11,Kreis 11,24205.0,3775.0,925.0,0.15595951249741788,0.03821524478413551,12029,5536,0.46022113226369604,24370.0,27030.0,0.10915059499384488,718.8906026599692,1,187.1063672381035,7,0.3818023922160809,0.2320486408604276,0.9051764853020057,0.24167439290344803
2683924.694,1251484.105,2039,115,Oerlikon,11,Kreis 11,24205.0,3775.0,925.0,0.15595951249741788,0.03821524478413551,12029,5536,0.46022113226369604,24370.0,27030.0,0.10915059499384488,667.196296896883,2,187.22955605625023,6,0.3818023922160809,0.2153233956413511,0.9051119390104607,0.24167439290344803
2683724.694,1251684.105,2040,115,Oerlikon,11,Kreis 11,24205.0,3775.0,925.0,0.15595951249741788,0.03821524478413551,12029,5536,0.46022113226369604,24370.0,27030.0,0.10915059499384488,540.1933899936466,1,146.4608912339147,8,0.3818023922160809,0.17423270431400986,0.9264731807620099,0.24167439290344803
2682524.694,1251484.105,2041,115,Oerlikon,11,Kreis 11,24205.0,3775.0,925.0,0.15595951249741788,0.03821524478413551,12029,5536,0.46022113226369604,24370.0,27030.0,0.10915059499384488,1620.7160450221422,0,174.24329732012947,5,0.3818023922160809,0.5238264575011168,0.9119162484848898,0.24167439290344803
2682524.694,1251684.105,2042,115,Oerlikon,11,Kreis 11,24205.0,3775.0,925.0,0.15595951249741788,0.03821524478413551,12029,5536,0.46022113226369604,24370.0,27030.0,0.10915059499384488,1549.7502052241286,0,66.35304560443016,4,0.3818023922160809,0.5008660742388072,0.9684466685900859,0.24167439290344803
2682724.694,1251684.105,2043,115,Oerlikon,11,Kreis 11,24205.0,3775.0,925.0,0.15595951249741788,0.03821524478413551,12029,5536,0.46022113226369604,24370.0,27030.0,0.10915059499384488,1360.1738486650627,0,147.9200008823595,6,0.3818023922160809,0.4395302848441154,0.9257086623732358,0.24167439290344803
2682524.694,1251884.105,2044,115,Oerlikon,11,Kreis 11,24205.0,3775.0,925.0,0.15595951249741788,0.03821524478413551,12029,5536,0.46022113226369604,24370.0,27030.0,0.10915059499384488,1502.2419574064102,0,109.20634899593333,7,0.3818023922160809,0.4854951918379182,0.9459931549028564,0.24167439290344803
2682724.694,1251884.105,2045,115,Oerlikon,11,Kreis 11,24205.0,3775.0,925.0,0.15595951249741788,0.03821524478413551,12029,5536,0.46022113226369604,24370.0,27030.0,0.10915059499384488,1305.7863908742283,0,97.54658713138149,7,0.3818023922160809,0.4219336935955018,0.9521024300787687,0.24167439290344803
2682724.694,1252084.105,2046,115,Oerlikon,11,Kreis 11,24205.0,3775.0,925.0,0.15595951249741788,0.03821524478413551,12029,5536,0.46022113226369604,24370.0,27030.0,0.10915059499384488,1280.6573697099302,0,167.20447560090236,9,0.3818023922160809,0.4138034162876988,0.9156043254196069,0.24167439290344803
2682524.694,1252084.105,2047,115,Oerlikon,11,Kreis 11,24205.0,3775.0,925.0,0.15595951249741788,0.03821524478413551,12029,5536,0.46022113226369604,24370.0,27030.0,0.10915059499384488,1480.4513158467107,0,134.0448680890624,8,0.3818023922160809,0.4784450183577431,0.9329787083073888,0.24167439290344803
2682524.694,1252284.105,2048,111,Affoltern,11,Kreis 11,27439.0,5228.0,1203.0,0.1905317249170888,0.04384270563796057,11812,4358,0.3689468337284118,27700.0,30520.0,0.10180505415162455,1485.5104505160075,0,6.753566539379679,9,0.2526225362487306,0.4800818575935404,0.9996745463271427,0.2190257806835346
2682724.694,1252284.105,2049,115,Oerlikon,11,Kreis 11,24205.0,3775.0,925.0,0.15595951249741788,0.03821524478413551,12029,5536,0.46022113226369604,24370.0,27030.0,0.10915059499384488,1286.5024285217542,0,69.48495276669048,8,0.3818023922160809,0.4156945344776927,0.9668056674356944,0.24167439290344803
2682924.694,1252284.105,2050,115,Oerlikon,11,Kreis 11,24205.0,3775.0,925.0,0.15595951249741788,0.03821524478413551,12029,5536,0.46022113226369604,24370.0,27030.0,0.10915059499384488,1087.8583081414927,0,74.48667438533569,9,0.3818023922160809,0.35142494857950934,0.9641849540732275,0.24167439290344803
2683124.694,1251684.105,2051,115,Oerlikon,11,Kreis 11,24205.0,3775.0,925.0,0.15595951249741788,0.03821524478413551,12029,5536,0.46022113226369604,24370.0,27030.0,0.10915059499384488,993.3616152200207,1,218.7957418712862,8,0.3818023922160809,0.3208513614469788,0.8885724489558369,0.24167439290344803
2682924.694,1251684.105,2052,115,Oerlikon,11,Kreis 11,24205.0,3775.0,925.0,0.15595951249741788,0.03821524478413551,12029,5536,0.46022113226369604,24370.0,27030.0,0.10915059499384488,1174.061369176428,0,257.6702867250177,5,0.3818023922160809,0.37931520289594983,0.8682036545834724,0.24167439290344803
2683324.694,1251684.105,2053,115,Oerlikon,11,Kreis 11,24205.0,3775.0,925.0,0.15595951249741788,0.03821524478413551,12029,5536,0.46022113226369604,24370.0,27030.0,0.10915059499384488,821.653514927447,1,186.33838214645743,7,0.3818023922160809,0.2652966917188129,0.9055788805061589,0.24167439290344803
2683324.694,1251884.105,2054,115,Oerlikon,11,Kreis 11,24205.0,3775.0,925.0,0.15595951249741788,0.03821524478413551,12029,5536,0.46022113226369604,24370.0,27030.0,0.10915059499384488,728.0931936178516,1,92.75396843787819,8,0.3818023922160809,0.23502605951707484,0.9546135814000362,0.24167439290344803
2682924.694,1251884.105,2055,115,Oerlikon,11,Kreis 11,24205.0,3775.0,925.0,0.15595951249741788,0.03821524478413551,12029,5536,0.46022113226369604,24370.0,27030.0,0.10915059499384488,1110.596820899665,0,130.35695862144777,9,0.3818023922160809,0.358781797582192,0.9349110336861779,0.24167439290344803
2683124.694,1251884.105,2056,115,Oerlikon,11,Kreis 11,24205.0,3775.0,925.0,0.15595951249741788,0.03821524478413551,12029,5536,0.46022113226369604,24370.0,27030.0,0.10915059499384488,917.4816066780536,1,194.7077570642252,9,0.3818023922160809,0.296301041419347,0.9011936439106781,0.24167439290344803
2683124.694,1252084.105,2057,115,Oerlikon,11,Kreis 11,24205.0,3775.0,925.0,0.15595951249741788,0.03821524478413551,12029,5536,0.46022113226369604,24370.0,27030.0,0.10915059499384488,881.3499297058784,1,97.7400156587561,10,0.3818023922160809,0.2846109500521153,0.9520010808304452,0.24167439290344803
2682924.694,1252084.105,2058,115,Oerlikon,11,Kreis 11,24205.0,3775.0,925.0,0.15595951249741788,0.03821524478413551,12029,5536,0.46022113226369604,24370.0,27030.0,0.10915059499384488,1080.939636886564,0,34.844980427467185,7,0.3818023922160809,0.3491864723755888,0.9849557056238408,0.24167439290344803
2683324.694,1252084.105,2059,119,Seebach,11,Kreis 11,29320.0,5070.0,1191.0,0.17291950886766713,0.04062073669849932,13596,5592,0.411297440423654,29320.0,34500.0,0.1766712141882674,682.000658791952,1,110.59254342417275,9,0.3095205618483724,0.22011321880179271,0.9452668413376387,0.44986169372045287
2683124.694,1252284.105,2060,115,Oerlikon,11,Kreis 11,24205.0,3775.0,925.0,0.15595951249741788,0.03821524478413551,12029,5536,0.46022113226369604,24370.0,27030.0,0.10915059499384488,889.8218353089403,1,153.05510334856746,8,0.3818023922160809,0.28735196178624056,0.9230180624804586,0.24167439290344803
2683324.694,1252284.105,2061,119,Seebach,11,Kreis 11,29320.0,5070.0,1191.0,0.17291950886766713,0.04062073669849932,13596,5592,0.411297440423654,29320.0,34500.0,0.1766712141882674,692.9142072382921,1,207.52952238404686,8,0.3095205618483724,0.22364420294561405,0.8944755227783843,0.44986169372045287
2683324.694,1252484.105,2062,119,Seebach,11,Kreis 11,29320.0,5070.0,1191.0,0.17291950886766713,0.04062073669849932,13596,5592,0.411297440423654,29320.0,34500.0,0.1766712141882674,758.376752407855,1,141.57593249196293,6,0.3095205618483724,0.24482404286151518,0.9290327147837375,0.44986169372045287
2683124.694,1252484.105,2063,119,Seebach,11,Kreis 11,29320.0,5070.0,1191.0,0.17291950886766713,0.04062073669849932,13596,5592,0.411297440423654,29320.0,34500.0,0.1766712141882674,941.6942702345518,1,208.4894833343716,10,0.3095205618483724,0.3041348391541568,0.8939725394694803,0.44986169372045287
2682924.694,1252684.105,2064,119,Seebach,11,Kreis 11,29320.0,5070.0,1191.0,0.17291950886766713,0.04062073669849932,13596,5592,0.411297440423654,29320.0,34500.0,0.1766712141882674,1073.8623721859371,0,86.62780535705211,6,0.3095205618483724,0.3468966846349278,0.9578234596521011,0.44986169372045287
2683324.694,1252684.105,2065,119,Seebach,11,Kreis 11,29320.0,5070.0,1191.0,0.17291950886766713,0.04062073669849932,13596,5592,0.411297440423654,29320.0,34500.0,0.1766712141882674,866.1065168861733,1,183.53676651004125,8,0.3095205618483724,0.2796790757649624,0.9070468213662584,0.44986169372045287
2683124.694,1252684.105,2066,119,Seebach,11,Kreis 11,29320.0,5070.0,1191.0,0.17291950886766713,0.04062073669849932,13596,5592,0.411297440423654,29320.0,34500.0,0.1766712141882674,1030.4335488485412,0,122.40088505003936,8,0.3095205618483724,0.33284566471751603,0.9390797159742192,0.44986169372045287
2683124.694,1252884.105,2067,119,Seebach,11,Kreis 11,29320.0,5070.0,1191.0,0.17291950886766713,0.04062073669849932,13596,5592,0.411297440423654,29320.0,34500.0,0.1766712141882674,894.573861901206,2,128.38572607977008,6,0.3095205618483724,0.28888943886171314,0.9359438851434134,0.44986169372045287
2683324.694,1252884.105,2068,119,Seebach,11,Kreis 11,29320.0,5070.0,1191.0,0.17291950886766713,0.04062073669849932,13596,5592,0.411297440423654,29320.0,34500.0,0.1766712141882674,869.0264779080028,2,160.56854816866976,6,0.3095205618483724,0.2806238038815187,0.9190813009532279,0.44986169372045287
2682924.694,1253084.105,2069,119,Seebach,11,Kreis 11,29320.0,5070.0,1191.0,0.17291950886766713,0.04062073669849932,13596,5592,0.411297440423654,29320.0,34500.0,0.1766712141882674,673.8821813914357,2,155.71542846156464,6,0.3095205618483724,0.2174865557037049,0.9216241525223057,0.44986169372045287
2683324.694,1253084.105,2070,119,Seebach,11,Kreis 11,29320.0,5070.0,1191.0,0.17291950886766713,0.04062073669849932,13596,5592,0.411297440423654,29320.0,34500.0,0.1766712141882674,683.9735516123008,2,61.84059072314051,5,0.3095205618483724,0.22075153119856836,0.9708110246471766,0.44986169372045287
2682724.694,1252484.105,2071,119,Seebach,11,Kreis 11,29320.0,5070.0,1191.0,0.17291950886766713,0.04062073669849932,13596,5592,0.411297440423654,29320.0,34500.0,0.1766712141882674,1290.7743390681342,0,156.4294047197705,8,0.3095205618483724,0.41707667416188954,0.9212500559085739,0.44986169372045287
2682524.694,1252484.105,2072,119,Seebach,11,Kreis 11,29320.0,5070.0,1191.0,0.17291950886766713,0.04062073669849932,13596,5592,0.411297440423654,29320.0,34500.0,0.1766712141882674,1337.7162607955338,0,199.21749587070502,5,0.3095205618483724,0.43226432665776826,0.8988307109742828,0.44986169372045287
2682924.694,1252484.105,2073,119,Seebach,11,Kreis 11,29320.0,5070.0,1191.0,0.17291950886766713,0.04062073669849932,13596,5592,0.411297440423654,29320.0,34500.0,0.1766712141882674,1130.6816079659584,0,159.96957417265187,8,0.3095205618483724,0.36528005660507584,0.9193951407217754,0.44986169372045287
2682324.694,1252684.105,2074,119,Seebach,11,Kreis 11,29320.0,5070.0,1191.0,0.17291950886766713,0.04062073669849932,13596,5592,0.411297440423654,29320.0,34500.0,0.1766712141882674,1234.236441852543,0,434.20297173198253,3,0.3095205618483724,0.39878432684929743,0.7757071900090937,0.44986169372045287
2682524.694,1252684.105,2075,119,Seebach,11,Kreis 11,29320.0,5070.0,1191.0,0.17291950886766713,0.04062073669849932,13596,5592,0.411297440423654,29320.0,34500.0,0.1766712141882674,1148.892159602815,0,234.9677013143263,6,0.3095205618483724,0.3711719229761409,0.8800989525397912,0.44986169372045287
2682724.694,1252684.105,2076,119,Seebach,11,Kreis 11,29320.0,5070.0,1191.0,0.17291950886766713,0.04062073669849932,13596,5592,0.411297440423654,29320.0,34500.0,0.1766712141882674,1093.8769557847054,0,43.444454893485606,7,0.3095205618483724,0.3533722299335,0.9804499055490673,0.44986169372045287
2682324.694,1252884.105,2077,119,Seebach,11,Kreis 11,29320.0,5070.0,1191.0,0.17291950886766713,0.04062073669849932,13596,5592,0.411297440423654,29320.0,34500.0,0.1766712141882674,1064.8042047235078,0,466.234083546964,1,0.3095205618483724,0.34396599295025926,0.7589240962768735,0.44986169372045287
2682724.694,1252884.105,2078,119,Seebach,11,Kreis 11,29320.0,5070.0,1191.0,0.17291950886766713,0.04062073669849932,13596,5592,0.411297440423654,29320.0,34500.0,0.1766712141882674,898.3513757972712,1,175.2980908652021,4,0.3095205618483724,0.2901116207886687,0.911363576475334,0.44986169372045287
2682924.694,1252884.105,2079,119,Seebach,11,Kreis 11,29320.0,5070.0,1191.0,0.17291950886766713,0.04062073669849932,13596,5592,0.411297440423654,29320.0,34500.0,0.1766712141882674,873.8700100111251,1,22.333800863204054,5,0.3095205618483724,0.2821908867730552,0.9915110915417737,0.44986169372045287
2682524.694,1252884.105,2080,119,Seebach,11,Kreis 11,29320.0,5070.0,1191.0,0.17291950886766713,0.04062073669849932,13596,5592,0.411297440423654,29320.0,34500.0,0.1766712141882674,964.5836378442544,1,289.9169202736036,2,0.3095205618483724,0.31154049593841393,0.8513076355966651,0.44986169372045287
2684724.694,1251284.105,2081,121,Saatlen,12,Kreis 12,8852.0,1415.0,266.0,0.1598508811568007,0.030049706281066426,3488,1087,0.31163990825688076,9110.0,11030.0,0.21075740944017562,800.1226935444948,1,232.88204881643506,6,0.08527843107189367,0.2583305808080991,0.8811917557358568,0.5549601520770427
2685124.694,1251284.105,2082,122,Schwamendingen-Mitte,12,Kreis 12,11383.0,2266.0,533.0,0.1990687867873144,0.04682421154352982,5693,2527,0.44387844721587916,11780.0,14020.0,0.19015280135823429,905.6190836796848,1,177.87301836128637,8,0.39650709576885174,0.29246302477252456,0.9100144116455249,0.49142966624693135
2684924.694,1251284.105,2083,121,Saatlen,12,Kreis 12,8852.0,1415.0,266.0,0.1598508811568007,0.030049706281066426,3488,1087,0.31163990825688076,9110.0,11030.0,0.21075740944017562,830.7653848860488,1,106.35623470673492,5,0.08527843107189367,0.2682447583813267,0.9474865072266675,0.5549601520770427
2684924.694,1251484.105,2084,121,Saatlen,12,Kreis 12,8852.0,1415.0,266.0,0.1598508811568007,0.030049706281066426,3488,1087,0.31163990825688076,9110.0,11030.0,0.21075740944017562,640.5290974849538,1,73.28019282849564,6,0.08527843107189367,0.2066954540743513,0.9648171048762219,0.5549601520770427
2685124.694,1251484.105,2085,121,Saatlen,12,Kreis 12,8852.0,1415.0,266.0,0.1598508811568007,0.030049706281066426,3488,1087,0.31163990825688076,9110.0,11030.0,0.21075740944017562,735.0185880131581,1,129.7982536902371,7,0.08527843107189367,0.23726671093487625,0.9352037739845267,0.5549601520770427
2684724.694,1251484.105,2086,121,Saatlen,12,Kreis 12,8852.0,1415.0,266.0,0.1598508811568007,0.030049706281066426,3488,1087,0.31163990825688076,9110.0,11030.0,0.21075740944017562,600.2522175926734,2,264.4073385157372,5,0.08527843107189367,0.19366421817875845,0.8646736937024522,0.5549601520770427
2684724.694,1251684.105,2087,121,Saatlen,12,Kreis 12,8852.0,1415.0,266.0,0.1598508811568007,0.030049706281066426,3488,1087,0.31163990825688076,9110.0,11030.0,0.21075740944017562,400.5110794034876,2,127.87978988475149,6,0.08527843107189367,0.12903970166310935,0.9362089766154974,0.5549601520770427
2685324.694,1251684.105,2088,121,Saatlen,12,Kreis 12,8852.0,1415.0,266.0,0.1598508811568007,0.030049706281066426,3488,1087,0.31163990825688076,9110.0,11030.0,0.21075740944017562,741.8446769539082,1,156.1163369447351,7,0.08527843107189367,0.23947523293233766,0.921414091607469,0.5549601520770427
2684924.694,1251684.105,2089,121,Saatlen,12,Kreis 12,8852.0,1415.0,266.0,0.1598508811568007,0.030049706281066426,3488,1087,0.31163990825688076,9110.0,11030.0,0.21075740944017562,458.67627442992296,1,83.8501082946339,4,0.08527843107189367,0.14785854709825233,0.9592788680821162,0.5549601520770427
2685124.694,1251684.105,2090,121,Saatlen,12,Kreis 12,8852.0,1415.0,266.0,0.1598508811568007,0.030049706281066426,3488,1087,0.31163990825688076,9110.0,11030.0,0.21075740944017562,583.4027123050435,1,60.78413165447392,4,0.08527843107189367,0.18821270657422554,0.9713645693282386,0.5549601520770427
2684524.694,1251484.105,2091,115,Oerlikon,11,Kreis 11,24205.0,3775.0,925.0,0.15595951249741788,0.03821524478413551,12029,5536,0.46022113226369604,24370.0,27030.0,0.10915059499384488,624.7622945768694,2,229.62584928749553,5,0.3818023922160809,0.20159424145400762,0.8828978813995761,0.24167439290344803
2684324.694,1251484.105,2092,115,Oerlikon,11,Kreis 11,24205.0,3775.0,925.0,0.15595951249741788,0.03821524478413551,12029,5536,0.46022113226369604,24370.0,27030.0,0.10915059499384488,707.35643400268,2,214.94625993724398,3,0.3818023922160809,0.22831686041877783,0.8905894322092656,0.24167439290344803
2684124.694,1251684.105,2093,115,Oerlikon,11,Kreis 11,24205.0,3775.0,925.0,0.15595951249741788,0.03821524478413551,12029,5536,0.46022113226369604,24370.0,27030.0,0.10915059499384488,478.0201863865454,2,195.87315962364053,6,0.3818023922160809,0.154117102391624,0.900583016952007,0.24167439290344803
2684524.694,1251684.105,2094,121,Saatlen,12,Kreis 12,8852.0,1415.0,266.0,0.1598508811568007,0.030049706281066426,3488,1087,0.31163990825688076,9110.0,11030.0,0.21075740944017562,436.38781459268495,2,34.20571094124732,4,0.08527843107189367,0.14064730882296173,0.9852906587084964,0.5549601520770427
2684324.694,1251684.105,2095,115,Oerlikon,11,Kreis 11,24205.0,3775.0,925.0,0.15595951249741788,0.03821524478413551,12029,5536,0.46022113226369604,24370.0,27030.0,0.10915059499384488,548.1418837536613,2,15.617127168650894,5,0.3818023922160809,0.17680437067640978,0.9950303750694751,0.24167439290344803
2684524.694,1251884.105,2096,121,Saatlen,12,Kreis 12,8852.0,1415.0,266.0,0.1598508811568007,0.030049706281066426,3488,1087,0.31163990825688076,9110.0,11030.0,0.21075740944017562,265.595038969112,2,172.08146518724413,6,0.08527843107189367,0.08538878446938056,0.9130489669346619,0.5549601520770427
2683924.694,1251884.105,2097,115,Oerlikon,11,Kreis 11,24205.0,3775.0,925.0,0.15595951249741788,0.03821524478413551,12029,5536,0.46022113226369604,24370.0,27030.0,0.10915059499384488,274.1556101795875,2,168.34972723769144,8,0.3818023922160809,0.08815848319338991,0.9150042567838932,0.24167439290344803
2684324.694,1251884.105,2098,115,Oerlikon,11,Kreis 11,24205.0,3775.0,925.0,0.15595951249741788,0.03821524478413551,12029,5536,0.46022113226369604,24370.0,27030.0,0.10915059499384488,414.55481976831675,2,185.16450702279408,7,0.3818023922160809,0.13358343231056757,0.9061939467687401,0.24167439290344803
2684124.694,1251884.105,2099,115,Oerlikon,11,Kreis 11,24205.0,3775.0,925.0,0.15595951249741788,0.03821524478413551,12029,5536,0.46022113226369604,24370.0,27030.0,0.10915059499384488,288.9783704588317,2,269.0878939323371,7,0.3818023922160809,0.0929542589917947,0.8622212593089977,0.24167439290344803
2684124.694,1252084.105,2100,119,Seebach,11,Kreis 11,29320.0,5070.0,1191.0,0.17291950886766713,0.04062073669849932,13596,5592,0.411297440423654,29320.0,34500.0,0.1766712141882674,136.06505279849014,2,141.1914255929318,7,0.3095205618483724,0.04348047851676954,0.9292341818874834,0.44986169372045287
2683524.694,1251684.105,2101,115,Oerlikon,11,Kreis 11,24205.0,3775.0,925.0,0.15595951249741788,0.03821524478413551,12029,5536,0.46022113226369604,24370.0,27030.0,0.10915059499384488,665.9291993843851,1,94.8661829157938,8,0.3818023922160809,0.214913437207822,0.9535068607288908,0.24167439290344803
2683924.694,1251684.105,2102,115,Oerlikon,11,Kreis 11,24205.0,3775.0,925.0,0.15595951249741788,0.03821524478413551,12029,5536,0.46022113226369604,24370.0,27030.0,0.10915059499384488,469.2079481348624,2,55.67432676748375,8,0.3818023922160809,0.15126597897459246,0.9740419142442399,0.24167439290344803
2683724.694,1251884.105,2103,115,Oerlikon,11,Kreis 11,24205.0,3775.0,925.0,0.15595951249741788,0.03821524478413551,12029,5536,0.46022113226369604,24370.0,27030.0,0.10915059499384488,383.16327928553136,2,171.72257469838513,7,0.3818023922160809,0.12342697107893097,0.9132370120062446,0.24167439290344803
2683524.694,1251884.105,2104,115,Oerlikon,11,Kreis 11,24205.0,3775.0,925.0,0.15595951249741788,0.03821524478413551,12029,5536,0.46022113226369604,24370.0,27030.0,0.10915059499384488,546.3212412058882,1,96.17422035564854,9,0.3818023922160809,0.1762153175376106,0.9528214984759306,0.24167439290344803
2683724.694,1252084.105,2105,119,Seebach,11,Kreis 11,29320.0,5070.0,1191.0,0.17291950886766713,0.04062073669849932,13596,5592,0.411297440423654,29320.0,34500.0,0.1766712141882674,286.0407289056162,2,182.01824815395577,8,0.3095205618483724,0.09200381049233226,0.907842467675743,0.44986169372045287
2683924.694,1252084.105,2106,119,Seebach,11,Kreis 11,29320.0,5070.0,1191.0,0.17291950886766713,0.04062073669849932,13596,5592,0.411297440423654,29320.0,34500.0,0.1766712141882674,100.82905629309478,2,51.656816210336004,7,0.3095205618483724,0.0320801768125132,0.9761469381547512,0.44986169372045287
2683524.694,1252084.105,2107,119,Seebach,11,Kreis 11,29320.0,5070.0,1191.0,0.17291950886766713,0.04062073669849932,13596,5592,0.411297440423654,29320.0,34500.0,0.1766712141882674,483.1895058802047,1,121.8730596193489,9,0.3095205618483724,0.15578959097370187,0.9393562765796923,0.44986169372045287
2683724.694,1252284.105,2108,119,Seebach,11,Kreis 11,29320.0,5070.0,1191.0,0.17291950886766713,0.04062073669849932,13596,5592,0.411297440423654,29320.0,34500.0,0.1766712141882674,311.1663519612466,2,218.2285560165257,6,0.3095205618483724,0.10013298837148621,0.8888696329380545,0.44986169372045287
2683924.694,1252284.105,2109,119,Seebach,11,Kreis 11,29320.0,5070.0,1191.0,0.17291950886766713,0.04062073669849932,13596,5592,0.411297440423654,29320.0,34500.0,0.1766712141882674,158.6559125685842,2,183.0585334284665,7,0.3095205618483724,0.05078955567308564,0.9072973974524172,0.44986169372045287
2683524.694,1252284.105,2110,119,Seebach,11,Kreis 11,29320.0,5070.0,1191.0,0.17291950886766713,0.04062073669849932,13596,5592,0.411297440423654,29320.0,34500.0,0.1766712141882674,498.4749728850693,1,73.11704767702429,8,0.3095205618483724,0.16073507152848707,0.9649025867784711,0.44986169372045287
2686124.694,1251684.105,2111,122,Schwamendingen-Mitte,12,Kreis 12,11383.0,2266.0,533.0,0.1990687867873144,0.04682421154352982,5693,2527,0.44387844721587916,11780.0,14020.0,0.19015280135823429,472.31053103340884,1,167.446835326908,2,0.39650709576885174,0.152269792818781,0.9154773380698713,0.49142966624693135
2685724.694,1251684.105,2112,122,Schwamendingen-Mitte,12,Kreis 12,11383.0,2266.0,533.0,0.1990687867873144,0.04682421154352982,5693,2527,0.44387844721587916,11780.0,14020.0,0.19015280135823429,684.7297552502844,1,185.11685136974862,4,0.39650709576885174,0.2209961943407488,0.9062189165324046,0.49142966624693135
2685924.694,1251684.105,2113,122,Schwamendingen-Mitte,12,Kreis 12,11383.0,2266.0,533.0,0.1990687867873144,0.04682421154352982,5693,2527,0.44387844721587916,11780.0,14020.0,0.19015280135823429,553.1419688697356,1,252.5090942143332,3,0.39650709576885174,0.17842210494033162,0.8709079246749132,0.49142966624693135
2685524.694,1251684.105,2114,122,Schwamendingen-Mitte,12,Kreis 12,11383.0,2266.0,533.0,0.1990687867873144,0.04682421154352982,5693,2527,0.44387844721587916,11780.0,14020.0,0.19015280135823429,843.6490014959664,2,56.485827080746105,4,0.39650709576885174,0.27241314102867265,0.9736167187062307,0.49142966624693135
2685524.694,1251884.105,2115,121,Saatlen,12,Kreis 12,8852.0,1415.0,266.0,0.1598508811568007,0.030049706281066426,3488,1087,0.31163990825688076,9110.0,11030.0,0.21075740944017562,848.7724811307446,2,144.03310959985438,3,0.08527843107189367,0.27407079852115024,0.9277452467134247,0.5549601520770427
2685724.694,1251884.105,2116,121,Saatlen,12,Kreis 12,8852.0,1415.0,266.0,0.1598508811568007,0.030049706281066426,3488,1087,0.31163990825688076,9110.0,11030.0,0.21075740944017562,832.3739770830985,1,231.32282347628853,2,0.08527843107189367,0.2687652044644302,0.8820087309687019,0.5549601520770427
2685724.694,1252084.105,2117,121,Saatlen,12,Kreis 12,8852.0,1415.0,266.0,0.1598508811568007,0.030049706281066426,3488,1087,0.31163990825688076,9110.0,11030.0,0.21075740944017562,998.4177671321532,1,201.65598592913096,2,0.08527843107189367,0.32248723563751114,0.897553034212638,0.5549601520770427
2685524.694,1252084.105,2118,121,Saatlen,12,Kreis 12,8852.0,1415.0,266.0,0.1598508811568007,0.030049706281066426,3488,1087,0.31163990825688076,9110.0,11030.0,0.21075740944017562,824.937042885616,1,56.458273627487216,3,0.08527843107189367,0.26635904877097566,0.9736311556758669,0.5549601520770427
2685524.694,1252284.105,2119,121,Saatlen,12,Kreis 12,8852.0,1415.0,266.0,0.1598508811568007,0.030049706281066426,3488,1087,0.31163990825688076,9110.0,11030.0,0.21075740944017562,848.8978293793012,1,256.18262365154425,2,0.08527843107189367,0.2741113538620905,0.8689831338893511,0.5549601520770427
2685324.694,1252284.105,2120,121,Saatlen,12,Kreis 12,8852.0,1415.0,266.0,0.1598508811568007,0.030049706281066426,3488,1087,0.31163990825688076,9110.0,11030.0,0.21075740944017562,656.2413616383245,1,143.66026124511615,2,0.08527843107189367,0.21177902115263644,0.9279406051799562,0.5549601520770427
2685324.694,1251884.105,2121,121,Saatlen,12,Kreis 12,8852.0,1415.0,266.0,0.1598508811568007,0.030049706281066426,3488,1087,0.31163990825688076,9110.0,11030.0,0.21075740944017562,656.0792061366318,1,222.7427005785703,3,0.08527843107189367,0.2117265571435082,0.8865043915520171,0.5549601520770427
2684724.694,1251884.105,2122,121,Saatlen,12,Kreis 12,8852.0,1415.0,266.0,0.1598508811568007,0.030049706281066426,3488,1087,0.31163990825688076,9110.0,11030.0,0.21075740944017562,201.28468576861817,2,206.8701057692018,7,0.08527843107189367,0.06458172629293149,0.8948210321980838,0.5549601520770427
2685124.694,1251884.105,2123,121,Saatlen,12,Kreis 12,8852.0,1415.0,266.0,0.1598508811568007,0.030049706281066426,3488,1087,0.31163990825688076,9110.0,11030.0,0.21075740944017562,469.5371388132208,1,170.1079382656229,6,0.08527843107189367,0.1513724857694532,0.9140830205603976,0.5549601520770427
2684924.694,1251884.105,2124,121,Saatlen,12,Kreis 12,8852.0,1415.0,266.0,0.1598508811568007,0.030049706281066426,3488,1087,0.31163990825688076,9110.0,11030.0,0.21075740944017562,300.81609784873314,2,182.9558434732665,6,0.08527843107189367,0.09678425323410175,0.9073512031134081,0.5549601520770427
2684924.694,1252084.105,2125,121,Saatlen,12,Kreis 12,8852.0,1415.0,266.0,0.1598508811568007,0.030049706281066426,3488,1087,0.31163990825688076,9110.0,11030.0,0.21075740944017562,224.93715727945698,2,171.53842910857296,5,0.08527843107189367,0.07223427873979082,0.9133334973456247,0.5549601520770427
2685324.694,1252084.105,2126,121,Saatlen,12,Kreis 12,8852.0,1415.0,266.0,0.1598508811568007,0.030049706281066426,3488,1087,0.31163990825688076,9110.0,11030.0,0.21075740944017562,624.9370566104219,1,213.7988228708067,4,0.08527843107189367,0.20165078419741045,0.8911906459276365,0.5549601520770427
2685124.694,1252084.105,2127,121,Saatlen,12,Kreis 12,8852.0,1415.0,266.0,0.1598508811568007,0.030049706281066426,3488,1087,0.31163990825688076,9110.0,11030.0,0.21075740944017562,424.93708325460415,1,343.0787557705819,5,0.08527843107189367,0.1369425238037977,0.8234528401316712,0.5549601520770427
2684724.694,1252084.105,2128,121,Saatlen,12,Kreis 12,8852.0,1415.0,266.0,0.1598508811568007,0.030049706281066426,3488,1087,0.31163990825688076,9110.0,11030.0,0.21075740944017562,24.93841865467707,2,145.42294406655117,5,0.08527843107189367,0.007526417832718839,0.927017025905431,0.5549601520770427
2684924.694,1252284.105,2129,121,Saatlen,12,Kreis 12,8852.0,1415.0,266.0,0.1598508811568007,0.030049706281066426,3488,1087,0.31163990825688076,9110.0,11030.0,0.21075740944017562,301.16959462234524,2,143.76172182131606,3,0.08527843107189367,0.09689862405571431,0.9278874436671645,0.5549601520770427
2685124.694,1252284.105,2130,121,Saatlen,12,Kreis 12,8852.0,1415.0,266.0,0.1598508811568007,0.030049706281066426,3488,1087,0.31163990825688076,9110.0,11030.0,0.21075740944017562,469.7636903007245,1,214.384399294728,3,0.08527843107189367,0.15144578454244786,0.8908838259812414,0.5549601520770427
2684324.694,1252084.105,2131,119,Seebach,11,Kreis 11,29320.0,5070.0,1191.0,0.17291950886766713,0.04062073669849932,13596,5592,0.411297440423654,29320.0,34500.0,0.1766712141882674,326.89585282342716,2,70.79984930081449,8,0.3095205618483724,0.10522213223772428,0.9661167112762004,0.44986169372045287
2684524.694,1252084.105,2132,119,Seebach,11,Kreis 11,29320.0,5070.0,1191.0,0.17291950886766713,0.04062073669849932,13596,5592,0.411297440423654,29320.0,34500.0,0.1766712141882674,175.063202087214,2,45.87653715143041,7,0.3095205618483724,0.05609799219290485,0.9791755862330432,0.44986169372045287
2684324.694,1252284.105,2133,119,Seebach,11,Kreis 11,29320.0,5070.0,1191.0,0.17291950886766713,0.04062073669849932,13596,5592,0.411297440423654,29320.0,34500.0,0.1766712141882674,349.093252001768,2,96.71713736985825,6,0.3095205618483724,0.1124039086249523,0.952537030450252,0.44986169372045287
2684524.694,1252284.105,2134,119,Seebach,11,Kreis 11,29320.0,5070.0,1191.0,0.17291950886766713,0.04062073669849932,13596,5592,0.411297440423654,29320.0,34500.0,0.1766712141882674,265.99534718685084,2,159.2063336083057,5,0.3095205618483724,0.08551830072859057,0.9197950499726826,0.44986169372045287
2684124.694,1252284.105,2135,119,Seebach,11,Kreis 11,29320.0,5070.0,1191.0,0.17291950886766713,0.04062073669849932,13596,5592,0.411297440423654,29320.0,34500.0,0.1766712141882674,183.08167192012988,2,153.22077098411424,5,0.3095205618483724,0.058692298708053973,0.9229312588917528,0.44986169372045287
2684524.694,1252484.105,2136,119,Seebach,11,Kreis 11,29320.0,5070.0,1191.0,0.17291950886766713,0.04062073669849932,13596,5592,0.411297440423654,29320.0,34500.0,0.1766712141882674,436.87518208874934,2,294.0642866127511,5,0.3095205618483724,0.14080499235818206,0.8491345721571621,0.44986169372045287
2684324.694,1252484.105,2137,119,Seebach,11,Kreis 11,29320.0,5070.0,1191.0,0.17291950886766713,0.04062073669849932,13596,5592,0.411297440423654,29320.0,34500.0,0.1766712141882674,465.6944261993953,2,142.41991665858015,4,0.3095205618483724,0.15012920936165658,0.9285904989325156,0.44986169372045287
2684124.694,1252484.105,2138,119,Seebach,11,Kreis 11,29320.0,5070.0,1191.0,0.17291950886766713,0.04062073669849932,13596,5592,0.411297440423654,29320.0,34500.0,0.1766712141882674,358.5025782237615,2,63.29164763997908,5,0.3095205618483724,0.11544821468702353,0.9700507255858527,0.44986169372045287
2684124.694,1252684.105,2139,119,Seebach,11,Kreis 11,29320.0,5070.0,1191.0,0.17291950886766713,0.04062073669849932,13596,5592,0.411297440423654,29320.0,34500.0,0.1766712141882674,550.9349313604089,2,229.8865647683131,4,0.3095205618483724,0.17770803705594293,0.882761276327068,0.44986169372045287
2684324.694,1252684.105,2140,119,Seebach,11,Kreis 11,29320.0,5070.0,1191.0,0.17291950886766713,0.04062073669849932,13596,5592,0.411297440423654,29320.0,34500.0,0.1766712141882674,626.0003982372522,2,262.9171593126425,2,0.3095205618483724,0.20199481917762463,0.8654544913652934,0.44986169372045287
2685724.694,1252284.105,2141,121,Saatlen,12,Kreis 12,8852.0,1415.0,266.0,0.1598508811568007,0.030049706281066426,3488,1087,0.31163990825688076,9110.0,11030.0,0.21075740944017562,1044.3190722786098,0,321.10300008103695,2,0.08527843107189367,0.3373382056450889,0.8349673067447689,0.5549601520770427
2685524.694,1252484.105,2142,121,Saatlen,12,Kreis 12,8852.0,1415.0,266.0,0.1598508811568007,0.030049706281066426,3488,1087,0.31163990825688076,9110.0,11030.0,0.21075740944017562,916.915440335102,1,244.45423019670005,2,0.08527843107189367,0.29611786319921474,0.8751283694284105,0.5549601520770427
2685724.694,1252484.105,2143,121,Saatlen,12,Kreis 12,8852.0,1415.0,266.0,0.1598508811568007,0.030049706281066426,3488,1087,0.31163990825688076,9110.0,11030.0,0.21075740944017562,1100.3221004437205,0,440.9483764128346,2,0.08527843107189367,0.3554575007056519,0.7721728525288833,0.5549601520770427
2685724.694,1252684.105,2144,121,Saatlen,12,Kreis 12,8852.0,1415.0,266.0,0.1598508811568007,0.030049706281066426,3488,1087,0.31163990825688076,9110.0,11030.0,0.21075740944017562,1187.7773885391596,0,508.8000301308043,0,0.08527843107189367,0.3837529022495816,0.7366211467119714,0.5549601520770427
2685524.694,1252684.105,2145,121,Saatlen,12,Kreis 12,8852.0,1415.0,266.0,0.1598508811568007,0.030049706281066426,3488,1087,0.31163990825688076,9110.0,11030.0,0.21075740944017562,1020.2158226203603,0,352.4200202330364,1,0.08527843107189367,0.32953980783008785,0.8185583700940279,0.5549601520770427
2684724.694,1252284.105,2146,119,Seebach,11,Kreis 11,29320.0,5070.0,1191.0,0.17291950886766713,0.04062073669849932,13596,5592,0.411297440423654,29320.0,34500.0,0.1766712141882674,201.81259803347393,2,111.30962519466058,4,0.3095205618483724,0.06475252773718215,0.9448911175526736,0.44986169372045287
2685324.694,1252484.105,2147,121,Saatlen,12,Kreis 12,8852.0,1415.0,266.0,0.1598508811568007,0.030049706281066426,3488,1087,0.31163990825688076,9110.0,11030.0,0.21075740944017562,742.1314740158558,1,71.2760174322862,1,0.08527843107189367,0.23956802363952245,0.9658672171459639,0.5549601520770427
2684724.694,1252484.105,2148,119,Seebach,11,Kreis 11,29320.0,5070.0,1191.0,0.17291950886766713,0.04062073669849932,13596,5592,0.411297440423654,29320.0,34500.0,0.1766712141882674,401.04204857476617,2,289.1916884368712,3,0.3095205618483724,0.1292114921429758,0.8516876297087577,0.44986169372045287
2685124.694,1252484.105,2149,121,Saatlen,12,Kreis 12,8852.0,1415.0,266.0,0.1598508811568007,0.030049706281066426,3488,1087,0.31163990825688076,9110.0,11030.0,0.21075740944017562,583.7673549668392,1,174.3636162189633,2,0.08527843107189367,0.18833068355149302,0.9118532059227537,0.5549601520770427
2685324.694,1252684.105,2150,121,Saatlen,12,Kreis 12,8852.0,1415.0,266.0,0.1598508811568007,0.030049706281066426,3488,1087,0.31163990825688076,9110.0,11030.0,0.21075740944017562,866.5249706297975,1,263.6707618622135,1,0.08527843107189367,0.2798144628520244,0.8650596320703883,0.5549601520770427
2683524.694,1252484.105,2151,119,Seebach,11,Kreis 11,29320.0,5070.0,1191.0,0.17291950886766713,0.04062073669849932,13596,5592,0.411297440423654,29320.0,34500.0,0.1766712141882674,586.0737996129709,1,99.60594691594719,3,0.3095205618483724,0.1890769137546332,0.9510234032721948,0.44986169372045287
2683924.694,1252484.105,2152,119,Seebach,11,Kreis 11,29320.0,5070.0,1191.0,0.17291950886766713,0.04062073669849932,13596,5592,0.411297440423654,29320.0,34500.0,0.1766712141882674,346.665398609357,2,260.24648443529384,8,0.3095205618483724,0.11161839767273757,0.8668538242093649,0.44986169372045287
2683724.694,1252484.105,2153,119,Seebach,11,Kreis 11,29320.0,5070.0,1191.0,0.17291950886766713,0.04062073669849932,13596,5592,0.411297440423654,29320.0,34500.0,0.1766712141882674,437.983673888519,1,229.2814224070606,6,0.3095205618483724,0.14116363528607917,0.8830783480862033,0.44986169372045287
2683724.694,1252684.105,2154,119,Seebach,11,Kreis 11,29320.0,5070.0,1191.0,0.17291950886766713,0.04062073669849932,13596,5592,0.411297440423654,29320.0,34500.0,0.1766712141882674,605.6689678305293,1,31.811486306010718,4,0.3095205618483724,0.19541676083662549,0.9865451420589736,0.44986169372045287
2683924.694,1252684.105,2155,119,Seebach,11,Kreis 11,29320.0,5070.0,1191.0,0.17291950886766713,0.04062073669849932,13596,5592,0.411297440423654,29320.0,34500.0,0.1766712141882674,543.3066340410345,2,188.91683530339785,5,0.3095205618483724,0.17523996748063456,0.9042278683631202,0.44986169372045287
2683524.694,1252684.105,2156,119,Seebach,11,Kreis 11,29320.0,5070.0,1191.0,0.17291950886766713,0.04062073669849932,13596,5592,0.411297440423654,29320.0,34500.0,0.1766712141882674,720.0608992250578,1,153.503565629646,5,0.3095205618483724,0.2324272801852278,0.9227830851702052,0.44986169372045287
2683924.694,1252884.105,2157,119,Seebach,11,Kreis 11,29320.0,5070.0,1191.0,0.17291950886766713,0.04062073669849932,13596,5592,0.411297440423654,29320.0,34500.0,0.1766712141882674,741.7461146463882,2,95.20835394556369,5,0.3095205618483724,0.23944334395078937,0.9533275760228759,0.44986169372045287
2683524.694,1252884.105,2158,119,Seebach,11,Kreis 11,29320.0,5070.0,1191.0,0.17291950886766713,0.04062073669849932,13596,5592,0.411297440423654,29320.0,34500.0,0.1766712141882674,823.6325754274066,2,221.04266253609973,5,0.3095205618483724,0.2659369996149458,0.8873951473265881,0.44986169372045287
2683724.694,1252884.105,2159,119,Seebach,11,Kreis 11,29320.0,5070.0,1191.0,0.17291950886766713,0.04062073669849932,13596,5592,0.411297440423654,29320.0,34500.0,0.1766712141882674,788.5683854891172,2,128.01183797200198,5,0.3095205618483724,0.2545922844385029,0.9361397884012922,0.44986169372045287
2683924.694,1253084.105,2160,119,Seebach,11,Kreis 11,29320.0,5070.0,1191.0,0.17291950886766713,0.04062073669849932,13596,5592,0.411297440423654,29320.0,34500.0,0.1766712141882674,690.8767034030941,2,171.77494188913667,4,0.3095205618483724,0.22298498621418772,0.9132095735746362,0.44986169372045287
2684524.694,1252684.105,2161,119,Seebach,11,Kreis 11,29320.0,5070.0,1191.0,0.17291950886766713,0.04062073669849932,13596,5592,0.411297440423654,29320.0,34500.0,0.1766712141882674,625.2730001568135,2,406.69771656733343,2,0.3095205618483724,0.20175947582427778,0.7901189056630297,0.44986169372045287
2684324.694,1252884.105,2162,119,Seebach,11,Kreis 11,29320.0,5070.0,1191.0,0.17291950886766713,0.04062073669849932,13596,5592,0.411297440423654,29320.0,34500.0,0.1766712141882674,804.289561410076,2,444.9353128950567,3,0.3095205618483724,0.25967873484206044,0.7700838482797632,0.44986169372045287
2684124.694,1252884.105,2163,119,Seebach,11,Kreis 11,29320.0,5070.0,1191.0,0.17291950886766713,0.04062073669849932,13596,5592,0.411297440423654,29320.0,34500.0,0.1766712141882674,747.3516565801622,3,285.9059822058247,4,0.3095205618483724,0.2412569685278919,0.8534092157707938,0.44986169372045287
2684324.694,1253084.105,2164,119,Seebach,11,Kreis 11,29320.0,5070.0,1191.0,0.17291950886766713,0.04062073669849932,13596,5592,0.411297440423654,29320.0,34500.0,0.1766712141882674,940.0201164364063,2,317.14676202203464,1,0.3095205618483724,0.3035931811824498,0.837040226178685,0.44986169372045287
2684124.694,1253084.105,2165,119,Seebach,11,Kreis 11,29320.0,5070.0,1191.0,0.17291950886766713,0.04062073669849932,13596,5592,0.411297440423654,29320.0,34500.0,0.1766712141882674,800.296332182724,2,252.0009298812356,3,0.3095205618483724,0.258386760086668,0.8711741836072603,0.44986169372045287
2684324.694,1253284.105,2166,119,Seebach,11,Kreis 11,29320.0,5070.0,1191.0,0.17291950886766713,0.04062073669849932,13596,5592,0.411297440423654,29320.0,34500.0,0.1766712141882674,822.344586718409,1,199.55968696370923,1,0.3095205618483724,0.2655202820156011,0.8986514157558904,0.44986169372045287
2684124.694,1253284.105,2167,119,Seebach,11,Kreis 11,29320.0,5070.0,1191.0,0.17291950886766713,0.04062073669849932,13596,5592,0.411297440423654,29320.0,34500.0,0.1766712141882674,658.0934730758822,1,52.40676159619075,3,0.3095205618483724,0.2123782557783644,0.9757539950756116,0.44986169372045287
2684524.694,1253284.105,2168,119,Seebach,11,Kreis 11,29320.0,5070.0,1191.0,0.17291950886766713,0.04062073669849932,13596,5592,0.411297440423654,29320.0,34500.0,0.1766712141882674,999.7070667475873,0,396.10815273244157,1,0.3095205618483724,0.3229043773692876,0.7956674374608299,0.44986169372045287
2684324.694,1253484.105,2169,119,Seebach,11,Kreis 11,29320.0,5070.0,1191.0,0.17291950886766713,0.04062073669849932,13596,5592,0.411297440423654,29320.0,34500.0,0.1766712141882674,740.853169869055,1,243.0351181641167,1,0.3095205618483724,0.23915443939645728,0.8758719305759891,0.44986169372045287
2684124.694,1253484.105,2170,119,Seebach,11,Kreis 11,29320.0,5070.0,1191.0,0.17291950886766713,0.04062073669849932,13596,5592,0.411297440423654,29320.0,34500.0,0.1766712141882674,552.9012744650105,1,148.28509251098885,2,0.3095205618483724,0.1783442303488759,0.9255173681384453,0.44986169372045287
2682724.694,1253084.105,2171,119,Seebach,11,Kreis 11,29320.0,5070.0,1191.0,0.17291950886766713,0.04062073669849932,13596,5592,0.411297440423654,29320.0,34500.0,0.1766712141882674,705.3393469790876,1,303.08942353855923,5,0.3095205618483724,0.22766424937004043,0.8444057410180221,0.44986169372045287
2682524.694,1253084.105,2172,119,Seebach,11,Kreis 11,29320.0,5070.0,1191.0,0.17291950886766713,0.04062073669849932,13596,5592,0.411297440423654,29320.0,34500.0,0.1766712141882674,787.9657317402146,1,432.8915761029882,3,0.3095205618483724,0.2543973010339711,0.7763943118264245,0.44986169372045287
2682724.694,1253284.105,2173,119,Seebach,11,Kreis 11,29320.0,5070.0,1191.0,0.17291950886766713,0.04062073669849932,13596,5592,0.411297440423654,29320.0,34500.0,0.1766712141882674,517.6601147441451,2,150.04904751772145,4,0.3095205618483724,0.1669422581309415,0.9245931222868365,0.44986169372045287
2682524.694,1253284.105,2174,119,Seebach,11,Kreis 11,29320.0,5070.0,1191.0,0.17291950886766713,0.04062073669849932,13596,5592,0.411297440423654,29320.0,34500.0,0.1766712141882674,625.5864403876793,1,324.094302111163,1,0.3095205618483724,0.20186088669817132,0.8333999773731576,0.44986169372045287
2682924.694,1253284.105,2175,119,Seebach,11,Kreis 11,29320.0,5070.0,1191.0,0.17291950886766713,0.04062073669849932,13596,5592,0.411297440423654,29320.0,34500.0,0.1766712141882674,473.9046258446055,2,141.39418892242028,4,0.3095205618483724,0.15278554839816555,0.9291279415551491,0.44986169372045287
2682524.694,1253484.105,2176,119,Seebach,11,Kreis 11,29320.0,5070.0,1191.0,0.17291950886766713,0.04062073669849932,13596,5592,0.411297440423654,29320.0,34500.0,0.1766712141882674,491.75887831025807,1,320.43582299879387,2,0.3095205618483724,0.15856213725613172,0.8353168823565039,0.44986169372045287
2682324.694,1253484.105,2177,119,Seebach,11,Kreis 11,29320.0,5070.0,1191.0,0.17291950886766713,0.04062073669849932,13596,5592,0.411297440423654,29320.0,34500.0,0.1766712141882674,667.2429800282422,1,514.9772001369194,0,0.3095205618483724,0.21533849956446316,0.7333845427560639,0.44986169372045287
2682724.694,1253484.105,2178,119,Seebach,11,Kreis 11,29320.0,5070.0,1191.0,0.17291950886766713,0.04062073669849932,13596,5592,0.411297440423654,29320.0,34500.0,0.1766712141882674,344.15170259197794,2,141.97435212378318,2,0.3095205618483724,0.1108051130821763,0.9288239579330787,0.44986169372045287
2682524.694,1253684.105,2179,119,Seebach,11,Kreis 11,29320.0,5070.0,1191.0,0.17291950886766713,0.04062073669849932,13596,5592,0.411297440423654,29320.0,34500.0,0.1766712141882674,415.0845629471168,1,351.94199047699226,2,0.3095205618483724,0.13375482613117848,0.8188088396452823,0.44986169372045287
2682724.694,1253684.105,2180,119,Seebach,11,Kreis 11,29320.0,5070.0,1191.0,0.17291950886766713,0.04062073669849932,13596,5592,0.411297440423654,29320.0,34500.0,0.1766712141882674,221.15332779995197,2,154.08038376432268,3,0.3095205618483724,0.07101005346047422,0.9224808542368352,0.44986169372045287
2683124.694,1253084.105,2181,119,Seebach,11,Kreis 11,29320.0,5070.0,1191.0,0.17291950886766713,0.04062073669849932,13596,5592,0.411297440423654,29320.0,34500.0,0.1766712141882674,700.5218015143239,2,155.3219065715532,5,0.3095205618483724,0.2261055742304323,0.9218303431410981,0.44986169372045287
2683324.694,1253284.105,2182,119,Seebach,11,Kreis 11,29320.0,5070.0,1191.0,0.17291950886766713,0.04062073669849932,13596,5592,0.411297440423654,29320.0,34500.0,0.1766712141882674,510.3259931701507,2,248.72928790349462,5,0.3095205618483724,0.1645693665719805,0.8728884005313513,0.44986169372045287
2683124.694,1253284.105,2183,119,Seebach,11,Kreis 11,29320.0,5070.0,1191.0,0.17291950886766713,0.04062073669849932,13596,5592,0.411297440423654,29320.0,34500.0,0.1766712141882674,511.0765054244908,2,312.20172430831116,5,0.3095205618483724,0.16481218831624164,0.8396312393142318,0.44986169372045287
2682924.694,1253484.105,2184,119,Seebach,11,Kreis 11,29320.0,5070.0,1191.0,0.17291950886766713,0.04062073669849932,13596,5592,0.411297440423654,29320.0,34500.0,0.1766712141882674,273.95984084706885,2,132.79426441311998,4,0.3095205618483724,0.08809514372022327,0.9336339774356176,0.44986169372045287
2683124.694,1253484.105,2185,119,Seebach,11,Kreis 11,29320.0,5070.0,1191.0,0.17291950886766713,0.04062073669849932,13596,5592,0.411297440423654,29320.0,34500.0,0.1766712141882674,334.1670157225954,2,308.40219950751856,5,0.3095205618483724,0.10757465406234815,0.8416220469152271,0.44986169372045287
2683324.694,1253484.105,2186,119,Seebach,11,Kreis 11,29320.0,5070.0,1191.0,0.17291950886766713,0.04062073669849932,13596,5592,0.411297440423654,29320.0,34500.0,0.1766712141882674,364.75391609283196,2,202.2668699045766,5,0.3095205618483724,0.11747078094967298,0.8972329540643548,0.44986169372045287
2683324.694,1253684.105,2187,119,Seebach,11,Kreis 11,29320.0,5070.0,1191.0,0.17291950886766713,0.04062073669849932,13596,5592,0.411297440423654,29320.0,34500.0,0.1766712141882674,292.67425459888466,2,46.409984496738026,5,0.3095205618483724,0.0941500303176923,0.9788960799564826,0.44986169372045287
2683124.694,1253684.105,2188,119,Seebach,11,Kreis 11,29320.0,5070.0,1191.0,0.17291950886766713,0.04062073669849932,13596,5592,0.411297440423654,29320.0,34500.0,0.1766712141882674,205.27053952523508,2,146.0974149702623,6,0.3095205618483724,0.06587131477860177,0.9266636286065166,0.44986169372045287
2682924.694,1253684.105,2189,119,Seebach,11,Kreis 11,29320.0,5070.0,1191.0,0.17291950886766713,0.04062073669849932,13596,5592,0.411297440423654,29320.0,34500.0,0.1766712141882674,74.31281448705231,2,60.15284416396777,4,0.3095205618483724,0.023501076272370622,0.9716953401483819,0.44986169372045287
2682924.694,1253884.105,2190,119,Seebach,11,Kreis 11,29320.0,5070.0,1191.0,0.17291950886766713,0.04062073669849932,13596,5592,0.411297440423654,29320.0,34500.0,0.1766712141882674,126.45471283041536,2,173.37925095295324,4,0.3095205618483724,0.040371136196913494,0.9123689761720544,0.44986169372045287
2683324.694,1253884.105,2191,119,Seebach,11,Kreis 11,29320.0,5070.0,1191.0,0.17291950886766713,0.04062073669849932,13596,5592,0.411297440423654,29320.0,34500.0,0.1766712141882674,343.90553834587894,2,123.32853952346778,5,0.3095205618483724,0.11072546877088515,0.9385936600399578,0.44986169372045287
2683124.694,1253884.105,2192,119,Seebach,11,Kreis 11,29320.0,5070.0,1191.0,0.17291950886766713,0.04062073669849932,13596,5592,0.411297440423654,29320.0,34500.0,0.1766712141882674,229.35647886427114,2,76.06874956896276,4,0.3095205618483724,0.07366411198964085,0.963356006384755,0.44986169372045287
2683124.694,1254084.105,2193,119,Seebach,11,Kreis 11,29320.0,5070.0,1191.0,0.17291950886766713,0.04062073669849932,13596,5592,0.411297440423654,29320.0,34500.0,0.1766712141882674,378.2496456006966,2,261.8670056745035,4,0.3095205618483724,0.12183720742735564,0.8660047322387269,0.44986169372045287
2683324.694,1254084.105,2194,119,Seebach,11,Kreis 11,29320.0,5070.0,1191.0,0.17291950886766713,0.04062073669849932,13596,5592,0.411297440423654,29320.0,34500.0,0.1766712141882674,480.5037141426951,2,98.24422965744148,3,0.3095205618483724,0.1549206263023687,0.9517368917242439,0.44986169372045287
2682924.694,1254084.105,2195,119,Seebach,11,Kreis 11,29320.0,5070.0,1191.0,0.17291950886766713,0.04062073669849932,13596,5592,0.411297440423654,29320.0,34500.0,0.1766712141882674,326.2808520233122,2,358.26087514676294,3,0.3095205618483724,0.10502315405163562,0.8154979825539512,0.44986169372045287
2683724.694,1253084.105,2196,119,Seebach,11,Kreis 11,29320.0,5070.0,1191.0,0.17291950886766713,0.04062073669849932,13596,5592,0.411297440423654,29320.0,34500.0,0.1766712141882674,627.8112927505626,2,143.637560063513,6,0.3095205618483724,0.20258071842424194,0.9279524997423705,0.44986169372045287
2683524.694,1253084.105,2197,119,Seebach,11,Kreis 11,29320.0,5070.0,1191.0,0.17291950886766713,0.04062073669849932,13596,5592,0.411297440423654,29320.0,34500.0,0.1766712141882674,625.2866697004972,2,164.01786079887952,5,0.3095205618483724,0.2017638984868277,0.9172739913125596,0.44986169372045287
2683724.694,1253284.105,2198,119,Seebach,11,Kreis 11,29320.0,5070.0,1191.0,0.17291950886766713,0.04062073669849932,13596,5592,0.411297440423654,29320.0,34500.0,0.1766712141882674,432.1571696791444,2,62.23944618159654,5,0.3095205618483724,0.13927852027711898,0.9706020394398087,0.44986169372045287
2683924.694,1253284.105,2199,119,Seebach,11,Kreis 11,29320.0,5070.0,1191.0,0.17291950886766713,0.04062073669849932,13596,5592,0.411297440423654,29320.0,34500.0,0.1766712141882674,519.5415472366794,1,186.95279794922968,4,0.3095205618483724,0.16755097933023547,0.9052569498136481,0.44986169372045287
2683524.694,1253284.105,2200,119,Seebach,11,Kreis 11,29320.0,5070.0,1191.0,0.17291950886766713,0.04062073669849932,13596,5592,0.411297440423654,29320.0,34500.0,0.1766712141882674,428.48129399670967,2,229.77412530774262,5,0.3095205618483724,0.13808922251451197,0.8828201903609253,0.44986169372045287
2683724.694,1253484.105,2201,119,Seebach,11,Kreis 11,29320.0,5070.0,1191.0,0.17291950886766713,0.04062073669849932,13596,5592,0.411297440423654,29320.0,34500.0,0.1766712141882674,243.66497348828125,2,175.59132854741557,4,0.3095205618483724,0.07829350158622762,0.911209930996687,0.44986169372045287
2683524.694,1253484.105,2202,119,Seebach,11,Kreis 11,29320.0,5070.0,1191.0,0.17291950886766713,0.04062073669849932,13596,5592,0.411297440423654,29320.0,34500.0,0.1766712141882674,237.08441388048004,2,70.3897340596823,5,0.3095205618483724,0.07616441847940278,0.9663315961847446,0.44986169372045287
2683924.694,1253684.105,2203,119,Seebach,11,Kreis 11,29320.0,5070.0,1191.0,0.17291950886766713,0.04062073669849932,13596,5592,0.411297440423654,29320.0,34500.0,0.1766712141882674,308.4623466567595,2,390.3228338966254,3,0.3095205618483724,0.09925813085819458,0.7986987261920212,0.44986169372045287
2683724.694,1253684.105,2204,119,Seebach,11,Kreis 11,29320.0,5070.0,1191.0,0.17291950886766713,0.04062073669849932,13596,5592,0.411297440423654,29320.0,34500.0,0.1766712141882674,109.47793980981211,2,215.57902184822854,4,0.3095205618483724,0.03487844821887032,0.8902578888484365,0.44986169372045287
2683524.694,1253684.105,2205,119,Seebach,11,Kreis 11,29320.0,5070.0,1191.0,0.17291950886766713,0.04062073669849932,13596,5592,0.411297440423654,29320.0,34500.0,0.1766712141882674,93.92454048334122,2,143.51555546694354,4,0.3095205618483724,0.029846280480364747,0.9280164255465015,0.44986169372045287
2683924.694,1253484.105,2206,119,Seebach,11,Kreis 11,29320.0,5070.0,1191.0,0.17291950886766713,0.04062073669849932,13596,5592,0.411297440423654,29320.0,34500.0,0.1766712141882674,377.5396923570273,1,254.77611477714876,3,0.3095205618483724,0.12160750819996169,0.8697200914576844,0.44986169372045287
2684124.694,1253684.105,2207,119,Seebach,11,Kreis 11,29320.0,5070.0,1191.0,0.17291950886766713,0.04062073669849932,13596,5592,0.411297440423654,29320.0,34500.0,0.1766712141882674,508.24464513164224,1,348.18166043171357,1,0.3095205618483724,0.16389596442804158,0.8207791106736042,0.44986169372045287
2684324.694,1253684.105,2208,119,Seebach,11,Kreis 11,29320.0,5070.0,1191.0,0.17291950886766713,0.04062073669849932,13596,5592,0.411297440423654,29320.0,34500.0,0.1766712141882674,708.1498565310757,1,397.87946499038964,1,0.3095205618483724,0.22857356541082421,0.7947393366872479,0.44986169372045287
2684124.694,1253884.105,2209,119,Seebach,11,Kreis 11,29320.0,5070.0,1191.0,0.17291950886766713,0.04062073669849932,13596,5592,0.411297440423654,29320.0,34500.0,0.1766712141882674,539.3750265862751,1,548.1536907300522,0,0.3095205618483724,0.17396792991643237,0.7160013137708545,0.44986169372045287
2684324.694,1253884.105,2210,119,Seebach,11,Kreis 11,29320.0,5070.0,1191.0,0.17291950886766713,0.04062073669849932,13596,5592,0.411297440423654,29320.0,34500.0,0.1766712141882674,730.8139430148682,1,580.9905925753285,0,0.3095205618483724,0.23590633443658543,0.698796016473393,0.44986169372045287
2683724.694,1253884.105,2211,119,Seebach,11,Kreis 11,29320.0,5070.0,1191.0,0.17291950886766713,0.04062073669849932,13596,5592,0.411297440423654,29320.0,34500.0,0.1766712141882674,211.18290485964266,2,370.62801926068516,3,0.3095205618483724,0.06778420941144442,0.8090180657760779,0.44986169372045287
2683924.694,1253884.105,2212,119,Seebach,11,Kreis 11,29320.0,5070.0,1191.0,0.17291950886766713,0.04062073669849932,13596,5592,0.411297440423654,29320.0,34500.0,0.1766712141882674,357.437853766149,1,497.9898740547695,1,0.3095205618483724,0.11510373230387809,0.7422852605189473,0.44986169372045287
2683524.694,1253884.105,2213,119,Seebach,11,Kreis 11,29320.0,5070.0,1191.0,0.17291950886766713,0.04062073669849932,13596,5592,0.411297440423654,29320.0,34500.0,0.1766712141882674,203.55495401724528,2,190.49285724416336,4,0.3095205618483724,0.06531625193576322,0.9034020923454569,0.44986169372045287
2683524.694,1254084.105,2214,119,Seebach,11,Kreis 11,29320.0,5070.0,1191.0,0.17291950886766713,0.04062073669849932,13596,5592,0.411297440423654,29320.0,34500.0,0.1766712141882674,392.4887505456926,2,175.29839891179196,3,0.3095205618483724,0.12644414659386016,0.9113634150705466,0.44986169372045287
2683724.694,1254084.105,2215,119,Seebach,11,Kreis 11,29320.0,5070.0,1191.0,0.17291950886766713,0.04062073669849932,13596,5592,0.411297440423654,29320.0,34500.0,0.1766712141882674,396.49844804855536,2,363.0525150182703,1,0.3095205618483724,0.12774144951726235,0.8129873440984687,0.44986169372045287
2680524.694,1250684.105,2216,101,Höngg,10,Kreis 10,24981.0,5847.0,1658.0,0.2340578839918338,0.06637044153556704,11293,4606,0.407863278136899,24990.0,26800.0,0.07242897158863545,502.1857176326749,1,262.4381654047321,6,0.4317706959540163,0.16193565087534081,0.8657054660957386,0.12845008084055437
2680724.694,1250684.105,2217,101,Höngg,10,Kreis 10,24981.0,5847.0,1658.0,0.2340578839918338,0.06637044153556704,11293,4606,0.407863278136899,24990.0,26800.0,0.07242897158863545,702.1712718378199,1,89.48007968805885,6,0.4317706959540163,0.22663924607755012,0.9563289755479027,0.12845008084055437
2680524.694,1250884.105,2218,101,Höngg,10,Kreis 10,24981.0,5847.0,1658.0,0.2340578839918338,0.06637044153556704,11293,4606,0.407863278136899,24990.0,26800.0,0.07242897158863545,537.8993353725239,1,139.65889395601675,4,0.4317706959540163,0.1734904827962265,0.9300371706272594,0.12845008084055437
2680724.694,1250884.105,2219,101,Höngg,10,Kreis 10,24981.0,5847.0,1658.0,0.2340578839918338,0.06637044153556704,11293,4606,0.407863278136899,24990.0,26800.0,0.07242897158863545,728.1412603295461,1,272.85286265856536,3,0.4317706959540163,0.23504161108562957,0.8602485577869228,0.12845008084055437
2680924.694,1251084.105,2220,101,Höngg,10,Kreis 10,24981.0,5847.0,1658.0,0.2340578839918338,0.06637044153556704,11293,4606,0.407863278136899,24990.0,26800.0,0.07242897158863545,983.9659013372135,1,412.7971446861955,3,0.4317706959540163,0.31781145953943746,0.7869230355220524,0.12845008084055437
2680524.694,1251084.105,2221,101,Höngg,10,Kreis 10,24981.0,5847.0,1658.0,0.2340578839918338,0.06637044153556704,11293,4606,0.407863278136899,24990.0,26800.0,0.07242897158863545,637.5585424054494,1,84.53760501108655,2,0.4317706959540163,0.20573435668832232,0.9589186457489214,0.12845008084055437
2680724.694,1251084.105,2222,101,Höngg,10,Kreis 10,24981.0,5847.0,1658.0,0.2340578839918338,0.06637044153556704,11293,4606,0.407863278136899,24990.0,26800.0,0.07242897158863545,804.5712491720408,1,258.1166532036709,3,0.4317706959540163,0.25976987247945643,0.8679697753945941,0.12845008084055437
2680524.694,1251284.105,2223,101,Höngg,10,Kreis 10,24981.0,5847.0,1658.0,0.2340578839918338,0.06637044153556704,11293,4606,0.407863278136899,24990.0,26800.0,0.07242897158863545,776.9337777404967,1,215.1471186443386,2,0.4317706959540163,0.2508280077981461,0.8904841898271849,0.12845008084055437
2680724.694,1251284.105,2224,101,Höngg,10,Kreis 10,24981.0,5847.0,1658.0,0.2340578839918338,0.06637044153556704,11293,4606,0.407863278136899,24990.0,26800.0,0.07242897158863545,918.9559809883259,1,143.40809831043276,3,0.4317706959540163,0.2967780624668299,0.9280727290410644,0.12845008084055437
2680524.694,1251484.105,2225,101,Höngg,10,Kreis 10,24981.0,5847.0,1658.0,0.2340578839918338,0.06637044153556704,11293,4606,0.407863278136899,24990.0,26800.0,0.07242897158863545,938.4941635375671,1,175.3005495169757,3,0.4317706959540163,0.3030994723290451,0.9113622882345944,0.12845008084055437
2680124.694,1251084.105,2226,101,Höngg,10,Kreis 10,24981.0,5847.0,1658.0,0.2340578839918338,0.06637044153556704,11293,4606,0.407863278136899,24990.0,26800.0,0.07242897158863545,405.9222770358477,1,337.3091470165412,6,0.4317706959540163,0.13079044782352564,0.8264758973729129,0.12845008084055437
2679924.694,1251084.105,2227,101,Höngg,10,Kreis 10,24981.0,5847.0,1658.0,0.2340578839918338,0.06637044153556704,11293,4606,0.407863278136899,24990.0,26800.0,0.07242897158863545,404.8689849739921,1,159.4932683878586,8,0.4317706959540163,0.13044966429308075,0.9196447069771573,0.12845008084055437
2680324.694,1251084.105,2228,101,Höngg,10,Kreis 10,24981.0,5847.0,1658.0,0.2340578839918338,0.06637044153556704,11293,4606,0.407863278136899,24990.0,26800.0,0.07242897158863545,495.60760183240166,1,166.34003324803336,4,0.4317706959540163,0.15980735844129065,0.9160572605883298,0.12845008084055437
2679724.694,1251284.105,2229,101,Höngg,10,Kreis 10,24981.0,5847.0,1658.0,0.2340578839918338,0.06637044153556704,11293,4606,0.407863278136899,24990.0,26800.0,0.07242897158863545,663.4833042313363,1,145.61079170508071,6,0.4317706959540163,0.21412208900010307,0.9269186008322388,0.12845008084055437
2680124.694,1251284.105,2230,101,Höngg,10,Kreis 10,24981.0,5847.0,1658.0,0.2340578839918338,0.06637044153556704,11293,4606,0.407863278136899,24990.0,26800.0,0.07242897158863545,601.5962890460062,1,344.07782645947117,5,0.4317706959540163,0.19409908086464064,0.8229293647957667,0.12845008084055437
2679924.694,1251284.105,2231,101,Höngg,10,Kreis 10,24981.0,5847.0,1658.0,0.2340578839918338,0.06637044153556704,11293,4606,0.407863278136899,24990.0,26800.0,0.07242897158863545,600.8860915296916,1,198.69600564941925,5,0.4317706959540163,0.19386930260494648,0.8991039521691195,0.12845008084055437
2680324.694,1251284.105,2232,101,Höngg,10,Kreis 10,24981.0,5847.0,1658.0,0.2340578839918338,0.06637044153556704,11293,4606,0.407863278136899,24990.0,26800.0,0.07242897158863545,665.4112224737592,1,308.7248073300061,2,0.4317706959540163,0.21474585026144258,0.8414530125915098,0.12845008084055437
2679924.694,1251484.105,2233,101,Höngg,10,Kreis 10,24981.0,5847.0,1658.0,0.2340578839918338,0.06637044153556704,11293,4606,0.407863278136899,24990.0,26800.0,0.07242897158863545,798.8800254066861,1,61.2694920903777,3,0.4317706959540163,0.25792852628731616,0.9711102587773986,0.12845008084055437
2680324.694,1251484.105,2234,101,Höngg,10,Kreis 10,24981.0,5847.0,1658.0,0.2340578839918338,0.06637044153556704,11293,4606,0.407863278136899,24990.0,26800.0,0.07242897158863545,848.4794016321085,1,369.39502251776486,3,0.4317706959540163,0.27397597518594896,0.8096641095358914,0.12845008084055437
2680124.694,1251484.105,2235,101,Höngg,10,Kreis 10,24981.0,5847.0,1658.0,0.2340578839918338,0.06637044153556704,11293,4606,0.407863278136899,24990.0,26800.0,0.07242897158863545,799.4143450013166,1,245.82829507822427,3,0.4317706959540163,0.25810140076766047,0.8744084112879008,0.12845008084055437
2679724.694,1251484.105,2236,101,Höngg,10,Kreis 10,24981.0,5847.0,1658.0,0.2340578839918338,0.06637044153556704,11293,4606,0.407863278136899,24990.0,26800.0,0.07242897158863545,846.968296333275,1,76.2196343537186,5,0.4317706959540163,0.2734870701450211,0.9632769484519568,0.12845008084055437
2679324.694,1251484.105,2237,101,Höngg,10,Kreis 10,24981.0,5847.0,1658.0,0.2340578839918338,0.06637044153556704,11293,4606,0.407863278136899,24990.0,26800.0,0.07242897158863545,1056.242062688992,0,217.82329687382986,3,0.4317706959540163,0.34119578599972705,0.8890819734342881,0.12845008084055437
2679724.694,1251684.105,2238,101,Höngg,10,Kreis 10,24981.0,5847.0,1658.0,0.2340578839918338,0.06637044153556704,11293,4606,0.407863278136899,24990.0,26800.0,0.07242897158863545,1036.5811569740445,0,221.62660188017088,2,0.4317706959540163,0.3348346701194079,0.8870891851482509,0.12845008084055437
2679524.694,1251684.105,2239,101,Höngg,10,Kreis 10,24981.0,5847.0,1658.0,0.2340578839918338,0.06637044153556704,11293,4606,0.407863278136899,24990.0,26800.0,0.07242897158863545,1110.696400909606,0,282.79645093415417,4,0.4317706959540163,0.3588140158325504,0.8550384928029855,0.12845008084055437
2679324.694,1251684.105,2240,101,Höngg,10,Kreis 10,24981.0,5847.0,1658.0,0.2340578839918338,0.06637044153556704,11293,4606,0.407863278136899,24990.0,26800.0,0.07242897158863545,1213.5866244291979,0,286.0518880571727,4,0.4317706959540163,0.3921032571446873,0.8533327666111955,0.12845008084055437
2679324.694,1251884.105,2241,101,Höngg,10,Kreis 10,24981.0,5847.0,1658.0,0.2340578839918338,0.06637044153556704,11293,4606,0.407863278136899,24990.0,26800.0,0.07242897158863545,1382.0049547644223,0,379.2989357499778,2,0.4317706959540163,0.4465935502758798,0.8044748327773412,0.12845008084055437
2679524.694,1251884.105,2242,101,Höngg,10,Kreis 10,24981.0,5847.0,1658.0,0.2340578839918338,0.06637044153556704,11293,4606,0.407863278136899,24990.0,26800.0,0.07242897158863545,1292.5910780264228,0,467.3497968983682,1,0.4317706959540163,0.4176644643280963,0.7583395045879223,0.12845008084055437
2679724.694,1251884.105,2243,101,Höngg,10,Kreis 10,24981.0,5847.0,1658.0,0.2340578839918338,0.06637044153556704,11293,4606,0.407863278136899,24990.0,26800.0,0.07242897158863545,1195.1639214399197,0,388.79345501299827,2,0.4317706959540163,0.38614275103970125,0.7995000630080598,0.12845008084055437
2679324.694,1252084.105,2244,101,Höngg,10,Kreis 10,24981.0,5847.0,1658.0,0.2340578839918338,0.06637044153556704,11293,4606,0.407863278136899,24990.0,26800.0,0.07242897158863545,1302.9744430000815,0,527.8970455127663,0,0.4317706959540163,0.4210239121980321,0.7266150313759683,0.12845008084055437
2679724.694,1252084.105,2245,101,Höngg,10,Kreis 10,24981.0,5847.0,1658.0,0.2340578839918338,0.06637044153556704,11293,4606,0.407863278136899,24990.0,26800.0,0.07242897158863545,1027.417733500662,0,577.236823722237,0,0.4317706959540163,0.3318699237633788,0.7007628496846291,0.12845008084055437
2680724.694,1251484.105,2246,101,Höngg,10,Kreis 10,24981.0,5847.0,1658.0,0.2340578839918338,0.06637044153556704,11293,4606,0.407863278136899,24990.0,26800.0,0.07242897158863545,1059.0681257568724,0,70.76639499795999,2,0.4317706959540163,0.3421101342459632,0.9661342400683259,0.12845008084055437
2680524.694,1251684.105,2247,101,Höngg,10,Kreis 10,24981.0,5847.0,1658.0,0.2340578839918338,0.06637044153556704,11293,4606,0.407863278136899,24990.0,26800.0,0.07242897158863545,1112.6169578943313,0,308.50005293507843,3,0.4317706959540163,0.35943539542267305,0.8415707754121884,0.12845008084055437
2680724.694,1251684.105,2248,101,Höngg,10,Kreis 10,24981.0,5847.0,1658.0,0.2340578839918338,0.06637044153556704,11293,4606,0.407863278136899,24990.0,26800.0,0.07242897158863545,1216.0470776224631,0,141.73807061255465,4,0.4317706959540163,0.3928993154803195,0.9289477605276638,0.12845008084055437
2680524.694,1251884.105,2249,111,Affoltern,11,Kreis 11,27439.0,5228.0,1203.0,0.1905317249170888,0.04384270563796057,11812,4358,0.3689468337284118,27700.0,30520.0,0.10180505415162455,1050.7646735174233,0,333.8681396313944,4,0.2526225362487306,0.33942362413968286,0.8282788553786095,0.2190257806835346
2680724.694,1251884.105,2250,111,Affoltern,11,Kreis 11,27439.0,5228.0,1203.0,0.1905317249170888,0.04384270563796057,11812,4358,0.3689468337284118,27700.0,30520.0,0.10180505415162455,1105.9063247455952,0,179.2531189713643,6,0.2526225362487306,0.357264228147456,0.9092912910110423,0.2190257806835346
2680524.694,1252084.105,2251,111,Affoltern,11,Kreis 11,27439.0,5228.0,1203.0,0.1905317249170888,0.04384270563796057,11812,4358,0.3689468337284118,27700.0,30520.0,0.10180505415162455,855.1472382649482,1,197.820860024875,3,0.2526225362487306,0.2761332960188485,0.8995624954482573,0.2190257806835346
2680724.694,1252084.105,2252,111,Affoltern,11,Kreis 11,27439.0,5228.0,1203.0,0.1905317249170888,0.04384270563796057,11812,4358,0.3689468337284118,27700.0,30520.0,0.10180505415162455,922.0624702872906,1,96.88929074451144,4,0.2526225362487306,0.2977831401930642,0.9524468285790272,0.2190257806835346
2680524.694,1252284.105,2253,111,Affoltern,11,Kreis 11,27439.0,5228.0,1203.0,0.1905317249170888,0.04384270563796057,11812,4358,0.3689468337284118,27700.0,30520.0,0.10180505415162455,662.1534558636382,1,97.85240242821702,3,0.2526225362487306,0.21369182807047818,0.9519421944047408,0.2190257806835346
2680724.694,1252284.105,2254,111,Affoltern,11,Kreis 11,27439.0,5228.0,1203.0,0.1905317249170888,0.04384270563796057,11812,4358,0.3689468337284118,27700.0,30520.0,0.10180505415162455,746.5718981533471,1,108.87007238459694,4,0.2526225362487306,0.24100468443765005,0.9461693511560683,0.2190257806835346
2680724.694,1252484.105,2255,111,Affoltern,11,Kreis 11,27439.0,5228.0,1203.0,0.1905317249170888,0.04384270563796057,11812,4358,0.3689468337284118,27700.0,30520.0,0.10180505415162455,586.9752968501168,1,178.36513858106608,7,0.2526225362487306,0.18936858538331677,0.9097565592230492,0.2190257806835346
2680324.694,1251684.105,2256,101,Höngg,10,Kreis 10,24981.0,5847.0,1658.0,0.2340578839918338,0.06637044153556704,11293,4606,0.407863278136899,24990.0,26800.0,0.07242897158863545,1037.8162144589664,0,448.2127649463952,2,0.4317706959540163,0.33523426227931896,0.7683665870963801,0.12845008084055437
2679924.694,1251684.105,2257,101,Höngg,10,Kreis 10,24981.0,5847.0,1658.0,0.2340578839918338,0.06637044153556704,11293,4606,0.407863278136899,24990.0,26800.0,0.07242897158863545,997.6745436231926,1,160.61117850574848,2,0.4317706959540163,0.322246772103734,0.9190589642654738,0.12845008084055437
2680124.694,1251684.105,2258,101,Höngg,10,Kreis 10,24981.0,5847.0,1658.0,0.2340578839918338,0.06637044153556704,11293,4606,0.407863278136899,24990.0,26800.0,0.07242897158863545,998.1024471434996,1,287.18208624679056,1,0.4317706959540163,0.3223852165842545,0.8527405854136803,0.12845008084055437
2679924.694,1251884.105,2259,101,Höngg,10,Kreis 10,24981.0,5847.0,1658.0,0.2340578839918338,0.06637044153556704,11293,4606,0.407863278136899,24990.0,26800.0,0.07242897158863545,1107.8534195062898,0,357.5443338398722,1,0.4317706959540163,0.35789419380531096,0.8158734231563886,0.12845008084055437
2680124.694,1251884.105,2260,101,Höngg,10,Kreis 10,24981.0,5847.0,1658.0,0.2340578839918338,0.06637044153556704,11293,4606,0.407863278136899,24990.0,26800.0,0.07242897158863545,1051.7897124006831,0,429.55273327154094,1,0.4317706959540163,0.33975526659872235,0.7781437394616877,0.12845008084055437
2680324.694,1251884.105,2261,101,Höngg,10,Kreis 10,24981.0,5847.0,1658.0,0.2340578839918338,0.06637044153556704,11293,4606,0.407863278136899,24990.0,26800.0,0.07242897158863545,1032.0775160384246,0,475.8292683945944,1,0.4317706959540163,0.3333775560733827,0.7538965815403904,0.12845008084055437
2680324.694,1252084.105,2262,111,Affoltern,11,Kreis 11,27439.0,5228.0,1203.0,0.1905317249170888,0.04384270563796057,11812,4358,0.3689468337284118,27700.0,30520.0,0.10180505415162455,832.0783611607956,1,341.84132673058645,2,0.2526225362487306,0.268669560491304,0.8241012062478764,0.2190257806835346
2679924.694,1252084.105,2263,101,Höngg,10,Kreis 10,24981.0,5847.0,1658.0,0.2340578839918338,0.06637044153556704,11293,4606,0.407863278136899,24990.0,26800.0,0.07242897158863545,924.3968839799116,1,556.6686183547538,0,0.4317706959540163,0.29853841953912585,0.7115398130501208,0.12845008084055437
2680124.694,1252084.105,2264,101,Höngg,10,Kreis 10,24981.0,5847.0,1658.0,0.2340578839918338,0.06637044153556704,11293,4606,0.407863278136899,24990.0,26800.0,0.07242897158863545,856.4064450434167,1,524.0018059710042,0,0.4317706959540163,0.27654070147367615,0.7286559898889434,0.12845008084055437
2679924.694,1252284.105,2265,101,Höngg,10,Kreis 10,24981.0,5847.0,1658.0,0.2340578839918338,0.06637044153556704,11293,4606,0.407863278136899,24990.0,26800.0,0.07242897158863545,749.4531333657637,1,583.5370687976424,0,0.4317706959540163,0.24193688315373993,0.6974617590372845,0.12845008084055437
2680324.694,1252284.105,2266,111,Affoltern,11,Kreis 11,27439.0,5228.0,1203.0,0.1905317249170888,0.04384270563796057,11812,4358,0.3689468337284118,27700.0,30520.0,0.10180505415162455,632.07974110236,1,295.4614909948843,2,0.2526225362487306,0.20396173794534658,0.8484024897916215,0.2190257806835346
2680124.694,1252284.105,2267,111,Affoltern,11,Kreis 11,27439.0,5228.0,1203.0,0.1905317249170888,0.04384270563796057,11812,4358,0.3689468337284118,27700.0,30520.0,0.10180505415162455,663.7788781754763,1,494.9948410446986,1,0.2526225362487306,0.21421771939155793,0.743854544783242,0.2190257806835346
2679924.694,1252484.105,2268,111,Affoltern,11,Kreis 11,27439.0,5228.0,1203.0,0.1905317249170888,0.04384270563796057,11812,4358,0.3689468337284118,27700.0,30520.0,0.10180505415162455,590.6355891002102,1,418.7571022214871,1,0.2526225362487306,0.19055284126126323,0.783800242703226,0.2190257806835346
2680324.694,1252484.105,2269,111,Affoltern,11,Kreis 11,27439.0,5228.0,1203.0,0.1905317249170888,0.04384270563796057,11812,4358,0.3689468337284118,27700.0,30520.0,0.10180505415162455,432.08239852141344,1,274.33359739728496,4,0.2526225362487306,0.1392543287161742,0.8594727086669787,0.2190257806835346
2680124.694,1252484.105,2270,111,Affoltern,11,Kreis 11,27439.0,5228.0,1203.0,0.1905317249170888,0.04384270563796057,11812,4358,0.3689468337284118,27700.0,30520.0,0.10180505415162455,477.25548620407176,1,322.5447421071853,2,0.2526225362487306,0.1538696902660108,0.8342118883346215,0.2190257806835346
2679924.694,1252684.105,2271,111,Affoltern,11,Kreis 11,27439.0,5228.0,1203.0,0.1905317249170888,0.04384270563796057,11812,4358,0.3689468337284118,27700.0,30520.0,0.10180505415162455,464.7803772877501,1,300.3323336920778,2,0.2526225362487306,0.14983347674732264,0.8458503520446057,0.2190257806835346
2680324.694,1252684.105,2272,111,Affoltern,11,Kreis 11,27439.0,5228.0,1203.0,0.1905317249170888,0.04384270563796057,11812,4358,0.3689468337284118,27700.0,30520.0,0.10180505415162455,232.08963594268613,1,165.9961164034775,5,0.2526225362487306,0.07454840130708029,0.9162374600354053,0.2190257806835346
2680124.694,1252684.105,2273,111,Affoltern,11,Kreis 11,27439.0,5228.0,1203.0,0.1905317249170888,0.04384270563796057,11812,4358,0.3689468337284118,27700.0,30520.0,0.10180505415162455,308.12854316319994,1,137.39399790741663,2,0.2526225362487306,0.09915013162689908,0.9312238906792188,0.2190257806835346
2679924.694,1252884.105,2274,111,Affoltern,11,Kreis 11,27439.0,5228.0,1203.0,0.1905317249170888,0.04384270563796057,11812,4358,0.3689468337284118,27700.0,30520.0,0.10180505415162455,403.96930466526095,1,229.77045645825194,4,0.2526225362487306,0.1301585805158604,0.8828221126995955,0.2190257806835346
2680124.694,1252884.105,2275,111,Affoltern,11,Kreis 11,27439.0,5228.0,1203.0,0.1905317249170888,0.04384270563796057,11812,4358,0.3689468337284118,27700.0,30520.0,0.10180505415162455,205.2159816190421,1,117.12860735523049,4,0.2526225362487306,0.06585366304024787,0.9418421905097702,0.2190257806835346
2680524.694,1252484.105,2276,111,Affoltern,11,Kreis 11,27439.0,5228.0,1203.0,0.1905317249170888,0.04384270563796057,11812,4358,0.3689468337284118,27700.0,30520.0,0.10180505415162455,474.99220952785123,1,116.34656273818005,5,0.2526225362487306,0.15313742668591962,0.9422519523746268,0.2190257806835346
2680524.694,1252684.105,2277,111,Affoltern,11,Kreis 11,27439.0,5228.0,1203.0,0.1905317249170888,0.04384270563796057,11812,4358,0.3689468337284118,27700.0,30520.0,0.10180505415162455,304.6112261754993,1,111.25880936349182,7,0.2526225362487306,0.09801213415765898,0.9449177431304092,0.2190257806835346
2680724.694,1252684.105,2278,111,Affoltern,11,Kreis 11,27439.0,5228.0,1203.0,0.1905317249170888,0.04384270563796057,11812,4358,0.3689468337284118,27700.0,30520.0,0.10180505415162455,460.1199833872398,1,105.72683037430619,7,0.2526225362487306,0.14832564663619302,0.9478162913430489,0.2190257806835346
2680324.694,1252884.105,2279,111,Affoltern,11,Kreis 11,27439.0,5228.0,1203.0,0.1905317249170888,0.04384270563796057,11812,4358,0.3689468337284118,27700.0,30520.0,0.10180505415162455,32.18694008444492,1,149.65530615728062,6,0.2526225362487306,0.009871614205878539,0.9247994278998511,0.2190257806835346
2680524.694,1252884.105,2280,111,Affoltern,11,Kreis 11,27439.0,5228.0,1203.0,0.1905317249170888,0.04384270563796057,11812,4358,0.3689468337284118,27700.0,30520.0,0.10180505415162455,199.89597072510557,1,142.33864781205517,7,0.2526225362487306,0.06413241955983373,0.9286330807409966,0.2190257806835346
2680724.694,1252884.105,2281,111,Affoltern,11,Kreis 11,27439.0,5228.0,1203.0,0.1905317249170888,0.04384270563796057,11812,4358,0.3689468337284118,27700.0,30520.0,0.10180505415162455,398.5985437909487,1,100.10076253950248,7,0.2526225362487306,0.12842091731853322,0.9507641385598656,0.2190257806835346
2680324.694,1253084.105,2282,111,Affoltern,11,Kreis 11,27439.0,5228.0,1203.0,0.1905317249170888,0.04384270563796057,11812,4358,0.3689468337284118,27700.0,30520.0,0.10180505415162455,167.94760823539792,1,156.0186356207453,5,0.2526225362487306,0.05379580338711264,0.9214652834139774,0.2190257806835346
2680524.694,1253084.105,2283,111,Affoltern,11,Kreis 11,27439.0,5228.0,1203.0,0.1905317249170888,0.04384270563796057,11812,4358,0.3689468337284118,27700.0,30520.0,0.10180505415162455,259.09225984603114,1,47.11066398399138,8,0.2526225362487306,0.08328486656520237,0.978528950348908,0.2190257806835346
2680724.694,1253084.105,2284,111,Affoltern,11,Kreis 11,27439.0,5228.0,1203.0,0.1905317249170888,0.04384270563796057,11812,4358,0.3689468337284118,27700.0,30520.0,0.10180505415162455,431.33652652222247,1,214.94120745205115,6,0.2526225362487306,0.13901300828630553,0.8905920795208251,0.2190257806835346
2680724.694,1253284.105,2285,111,Affoltern,11,Kreis 11,27439.0,5228.0,1203.0,0.1905317249170888,0.04384270563796057,11812,4358,0.3689468337284118,27700.0,30520.0,0.10180505415162455,541.4993989952777,1,73.04971362697216,6,0.2526225362487306,0.1746552522230718,0.9649378672795015,0.2190257806835346
2679524.694,1252684.105,2286,111,Affoltern,11,Kreis 11,27439.0,5228.0,1203.0,0.1905317249170888,0.04384270563796057,11812,4358,0.3689468337284118,27700.0,30520.0,0.10180505415162455,835.5692664952907,1,509.7031122731483,0,0.2526225362487306,0.26979901269874046,0.736147965751835,0.2190257806835346
2679524.694,1252884.105,2287,111,Affoltern,11,Kreis 11,27439.0,5228.0,1203.0,0.1905317249170888,0.04384270563796057,11812,4358,0.3689468337284118,27700.0,30520.0,0.10180505415162455,803.3345499301454,1,369.1060317319756,1,0.2526225362487306,0.25936974914328587,0.8098155298010905,0.2190257806835346
2679324.694,1252884.105,2288,111,Affoltern,11,Kreis 11,27439.0,5228.0,1203.0,0.1905317249170888,0.04384270563796057,11812,4358,0.3689468337284118,27700.0,30520.0,0.10180505415162455,1003.2068575878739,0,545.8586471430791,0,0.2526225362487306,0.3240367044052195,0.7172038299951488,0.2190257806835346
2679724.694,1252884.105,2289,111,Affoltern,11,Kreis 11,27439.0,5228.0,1203.0,0.1905317249170888,0.04384270563796057,11812,4358,0.3689468337284118,27700.0,30520.0,0.10180505415162455,603.5468491439598,1,233.48846365715758,3,0.2526225362487306,0.19473016770237347,0.8808740172455027,0.2190257806835346
2679324.694,1253084.105,2290,111,Affoltern,11,Kreis 11,27439.0,5228.0,1203.0,0.1905317249170888,0.04384270563796057,11812,4358,0.3689468337284118,27700.0,30520.0,0.10180505415162455,1016.658447617157,0,504.3844393524299,0,0.2526225362487306,0.32838884993663114,0.7389347496347999,0.2190257806835346
2679724.694,1253084.105,2291,111,Affoltern,11,Kreis 11,27439.0,5228.0,1203.0,0.1905317249170888,0.04384270563796057,11812,4358,0.3689468337284118,27700.0,30520.0,0.10180505415162455,625.6510202274051,1,104.68458654917806,3,0.2526225362487306,0.20188178094638062,0.9483623877729821,0.2190257806835346
2679524.694,1253084.105,2292,111,Affoltern,11,Kreis 11,27439.0,5228.0,1203.0,0.1905317249170888,0.04384270563796057,11812,4358,0.3689468337284118,27700.0,30520.0,0.10180505415162455,820.0712158779017,1,304.43597464970975,2,0.2526225362487306,0.2647847525560192,0.8437001990548145,0.2190257806835346
2679324.694,1253284.105,2293,111,Affoltern,11,Kreis 11,27439.0,5228.0,1203.0,0.1905317249170888,0.04384270563796057,11812,4358,0.3689468337284118,27700.0,30520.0,0.10180505415162455,1068.065915152861,0,486.9455171380815,1,0.2526225362487306,0.34502129112980273,0.7480720867276515,0.2190257806835346
2679524.694,1253284.105,2294,111,Affoltern,11,Kreis 11,27439.0,5228.0,1203.0,0.1905317249170888,0.04384270563796057,11812,4358,0.3689468337284118,27700.0,30520.0,0.10180505415162455,882.998980243721,1,290.84968052402485,2,0.2526225362487306,0.2851444860812182,0.8508189044279522,0.2190257806835346
2679724.694,1253284.105,2295,111,Affoltern,11,Kreis 11,27439.0,5228.0,1203.0,0.1905317249170888,0.04384270563796057,11812,4358,0.3689468337284118,27700.0,30520.0,0.10180505415162455,706.122934843207,1,109.86872467167781,3,0.2526225362487306,0.22791777244157854,0.9456460950469209,0.2190257806835346
2679924.694,1253084.105,2296,111,Affoltern,11,Kreis 11,27439.0,5228.0,1203.0,0.1905317249170888,0.04384270563796057,11812,4358,0.3689468337284118,27700.0,30520.0,0.10180505415162455,436.30447982083047,1,96.10651726613548,4,0.2526225362487306,0.14062034657878478,0.952856972339711,0.2190257806835346
2680124.694,1253084.105,2297,111,Affoltern,11,Kreis 11,27439.0,5228.0,1203.0,0.1905317249170888,0.04384270563796057,11812,4358,0.3689468337284118,27700.0,30520.0,0.10180505415162455,263.21853869334143,1,148.90084842268763,5,0.2526225362487306,0.08461988837359724,0.925194735279433,0.2190257806835346
2679924.694,1253284.105,2298,111,Affoltern,11,Kreis 11,27439.0,5228.0,1203.0,0.1905317249170888,0.04384270563796057,11812,4358,0.3689468337284118,27700.0,30520.0,0.10180505415162455,545.4649384806658,1,139.81679677719194,3,0.2526225362487306,0.17593826820210456,0.9299544355082392,0.2190257806835346
2680124.694,1253284.105,2299,111,Affoltern,11,Kreis 11,27439.0,5228.0,1203.0,0.1905317249170888,0.04384270563796057,11812,4358,0.3689468337284118,27700.0,30520.0,0.10180505415162455,420.0647558553909,1,64.9111905682583,5,0.2526225362487306,0.1353661244434322,0.9692021462132206,0.2190257806835346
2679924.694,1253484.105,2300,111,Affoltern,11,Kreis 11,27439.0,5228.0,1203.0,0.1905317249170888,0.04384270563796057,11812,4358,0.3689468337284118,27700.0,30520.0,0.10180505415162455,696.2057160866374,1,173.17833773606657,3,0.2526225362487306,0.22470914214571927,0.9124742471152089,0.2190257806835346
2680124.694,1253484.105,2301,111,Affoltern,11,Kreis 11,27439.0,5228.0,1203.0,0.1905317249170888,0.04384270563796057,11812,4358,0.3689468337284118,27700.0,30520.0,0.10180505415162455,603.0131002821084,1,257.4013649167022,3,0.2526225362487306,0.1945574778776802,0.8683445594618814,0.2190257806835346
2679924.694,1253684.105,2302,111,Affoltern,11,Kreis 11,27439.0,5228.0,1203.0,0.1905317249170888,0.04384270563796057,11812,4358,0.3689468337284118,27700.0,30520.0,0.10180505415162455,867.1059907022317,1,347.0342009961262,1,0.2526225362487306,0.28000244686777276,0.8213803361125656,0.2190257806835346
2680124.694,1253684.105,2303,111,Affoltern,11,Kreis 11,27439.0,5228.0,1203.0,0.1905317249170888,0.04384270563796057,11812,4358,0.3689468337284118,27700.0,30520.0,0.10180505415162455,794.2261637039107,1,455.97185950568627,2,0.2526225362487306,0.25642280961222796,0.7643011143766715,0.2190257806835346
2679924.694,1253884.105,2304,111,Affoltern,11,Kreis 11,27439.0,5228.0,1203.0,0.1905317249170888,0.04384270563796057,11812,4358,0.3689468337284118,27700.0,30520.0,0.10180505415162455,1048.3526120116694,0,539.328041789978,0,0.2526225362487306,0.33864322251571843,0.7206256207341755,0.2190257806835346
2680124.694,1253884.105,2305,111,Affoltern,11,Kreis 11,27439.0,5228.0,1203.0,0.1905317249170888,0.04384270563796057,11812,4358,0.3689468337284118,27700.0,30520.0,0.10180505415162455,988.9214322239267,1,615.1035170286916,0,0.2526225362487306,0.3194147786680632,0.6809221314865732,0.2190257806835346
2680324.694,1253284.105,2306,111,Affoltern,11,Kreis 11,27439.0,5228.0,1203.0,0.1905317249170888,0.04384270563796057,11812,4358,0.3689468337284118,27700.0,30520.0,0.10180505415162455,367.9358627695617,1,174.61690256399118,3,0.2526225362487306,0.11850027225740485,0.9117204934370227,0.2190257806835346
2680524.694,1253284.105,2307,111,Affoltern,11,Kreis 11,27439.0,5228.0,1203.0,0.1905317249170888,0.04384270563796057,11812,4358,0.3689468337284118,27700.0,30520.0,0.10180505415162455,417.49155573749556,1,190.4243016555531,6,0.2526225362487306,0.1345335878161527,0.9034380128865906,0.2190257806835346
2680324.694,1253484.105,2308,111,Affoltern,11,Kreis 11,27439.0,5228.0,1203.0,0.1905317249170888,0.04384270563796057,11812,4358,0.3689468337284118,27700.0,30520.0,0.10180505415162455,567.9323895605645,1,304.1924763386414,2,0.2526225362487306,0.1832074175448015,0.8438277829801526,0.2190257806835346
2680724.694,1253484.105,2309,111,Affoltern,11,Kreis 11,27439.0,5228.0,1203.0,0.1905317249170888,0.04384270563796057,11812,4358,0.3689468337284118,27700.0,30520.0,0.10180505415162455,693.103166283518,1,187.02475948647867,3,0.2526225362487306,0.2237053390092697,0.9052192446839686,0.2190257806835346
2680524.694,1253484.105,2310,111,Affoltern,11,Kreis 11,27439.0,5228.0,1203.0,0.1905317249170888,0.04384270563796057,11812,4358,0.3689468337284118,27700.0,30520.0,0.10180505415162455,601.2234186324627,1,319.84474461982575,3,0.2526225362487306,0.19397844186950577,0.835626585119699,0.2190257806835346
2680324.694,1253684.105,2311,111,Affoltern,11,Kreis 11,27439.0,5228.0,1203.0,0.1905317249170888,0.04384270563796057,11812,4358,0.3689468337284118,27700.0,30520.0,0.10180505415162455,767.9307254641943,1,484.3294980290045,1,0.2526225362487306,0.2479151481549309,0.7494427820118652,0.2190257806835346
2680724.694,1253684.105,2312,111,Affoltern,11,Kreis 11,27439.0,5228.0,1203.0,0.1905317249170888,0.04384270563796057,11812,4358,0.3689468337284118,27700.0,30520.0,0.10180505415162455,864.6169088748086,1,380.2897062253562,2,0.2526225362487306,0.27919712598533764,0.8039557064400651,0.2190257806835346
2680524.694,1253684.105,2313,111,Affoltern,11,Kreis 11,27439.0,5228.0,1203.0,0.1905317249170888,0.04384270563796057,11812,4358,0.3689468337284118,27700.0,30520.0,0.10180505415162455,792.8682104310252,1,460.3723065747049,1,0.2526225362487306,0.25598345558377567,0.7619954461860197,0.2190257806835346
2680724.694,1253884.105,2314,111,Affoltern,11,Kreis 11,27439.0,5228.0,1203.0,0.1905317249170888,0.04384270563796057,11812,4358,0.3689468337284118,27700.0,30520.0,0.10180505415162455,1046.2947955104337,0,556.8488274755173,0,0.2526225362487306,0.33797743379700024,0.7114453902719593,0.2190257806835346
2680524.694,1253884.105,2315,111,Affoltern,11,Kreis 11,27439.0,5228.0,1203.0,0.1905317249170888,0.04384270563796057,11812,4358,0.3689468337284118,27700.0,30520.0,0.10180505415162455,987.8311592129941,1,633.7070779633968,0,0.2526225362487306,0.319062030271612,0.6711745676578899,0.2190257806835346
2681524.694,1251484.105,2316,101,Höngg,10,Kreis 10,24981.0,5847.0,1658.0,0.2340578839918338,0.06637044153556704,11293,4606,0.407863278136899,24990.0,26800.0,0.07242897158863545,1698.5409312096551,0,434.72961097779006,2,0.4317706959540163,0.5490060258581861,0.7754312509197325,0.12845008084055437
2681724.694,1251484.105,2317,101,Höngg,10,Kreis 10,24981.0,5847.0,1658.0,0.2340578839918338,0.06637044153556704,11293,4606,0.407863278136899,24990.0,26800.0,0.07242897158863545,1696.8357727640348,0,266.20938124144755,3,0.4317706959540163,0.5484543366011317,0.8637294913235352,0.12845008084055437
2681324.694,1251484.105,2318,101,Höngg,10,Kreis 10,24981.0,5847.0,1658.0,0.2340578839918338,0.06637044153556704,11293,4606,0.407863278136899,24990.0,26800.0,0.07242897158863545,1524.5285484353728,0,360.08228318128243,1,0.4317706959540163,0.49270582547646574,0.8145436334840678,0.12845008084055437
2681324.694,1251684.105,2319,101,Höngg,10,Kreis 10,24981.0,5847.0,1658.0,0.2340578839918338,0.06637044153556704,11293,4606,0.407863278136899,24990.0,26800.0,0.07242897158863545,1585.1263669224345,0,184.66523944976169,5,0.4317706959540163,0.51231172517811,0.9064555441345781,0.12845008084055437
2681724.694,1251684.105,2320,111,Affoltern,11,Kreis 11,27439.0,5228.0,1203.0,0.1905317249170888,0.04384270563796057,11812,4358,0.3689468337284118,27700.0,30520.0,0.10180505415162455,1862.9198584783462,0,196.23820897304097,5,0.2526225362487306,0.6021894050879504,0.9003917448699369,0.2190257806835346
2681524.694,1251684.105,2321,111,Affoltern,11,Kreis 11,27439.0,5228.0,1203.0,0.1905317249170888,0.04384270563796057,11812,4358,0.3689468337284118,27700.0,30520.0,0.10180505415162455,1718.0069845937323,0,304.2500364190862,6,0.2526225362487306,0.5553040989532854,0.8437976236703253,0.2190257806835346
2681524.694,1251884.105,2322,111,Affoltern,11,Kreis 11,27439.0,5228.0,1203.0,0.1905317249170888,0.04384270563796057,11812,4358,0.3689468337284118,27700.0,30520.0,0.10180505415162455,1580.7335003449634,0,104.9289505380084,6,0.2526225362487306,0.5108904512169196,0.9482343502651676,0.2190257806835346
2681924.694,1251884.105,2323,111,Affoltern,11,Kreis 11,27439.0,5228.0,1203.0,0.1905317249170888,0.04384270563796057,11812,4358,0.3689468337284118,27700.0,30520.0,0.10180505415162455,1901.726373354775,0,112.67922018268861,7,0.2526225362487306,0.6147449171085699,0.9441735014676615,0.2190257806835346
2681724.694,1251884.105,2324,111,Affoltern,11,Kreis 11,27439.0,5228.0,1203.0,0.1905317249170888,0.04384270563796057,11812,4358,0.3689468337284118,27700.0,30520.0,0.10180505415162455,1737.135803301795,0,238.51139314729068,7,0.2526225362487306,0.5614930626877024,0.8782421917587643,0.2190257806835346
2681724.694,1252084.105,2325,111,Affoltern,11,Kreis 11,27439.0,5228.0,1203.0,0.1905317249170888,0.04384270563796057,11812,4358,0.3689468337284118,27700.0,30520.0,0.10180505415162455,1626.2875511769018,0,146.0086184478146,7,0.2526225362487306,0.5256290700964965,0.9267101546330855,0.2190257806835346
2682124.694,1251484.105,2326,111,Affoltern,11,Kreis 11,27439.0,5228.0,1203.0,0.1905317249170888,0.04384270563796057,11812,4358,0.3689468337284118,27700.0,30520.0,0.10180505415162455,1690.533773614655,0,136.35961521286876,6,0.2526225362487306,0.5464153793197081,0.9317658681734082,0.2190257806835346
2681924.694,1251484.105,2327,111,Affoltern,11,Kreis 11,27439.0,5228.0,1203.0,0.1905317249170888,0.04384270563796057,11812,4358,0.3689468337284118,27700.0,30520.0,0.10180505415162455,1681.8376972026053,0,180.95589147913367,3,0.2526225362487306,0.5436018390605173,0.9083991024798539,0.2190257806835346
2682124.694,1251684.105,2328,111,Affoltern,11,Kreis 11,27439.0,5228.0,1203.0,0.1905317249170888,0.04384270563796057,11812,4358,0.3689468337284118,27700.0,30520.0,0.10180505415162455,1889.5911832276786,0,172.43029507902583,7,0.2526225362487306,0.6108186813721624,0.9128661932362592,0.2190257806835346
2682324.694,1251684.105,2329,115,Oerlikon,11,Kreis 11,24205.0,3775.0,925.0,0.15595951249741788,0.03821524478413551,12029,5536,0.46022113226369604,24370.0,27030.0,0.10915059499384488,1741.6596965515764,0,258.6989112094018,7,0.3818023922160809,0.5629567291946922,0.8676646941740931,0.24167439290344803
2681924.694,1251684.105,2330,111,Affoltern,11,Kreis 11,27439.0,5228.0,1203.0,0.1905317249170888,0.04384270563796057,11812,4358,0.3689468337284118,27700.0,30520.0,0.10180505415162455,1881.815198081824,0,19.673196512019782,4,0.2526225362487306,0.6083028286788241,0.9929051478101982,0.2190257806835346
2682124.694,1251884.105,2331,111,Affoltern,11,Kreis 11,27439.0,5228.0,1203.0,0.1905317249170888,0.04384270563796057,11812,4358,0.3689468337284118,27700.0,30520.0,0.10180505415162455,1897.3762143001697,0,147.7088577608435,5,0.2526225362487306,0.6133374607967722,0.925819293400338,0.2190257806835346
2682324.694,1251884.105,2332,115,Oerlikon,11,Kreis 11,24205.0,3775.0,925.0,0.15595951249741788,0.03821524478413551,12029,5536,0.46022113226369604,24370.0,27030.0,0.10915059499384488,1699.5245507471031,0,156.3599266467209,8,0.3818023922160809,0.5493242674463698,0.9212864597967393,0.24167439290344803
2682124.694,1252084.105,2333,111,Affoltern,11,Kreis 11,27439.0,5228.0,1203.0,0.1905317249170888,0.04384270563796057,11812,4358,0.3689468337284118,27700.0,30520.0,0.10180505415162455,1858.8493199817797,0,62.128147091359835,7,0.2526225362487306,0.6008724175876098,0.9706603559626489,0.2190257806835346
2681924.694,1252084.105,2334,111,Affoltern,11,Kreis 11,27439.0,5228.0,1203.0,0.1905317249170888,0.04384270563796057,11812,4358,0.3689468337284118,27700.0,30520.0,0.10180505415162455,1801.0368122592877,0,179.95084512430608,7,0.2526225362487306,0.582167681077174,0.9089257088391876,0.2190257806835346
2682324.694,1252084.105,2335,111,Affoltern,11,Kreis 11,27439.0,5228.0,1203.0,0.1905317249170888,0.04384270563796057,11812,4358,0.3689468337284118,27700.0,30520.0,0.10180505415162455,1680.2942892815404,0,174.55781466601846,5,0.2526225362487306,0.5431024827857435,0.9117514532655745,0.2190257806835346
2680924.694,1251484.105,2336,101,Höngg,10,Kreis 10,24981.0,5847.0,1658.0,0.2340578839918338,0.06637044153556704,11293,4606,0.407863278136899,24990.0,26800.0,0.07242897158863545,1201.0325953088332,0,243.48610363029127,3,0.4317706959540163,0.38804150967702983,0.875635631211971,0.12845008084055437
2680924.694,1251684.105,2337,101,Höngg,10,Kreis 10,24981.0,5847.0,1658.0,0.2340578839918338,0.06637044153556704,11293,4606,0.407863278136899,24990.0,26800.0,0.07242897158863545,1341.5008367474952,0,103.76550805071584,4,0.4317706959540163,0.4334887934517875,0.9488439502200198,0.12845008084055437
2681124.694,1251684.105,2338,101,Höngg,10,Kreis 10,24981.0,5847.0,1658.0,0.2340578839918338,0.06637044153556704,11293,4606,0.407863278136899,24990.0,26800.0,0.07242897158863545,1467.5500669866715,0,159.44795596364403,4,0.4317706959540163,0.47427093094847633,0.9196684489773482,0.12845008084055437
2680924.694,1251884.105,2339,111,Affoltern,11,Kreis 11,27439.0,5228.0,1203.0,0.1905317249170888,0.04384270563796057,11812,4358,0.3689468337284118,27700.0,30520.0,0.10180505415162455,1192.4559526927787,0,151.02741691830568,5,0.2526225362487306,0.3852666111888423,0.9240804936447342,0.2190257806835346
2681324.694,1251884.105,2340,111,Affoltern,11,Kreis 11,27439.0,5228.0,1203.0,0.1905317249170888,0.04384270563796057,11812,4358,0.3689468337284118,27700.0,30520.0,0.10180505415162455,1435.1989406046494,0,136.17360486169986,6,0.2526225362487306,0.46380400400428995,0.9318633305773629,0.2190257806835346
2681124.694,1251884.105,2341,111,Affoltern,11,Kreis 11,27439.0,5228.0,1203.0,0.1905317249170888,0.04384270563796057,11812,4358,0.3689468337284118,27700.0,30520.0,0.10180505415162455,1304.1754479795175,0,99.32598180222897,6,0.2526225362487306,0.4214124869645152,0.951170094425859,0.2190257806835346
2681124.694,1252084.105,2342,111,Affoltern,11,Kreis 11,27439.0,5228.0,1203.0,0.1905317249170888,0.04384270563796057,11812,4358,0.3689468337284118,27700.0,30520.0,0.10180505415162455,1152.40791350657,0,135.55596136289537,7,0.2526225362487306,0.37230941472309875,0.9321869524607808,0.2190257806835346
2681324.694,1252084.105,2343,111,Affoltern,11,Kreis 11,27439.0,5228.0,1203.0,0.1905317249170888,0.04384270563796057,11812,4358,0.3689468337284118,27700.0,30520.0,0.10180505415162455,1298.8327063608688,0,206.05076719329216,5,0.2526225362487306,0.4196838891548533,0.8952503346899032,0.2190257806835346
2680924.694,1252084.105,2344,111,Affoltern,11,Kreis 11,27439.0,5228.0,1203.0,0.1905317249170888,0.04384270563796057,11812,4358,0.3689468337284118,27700.0,30520.0,0.10180505415162455,1024.2663711713049,0,115.17436633655996,5,0.2526225362487306,0.33085032775653395,0.9428661390502125,0.2190257806835346
2681124.694,1252284.105,2345,111,Affoltern,11,Kreis 11,27439.0,5228.0,1203.0,0.1905317249170888,0.04384270563796057,11812,4358,0.3689468337284118,27700.0,30520.0,0.10180505415162455,1017.4548634276397,0,91.74649127357043,6,0.2526225362487306,0.32864652337919015,0.9551414614117983,0.2190257806835346
2681524.694,1252084.105,2346,111,Affoltern,11,Kreis 11,27439.0,5228.0,1203.0,0.1905317249170888,0.04384270563796057,11812,4358,0.3689468337284118,27700.0,30520.0,0.10180505415162455,1458.0427974215404,0,39.17293275972486,6,0.2526225362487306,0.4711949361654256,0.9826880219392898,0.2190257806835346
2681724.694,1252284.105,2347,111,Affoltern,11,Kreis 11,27439.0,5228.0,1203.0,0.1905317249170888,0.04384270563796057,11812,4358,0.3689468337284118,27700.0,30520.0,0.10180505415162455,1533.6171618474264,0,116.43957514941786,5,0.2526225362487306,0.49564636768462766,0.9422032173814401,0.2190257806835346
2681524.694,1252284.105,2348,111,Affoltern,11,Kreis 11,27439.0,5228.0,1203.0,0.1905317249170888,0.04384270563796057,11812,4358,0.3689468337284118,27700.0,30520.0,0.10180505415162455,1353.905166218381,0,182.98337810024827,5,0.2526225362487306,0.43750210689349595,0.9073367760080305,0.2190257806835346
2681324.694,1252284.105,2349,111,Affoltern,11,Kreis 11,27439.0,5228.0,1203.0,0.1905317249170888,0.04384270563796057,11812,4358,0.3689468337284118,27700.0,30520.0,0.10180505415162455,1180.7357024807413,0,263.6190787121922,5,0.2526225362487306,0.38147462567067647,0.8650867120904698,0.2190257806835346
2681524.694,1252484.105,2350,111,Affoltern,11,Kreis 11,27439.0,5228.0,1203.0,0.1905317249170888,0.04384270563796057,11812,4358,0.3689468337284118,27700.0,30520.0,0.10180505415162455,1272.882397990016,0,323.91754299654076,4,0.2526225362487306,0.41128789147955236,0.833492592478305,0.2190257806835346
2681724.694,1252484.105,2351,111,Affoltern,11,Kreis 11,27439.0,5228.0,1203.0,0.1905317249170888,0.04384270563796057,11812,4358,0.3689468337284118,27700.0,30520.0,0.10180505415162455,1462.5840143776172,0,163.70758889241964,3,0.2526225362487306,0.4726642076076518,0.9174365620818377,0.2190257806835346
2681924.694,1252484.105,2352,119,Seebach,11,Kreis 11,29320.0,5070.0,1191.0,0.17291950886766713,0.04062073669849932,13596,5592,0.411297440423654,29320.0,34500.0,0.1766712141882674,1624.6981240823793,0,169.3451347426997,2,0.3095205618483724,0.5251148247164431,0.9144827008180932,0.44986169372045287
2681724.694,1252684.105,2353,111,Affoltern,11,Kreis 11,27439.0,5228.0,1203.0,0.1905317249170888,0.04384270563796057,11812,4358,0.3689468337284118,27700.0,30520.0,0.10180505415162455,1416.4471042410787,0,346.4710300457486,3,0.2526225362487306,0.4577370096446777,0.8216754164364096,0.2190257806835346
2681524.694,1252684.105,2354,111,Affoltern,11,Kreis 11,27439.0,5228.0,1203.0,0.1905317249170888,0.04384270563796057,11812,4358,0.3689468337284118,27700.0,30520.0,0.10180505415162455,1219.5900947092036,0,445.15679783746805,2,0.2526225362487306,0.39404562799417137,0.7699677985288136,0.2190257806835346
2681524.694,1252884.105,2355,111,Affoltern,11,Kreis 11,27439.0,5228.0,1203.0,0.1905317249170888,0.04384270563796057,11812,4358,0.3689468337284118,27700.0,30520.0,0.10180505415162455,1197.7355297029455,0,268.3712813640399,2,0.2526225362487306,0.3869747726361152,0.8625967372497226,0.2190257806835346
2680924.694,1252284.105,2356,111,Affoltern,11,Kreis 11,27439.0,5228.0,1203.0,0.1905317249170888,0.04384270563796057,11812,4358,0.3689468337284118,27700.0,30520.0,0.10180505415162455,869.6505040028577,1,165.34756926231995,4,0.2526225362487306,0.28082570212360713,0.9165772742611081,0.2190257806835346
2681324.694,1252484.105,2357,111,Affoltern,11,Kreis 11,27439.0,5228.0,1203.0,0.1905317249170888,0.04384270563796057,11812,4358,0.3689468337284118,27700.0,30520.0,0.10180505415162455,1086.8795697374574,0,373.54654149256623,3,0.2526225362487306,0.35110828623979556,0.8074888702720269,0.2190257806835346
2680924.694,1252484.105,2358,111,Affoltern,11,Kreis 11,27439.0,5228.0,1203.0,0.1905317249170888,0.04384270563796057,11812,4358,0.3689468337284118,27700.0,30520.0,0.10180505415162455,737.1990227288798,1,312.0606009430704,7,0.2526225362487306,0.23797217171563934,0.8397051826316015,0.2190257806835346
2681124.694,1252484.105,2359,111,Affoltern,11,Kreis 11,27439.0,5228.0,1203.0,0.1905317249170888,0.04384270563796057,11812,4358,0.3689468337284118,27700.0,30520.0,0.10180505415162455,906.8543428316082,1,280.106084655446,2,0.2526225362487306,0.2928626821800485,0.8564481431982129,0.2190257806835346
2681124.694,1252684.105,2360,111,Affoltern,11,Kreis 11,27439.0,5228.0,1203.0,0.1905317249170888,0.04384270563796057,11812,4358,0.3689468337284118,27700.0,30520.0,0.10180505415162455,830.3946044577476,1,354.5517799434705,5,0.2526225362487306,0.26812479558282837,0.8174414084586827,0.2190257806835346
2681324.694,1252684.105,2361,111,Affoltern,11,Kreis 11,27439.0,5228.0,1203.0,0.1905317249170888,0.04384270563796057,11812,4358,0.3689468337284118,27700.0,30520.0,0.10180505415162455,1023.9519515644627,0,526.8629467528882,0,0.2526225362487306,0.3307486000140197,0.7271568600991064,0.2190257806835346
2680924.694,1252684.105,2362,111,Affoltern,11,Kreis 11,27439.0,5228.0,1203.0,0.1905317249170888,0.04384270563796057,11812,4358,0.3689468337284118,27700.0,30520.0,0.10180505415162455,640.8063663170072,1,203.6068826465622,6,0.2526225362487306,0.20678516200522,0.8965308379598306,0.2190257806835346
2680924.694,1252884.105,2363,111,Affoltern,11,Kreis 11,27439.0,5228.0,1203.0,0.1905317249170888,0.04384270563796057,11812,4358,0.3689468337284118,27700.0,30520.0,0.10180505415162455,598.1665312539624,1,81.67842224860885,7,0.2526225362487306,0.19298941241533663,0.9604167496104853,0.2190257806835346
2681124.694,1252884.105,2364,111,Affoltern,11,Kreis 11,27439.0,5228.0,1203.0,0.1905317249170888,0.04384270563796057,11812,4358,0.3689468337284118,27700.0,30520.0,0.10180505415162455,797.9508751248601,1,280.26588208534355,4,0.2526225362487306,0.2576279077553615,0.856364415375725,0.2190257806835346
2681324.694,1252884.105,2365,111,Affoltern,11,Kreis 11,27439.0,5228.0,1203.0,0.1905317249170888,0.04384270563796057,11812,4358,0.3689468337284118,27700.0,30520.0,0.10180505415162455,997.8216269016535,1,400.181889471429,3,0.2526225362487306,0.32229435962548464,0.793532953153019,0.2190257806835346
2682324.694,1252284.105,2366,111,Affoltern,11,Kreis 11,27439.0,5228.0,1203.0,0.1905317249170888,0.04384270563796057,11812,4358,0.3689468337284118,27700.0,30520.0,0.10180505415162455,1594.4913905056856,0,125.3492347841366,5,0.2526225362487306,0.5153416975048523,0.9375348919847012,0.2190257806835346
2681924.694,1252284.105,2367,111,Affoltern,11,Kreis 11,27439.0,5228.0,1203.0,0.1905317249170888,0.04384270563796057,11812,4358,0.3689468337284118,27700.0,30520.0,0.10180505415162455,1717.8195478900243,0,124.24079306343216,5,0.2526225362487306,0.555243455430052,0.9381156736135982,0.2190257806835346
2682124.694,1252284.105,2368,111,Affoltern,11,Kreis 11,27439.0,5228.0,1203.0,0.1905317249170888,0.04384270563796057,11812,4358,0.3689468337284118,27700.0,30520.0,0.10180505415162455,1681.0083861768092,0,256.7136666813791,5,0.2526225362487306,0.5433335226557494,0.868704887383359,0.2190257806835346
2682324.694,1252484.105,2369,119,Seebach,11,Kreis 11,29320.0,5070.0,1191.0,0.17291950886766713,0.04062073669849932,13596,5592,0.411297440423654,29320.0,34500.0,0.1766712141882674,1411.6908990274005,0,277.5067758829336,4,0.3095205618483724,0.45619818061241274,0.8578100828967175,0.44986169372045287
2682124.694,1252484.105,2370,119,Seebach,11,Kreis 11,29320.0,5070.0,1191.0,0.17291950886766713,0.04062073669849932,13596,5592,0.411297440423654,29320.0,34500.0,0.1766712141882674,1508.7271437860445,0,332.49868369826186,4,0.3095205618483724,0.48759341776221826,0.8289963986041043,0.44986169372045287
2682124.694,1252684.105,2371,119,Seebach,11,Kreis 11,29320.0,5070.0,1191.0,0.17291950886766713,0.04062073669849932,13596,5592,0.411297440423654,29320.0,34500.0,0.1766712141882674,1344.1450793708364,0,451.43922587771357,1,0.3095205618483724,0.4343443152668361,0.7666760433354752,0.44986169372045287
2681924.694,1252684.105,2372,119,Seebach,11,Kreis 11,29320.0,5070.0,1191.0,0.17291950886766713,0.04062073669849932,13596,5592,0.411297440423654,29320.0,34500.0,0.1766712141882674,1473.1301349157304,0,349.170122806943,2,0.3095205618483724,0.476076313631829,0.8202611936936981,0.44986169372045287
2681924.694,1252884.105,2373,119,Seebach,11,Kreis 11,29320.0,5070.0,1191.0,0.17291950886766713,0.04062073669849932,13596,5592,0.411297440423654,29320.0,34500.0,0.1766712141882674,1334.384050562983,0,263.7120373836518,2,0.3095205618483724,0.431186218877071,0.8650380052548988,0.44986169372045287
2682124.694,1252884.105,2374,119,Seebach,11,Kreis 11,29320.0,5070.0,1191.0,0.17291950886766713,0.04062073669849932,13596,5592,0.411297440423654,29320.0,34500.0,0.1766712141882674,1190.4597407711308,0,388.1000369248761,1,0.3095205618483724,0.3846207540986665,0.799863387916536,0.44986169372045287
2682324.694,1253084.105,2375,119,Seebach,11,Kreis 11,29320.0,5070.0,1191.0,0.17291950886766713,0.04062073669849932,13596,5592,0.411297440423654,29320.0,34500.0,0.1766712141882674,907.8966870723219,1,504.5208010192805,0,0.3095205618483724,0.2931999236377156,0.7388633012676794,0.44986169372045287
2681724.694,1252884.105,2376,119,Seebach,11,Kreis 11,29320.0,5070.0,1191.0,0.17291950886766713,0.04062073669849932,13596,5592,0.411297440423654,29320.0,34500.0,0.1766712141882674,1397.6740675539945,0,252.78596610775352,2,0.3095205618483724,0.45166315610387997,0.8707628542519465,0.44986169372045287
2681524.694,1253084.105,2377,111,Affoltern,11,Kreis 11,27439.0,5228.0,1203.0,0.1905317249170888,0.04384270563796057,11812,4358,0.3689468337284118,27700.0,30520.0,0.10180505415162455,1209.0247305629387,0,126.74835170908227,2,0.2526225362487306,0.3906272958671288,0.9368018075189064,0.2190257806835346
2681724.694,1253084.105,2378,119,Seebach,11,Kreis 11,29320.0,5070.0,1191.0,0.17291950886766713,0.04062073669849932,13596,5592,0.411297440423654,29320.0,34500.0,0.1766712141882674,1383.6313072480384,0,89.12207729301905,2,0.3095205618483724,0.44711974254598774,0.9565165552918411,0.44986169372045287
2681724.694,1253284.105,2379,111,Affoltern,11,Kreis 11,27439.0,5228.0,1203.0,0.1905317249170888,0.04384270563796057,11812,4358,0.3689468337284118,27700.0,30520.0,0.10180505415162455,1298.0385180713827,0,178.8427931481037,2,0.2526225362487306,0.41942693640743367,0.9095062862566745,0.2190257806835346
2681524.694,1253284.105,2380,111,Affoltern,11,Kreis 11,27439.0,5228.0,1203.0,0.1905317249170888,0.04384270563796057,11812,4358,0.3689468337284118,27700.0,30520.0,0.10180505415162455,1252.5618544059123,0,200.2676825175789,3,0.2526225362487306,0.404713355475787,0.8982804528055182,0.2190257806835346
2681324.694,1253284.105,2381,111,Affoltern,11,Kreis 11,27439.0,5228.0,1203.0,0.1905317249170888,0.04384270563796057,11812,4358,0.3689468337284118,27700.0,30520.0,0.10180505415162455,1063.0093128061694,0,354.9470617726561,3,0.2526225362487306,0.34338527120506734,0.8172342956981833,0.2190257806835346
2681724.694,1253484.105,2382,111,Affoltern,11,Kreis 11,27439.0,5228.0,1203.0,0.1905317249170888,0.04384270563796057,11812,4358,0.3689468337284118,27700.0,30520.0,0.10180505415162455,1239.101446370307,0,368.8180373314298,2,0.2526225362487306,0.40035835695474903,0.8099664279980259,0.2190257806835346
2681524.694,1253484.105,2383,111,Affoltern,11,Kreis 11,27439.0,5228.0,1203.0,0.1905317249170888,0.04384270563796057,11812,4358,0.3689468337284118,27700.0,30520.0,0.10180505415162455,1325.172290350492,0,338.09320706143734,3,0.2526225362487306,0.42820583358745434,0.8260650794999278,0.2190257806835346
2681724.694,1253684.105,2384,111,Affoltern,11,Kreis 11,27439.0,5228.0,1203.0,0.1905317249170888,0.04384270563796057,11812,4358,0.3689468337284118,27700.0,30520.0,0.10180505415162455,1210.7191228344511,0,512.4710886100153,0,0.2526225362487306,0.39117550182173105,0.7346976506151472,0.2190257806835346
2681524.694,1253684.105,2385,111,Affoltern,11,Kreis 11,27439.0,5228.0,1203.0,0.1905317249170888,0.04384270563796057,11812,4358,0.3689468337284118,27700.0,30520.0,0.10180505415162455,1410.399657684668,0,314.8793684271494,1,0.2526225362487306,0.4557804106515744,0.83822825485064,0.2190257806835346
2681324.694,1253084.105,2386,111,Affoltern,11,Kreis 11,27439.0,5228.0,1203.0,0.1905317249170888,0.04384270563796057,11812,4358,0.3689468337284118,27700.0,30520.0,0.10180505415162455,1011.3448467820725,0,322.78095461305577,3,0.2526225362487306,0.32666968037528,0.8340881218962397,0.2190257806835346
2680924.694,1253084.105,2387,111,Affoltern,11,Kreis 11,27439.0,5228.0,1203.0,0.1905317249170888,0.04384270563796057,11812,4358,0.3689468337284118,27700.0,30520.0,0.10180505415162455,620.4624074933054,1,49.772710002563905,6,0.2526225362487306,0.2002030502033399,0.9771341387011808,0.2190257806835346
2681124.694,1253084.105,2388,111,Affoltern,11,Kreis 11,27439.0,5228.0,1203.0,0.1905317249170888,0.04384270563796057,11812,4358,0.3689468337284118,27700.0,30520.0,0.10180505415162455,814.7981339648006,1,196.8627000247964,4,0.2526225362487306,0.2630786925411874,0.9000645351272004,0.2190257806835346
2681124.694,1253284.105,2389,111,Affoltern,11,Kreis 11,27439.0,5228.0,1203.0,0.1905317249170888,0.04384270563796057,11812,4358,0.3689468337284118,27700.0,30520.0,0.10180505415162455,878.1038657883885,1,243.304177237148,4,0.2526225362487306,0.28356071416606565,0.8757309537760494,0.2190257806835346
2680924.694,1253284.105,2390,111,Affoltern,11,Kreis 11,27439.0,5228.0,1203.0,0.1905317249170888,0.04384270563796057,11812,4358,0.3689468337284118,27700.0,30520.0,0.10180505415162455,701.5297563983866,1,134.2157243434475,5,0.2526225362487306,0.22643168930939234,0.9328891860782309,0.2190257806835346
2681124.694,1253484.105,2391,111,Affoltern,11,Kreis 11,27439.0,5228.0,1203.0,0.1905317249170888,0.04384270563796057,11812,4358,0.3689468337284118,27700.0,30520.0,0.10180505415162455,978.8957038992986,1,165.3838464330197,3,0.2526225362487306,0.3161710410406013,0.9165582663927672,0.2190257806835346
2680924.694,1253484.105,2392,111,Affoltern,11,Kreis 11,27439.0,5228.0,1203.0,0.1905317249170888,0.04384270563796057,11812,4358,0.3689468337284118,27700.0,30520.0,0.10180505415162455,824.2053136885073,1,218.30222321595545,3,0.2526225362487306,0.2661223041223157,0.8888310341057643,0.2190257806835346
2681324.694,1253484.105,2393,111,Affoltern,11,Kreis 11,27439.0,5228.0,1203.0,0.1905317249170888,0.04384270563796057,11812,4358,0.3689468337284118,27700.0,30520.0,0.10180505415162455,1147.6755635250913,0,175.58307623753007,2,0.2526225362487306,0.37077830384474664,0.9112142548956236,0.2190257806835346
2681324.694,1253684.105,2394,111,Affoltern,11,Kreis 11,27439.0,5228.0,1203.0,0.1905317249170888,0.04384270563796057,11812,4358,0.3689468337284118,27700.0,30520.0,0.10180505415162455,1258.7015528363454,0,125.18552896012717,1,0.2526225362487306,0.4066998017642968,0.9376206676582004,0.2190257806835346
2680924.694,1253684.105,2395,111,Affoltern,11,Kreis 11,27439.0,5228.0,1203.0,0.1905317249170888,0.04384270563796057,11812,4358,0.3689468337284118,27700.0,30520.0,0.10180505415162455,972.8745032697494,1,297.85267610165863,2,0.2526225362487306,0.3142229336899774,0.8471495990393463,0.2190257806835346
2681924.694,1253084.105,2396,119,Seebach,11,Kreis 11,29320.0,5070.0,1191.0,0.17291950886766713,0.04062073669849932,13596,5592,0.411297440423654,29320.0,34500.0,0.1766712141882674,1212.8681685974407,0,111.29258133869095,2,0.3095205618483724,0.39187080697850685,0.9449000478899642,0.44986169372045287
2682124.694,1253084.105,2397,119,Seebach,11,Kreis 11,29320.0,5070.0,1191.0,0.17291950886766713,0.04062073669849932,13596,5592,0.411297440423654,29320.0,34500.0,0.1766712141882674,1052.4556021024846,0,305.7182340997717,2,0.3095205618483724,0.3399707094485118,0.8430283434956407,0.44986169372045287
2681924.694,1253284.105,2398,119,Seebach,11,Kreis 11,29320.0,5070.0,1191.0,0.17291950886766713,0.04062073669849932,13596,5592,0.411297440423654,29320.0,34500.0,0.1766712141882674,1114.2340842017647,0,187.69133880129283,2,0.3095205618483724,0.359958602643329,0.9048699822798065,0.44986169372045287
2682324.694,1253284.105,2399,119,Seebach,11,Kreis 11,29320.0,5070.0,1191.0,0.17291950886766713,0.04062073669849932,13596,5592,0.411297440423654,29320.0,34500.0,0.1766712141882674,771.1969880626697,1,517.2615553671741,0,0.3095205618483724,0.2489719191493952,0.7321876268273099,0.44986169372045287
2682124.694,1253284.105,2400,119,Seebach,11,Kreis 11,29320.0,5070.0,1191.0,0.17291950886766713,0.04062073669849932,13596,5592,0.411297440423654,29320.0,34500.0,0.1766712141882674,937.0865458413856,1,341.0361251554963,1,0.3095205618483724,0.30264404980627746,0.8245231014847989,0.44986169372045287
2681924.694,1253484.105,2401,111,Affoltern,11,Kreis 11,27439.0,5228.0,1203.0,0.1905317249170888,0.04384270563796057,11812,4358,0.3689468337284118,27700.0,30520.0,0.10180505415162455,1044.9813368653915,0,371.57776933101667,2,0.2526225362487306,0.3375524756202888,0.8085204325829304,0.2190257806835346
2682124.694,1253484.105,2402,119,Seebach,11,Kreis 11,29320.0,5070.0,1191.0,0.17291950886766713,0.04062073669849932,13596,5592,0.411297440423654,29320.0,34500.0,0.1766712141882674,853.5804557257477,1,468.1320739503627,1,0.3095205618483724,0.27562637708868254,0.7579296209359272,0.44986169372045287
2681924.694,1253684.105,2403,111,Affoltern,11,Kreis 11,27439.0,5228.0,1203.0,0.1905317249170888,0.04384270563796057,11812,4358,0.3689468337284118,27700.0,30520.0,0.10180505415162455,1011.1648700370365,0,566.490987272531,0,0.2526225362487306,0.32661145045710965,0.7063932624348406,0.2190257806835346
2682124.694,1253684.105,2404,119,Seebach,11,Kreis 11,29320.0,5070.0,1191.0,0.17291950886766713,0.04062073669849932,13596,5592,0.411297440423654,29320.0,34500.0,0.1766712141882674,811.8300280212668,1,634.0265283574975,0,0.3095205618483724,0.2621183875519046,0.6710071877074856,0.44986169372045287
2682324.694,1253684.105,2405,119,Seebach,11,Kreis 11,29320.0,5070.0,1191.0,0.17291950886766713,0.04062073669849932,13596,5592,0.411297440423654,29320.0,34500.0,0.1766712141882674,612.928702539704,1,551.3488593085631,0,0.3095205618483724,0.19776558516928713,0.7143271660218428,0.44986169372045287
2681124.694,1253684.105,2406,111,Affoltern,11,Kreis 11,27439.0,5228.0,1203.0,0.1905317249170888,0.04384270563796057,11812,4358,0.3689468337284118,27700.0,30520.0,0.10180505415162455,1106.981119582667,0,110.42561596374817,1,0.2526225362487306,0.35761196871471707,0.9453543050270345,0.2190257806835346
2681124.694,1253884.105,2407,111,Affoltern,11,Kreis 11,27439.0,5228.0,1203.0,0.1905317249170888,0.04384270563796057,11812,4358,0.3689468337284118,27700.0,30520.0,0.10180505415162455,1254.0245608091118,0,277.5532681503962,1,0.2526225362487306,0.40518660147292146,0.857785722703192,0.2190257806835346
2681324.694,1253884.105,2408,111,Affoltern,11,Kreis 11,27439.0,5228.0,1203.0,0.1905317249170888,0.04384270563796057,11812,4358,0.3689468337284118,27700.0,30520.0,0.10180505415162455,1389.784155584103,0,283.7488619554612,1,0.2526225362487306,0.4491104433726531,0.8545394653719515,0.2190257806835346
2680924.694,1253884.105,2409,111,Affoltern,11,Kreis 11,27439.0,5228.0,1203.0,0.1905317249170888,0.04384270563796057,11812,4358,0.3689468337284118,27700.0,30520.0,0.10180505415162455,1137.3896426081753,0,391.86504904228457,1,0.2526225362487306,0.3674503831559985,0.7978906636591202,0.2190257806835346
2680924.694,1254084.105,2410,111,Affoltern,11,Kreis 11,27439.0,5228.0,1203.0,0.1905317249170888,0.04384270563796057,11812,4358,0.3689468337284118,27700.0,30520.0,0.10180505415162455,1311.8024238094486,0,546.2602096628535,0,0.2526225362487306,0.4238801289833516,0.716993426389815,0.2190257806835346
2678724.694,1252484.105,2411,101,Höngg,10,Kreis 10,24981.0,5847.0,1658.0,0.2340578839918338,0.06637044153556704,11293,4606,0.407863278136899,24990.0,26800.0,0.07242897158863545,1659.9144553593587,0,152.7810611985957,2,0.4317706959540163,0.5365087639062467,0.9231616502246531,0.12845008084055437
2679124.694,1252684.105,2412,101,Höngg,10,Kreis 10,24981.0,5847.0,1658.0,0.2340578839918338,0.06637044153556704,11293,4606,0.407863278136899,24990.0,26800.0,0.07242897158863545,1224.8800753997157,0,436.27887028948453,1,0.4317706959540163,0.3957571554621768,0.774619497509677,0.12845008084055437
2678924.694,1252684.105,2413,101,Höngg,10,Kreis 10,24981.0,5847.0,1658.0,0.2340578839918338,0.06637044153556704,11293,4606,0.407863278136899,24990.0,26800.0,0.07242897158863545,1421.7625677696963,0,331.75541089937815,1,0.4317706959540163,0.4594567818644,0.8293858454994956,0.12845008084055437
2678324.694,1252684.105,2414,101,Höngg,10,Kreis 10,24981.0,5847.0,1658.0,0.2340578839918338,0.06637044153556704,11293,4606,0.407863278136899,24990.0,26800.0,0.07242897158863545,2016.0956324318254,0,590.9558804689689,0,0.4317706959540163,0.6517481010250795,0.6935745817085435,0.12845008084055437
2678524.694,1252684.105,2415,101,Höngg,10,Kreis 10,24981.0,5847.0,1658.0,0.2340578839918338,0.06637044153556704,11293,4606,0.407863278136899,24990.0,26800.0,0.07242897158863545,1817.5709062126887,0,435.3233885985313,1,0.4317706959540163,0.5875171440743799,0.7751201338557181,0.12845008084055437
2678724.694,1252684.105,2416,101,Höngg,10,Kreis 10,24981.0,5847.0,1658.0,0.2340578839918338,0.06637044153556704,11293,4606,0.407863278136899,24990.0,26800.0,0.07242897158863545,1619.4092747390782,0,331.33676623785897,1,0.4317706959540163,0.523403663286036,0.8296051995024211,0.12845008084055437
2679124.694,1252884.105,2417,101,Höngg,10,Kreis 10,24981.0,5847.0,1658.0,0.2340578839918338,0.06637044153556704,11293,4606,0.407863278136899,24990.0,26800.0,0.07242897158863545,1203.12160611935,0,597.3116880331921,0,0.4317706959540163,0.38871739104453135,0.6902443784139947,0.12845008084055437
2678924.694,1252884.105,2418,101,Höngg,10,Kreis 10,24981.0,5847.0,1658.0,0.2340578839918338,0.06637044153556704,11293,4606,0.407863278136899,24990.0,26800.0,0.07242897158863545,1403.0606541098184,0,525.8361462100222,0,0.4317706959540163,0.45340593956349007,0.727694864831966,0.12845008084055437
2678524.694,1252884.105,2419,101,Höngg,10,Kreis 10,24981.0,5847.0,1658.0,0.2340578839918338,0.06637044153556704,11293,4606,0.407863278136899,24990.0,26800.0,0.07242897158863545,1802.9793118920709,0,596.6141572749515,0,0.4317706959540163,0.5827961600211636,0.6906098582064002,0.12845008084055437
2678724.694,1252884.105,2420,101,Höngg,10,Kreis 10,24981.0,5847.0,1658.0,0.2340578839918338,0.06637044153556704,11293,4606,0.407863278136899,24990.0,26800.0,0.07242897158863545,1603.0149091979583,0,525.5721193717892,0,0.4317706959540163,0.5180994082072841,0.7278332049307887,0.12845008084055437
2678724.694,1253084.105,2421,101,Höngg,10,Kreis 10,24981.0,5847.0,1658.0,0.2340578839918338,0.06637044153556704,11293,4606,0.407863278136899,24990.0,26800.0,0.07242897158863545,1611.4674055378623,0,722.957849850838,0,0.4317706959540163,0.5208341402423003,0.6244105315260147,0.12845008084055437
2679124.694,1253284.105,2422,111,Affoltern,11,Kreis 11,27439.0,5228.0,1203.0,0.1905317249170888,0.04384270563796057,11812,4358,0.3689468337284118,27700.0,30520.0,0.10180505415162455,1257.7131624942097,0,685.3016391785592,0,0.2526225362487306,0.40638001662354745,0.6441409647674077,0.2190257806835346
2678924.694,1253484.105,2423,111,Affoltern,11,Kreis 11,27439.0,5228.0,1203.0,0.1905317249170888,0.04384270563796057,11812,4358,0.3689468337284118,27700.0,30520.0,0.10180505415162455,1513.3044634544117,0,890.282391525722,0,0.2526225362487306,0.48907436992453956,0.5367387865409745,0.2190257806835346
2678924.694,1253684.105,2424,111,Affoltern,11,Kreis 11,27439.0,5228.0,1203.0,0.1905317249170888,0.04384270563796057,11812,4358,0.3689468337284118,27700.0,30520.0,0.10180505415162455,1599.1437706194636,0,939.7046007446976,0,0.2526225362487306,0.5168469348246434,0.510843414111613,0.2190257806835346
2678924.694,1253884.105,2425,111,Affoltern,11,Kreis 11,27439.0,5228.0,1203.0,0.1905317249170888,0.04384270563796057,11812,4358,0.3689468337284118,27700.0,30520.0,0.10180505415162455,1704.2391848302946,0,1026.395019795373,0,0.2526225362487306,0.5508496464991609,0.4654209062381137,0.2190257806835346
2679324.694,1253484.105,2426,111,Affoltern,11,Kreis 11,27439.0,5228.0,1203.0,0.1905317249170888,0.04384270563796057,11812,4358,0.3689468337284118,27700.0,30520.0,0.10180505415162455,1152.3607070320081,0,497.5519436811258,1,0.2526225362487306,0.372294141476823,0.7425147195071804,0.2190257806835346
2679724.694,1253484.105,2427,111,Affoltern,11,Kreis 11,27439.0,5228.0,1203.0,0.1905317249170888,0.04384270563796057,11812,4358,0.3689468337284118,27700.0,30520.0,0.10180505415162455,828.1183484934837,1,150.0437824802264,2,0.2526225362487306,0.2673883326664256,0.9245958809677807,0.2190257806835346
2679124.694,1253484.105,2428,111,Affoltern,11,Kreis 11,27439.0,5228.0,1203.0,0.1905317249170888,0.04384270563796057,11812,4358,0.3689468337284118,27700.0,30520.0,0.10180505415162455,1330.0424050048846,0,692.8782985927706,0,0.2526225362487306,0.4297815170333843,0.6401710811785919,0.2190257806835346
2679524.694,1253484.105,2429,111,Affoltern,11,Kreis 11,27439.0,5228.0,1203.0,0.1905317249170888,0.04384270563796057,11812,4358,0.3689468337284118,27700.0,30520.0,0.10180505415162455,983.2891736978712,1,308.2783428347179,2,0.2526225362487306,0.3175925101687582,0.8416869431374058,0.2190257806835346
2679324.694,1253684.105,2430,111,Affoltern,11,Kreis 11,27439.0,5228.0,1203.0,0.1905317249170888,0.04384270563796057,11812,4358,0.3689468337284118,27700.0,30520.0,0.10180505415162455,1262.974900428073,0,581.3776196766253,0,0.2526225362487306,0.40808240639207827,0.6985932288787726,0.2190257806835346
2679724.694,1253684.105,2431,111,Affoltern,11,Kreis 11,27439.0,5228.0,1203.0,0.1905317249170888,0.04384270563796057,11812,4358,0.3689468337284118,27700.0,30520.0,0.10180505415162455,976.191783980774,1,336.0879894625306,1,0.2526225362487306,0.3152962111531988,0.8271157378445504,0.2190257806835346
2679124.694,1253684.105,2432,111,Affoltern,11,Kreis 11,27439.0,5228.0,1203.0,0.1905317249170888,0.04384270563796057,11812,4358,0.3689468337284118,27700.0,30520.0,0.10180505415162455,1426.9489125792725,0,755.3292902177203,0,0.2526225362487306,0.4611347788400899,0.6074491184766475,0.2190257806835346
2679524.694,1253684.105,2433,111,Affoltern,11,Kreis 11,27439.0,5228.0,1203.0,0.1905317249170888,0.04384270563796057,11812,4358,0.3689468337284118,27700.0,30520.0,0.10180505415162455,1110.8681285874725,0,430.6710306729632,1,0.2526225362487306,0.35886957683643317,0.7775577938280493,0.2190257806835346
2679324.694,1253884.105,2434,111,Affoltern,11,Kreis 11,27439.0,5228.0,1203.0,0.1905317249170888,0.04384270563796057,11812,4358,0.3689468337284118,27700.0,30520.0,0.10180505415162455,1393.655624288616,0,713.0511458940736,0,0.2526225362487306,0.45036302356470975,0.6296012705189075,0.2190257806835346
2679724.694,1253884.105,2435,111,Affoltern,11,Kreis 11,27439.0,5228.0,1203.0,0.1905317249170888,0.04384270563796057,11812,4358,0.3689468337284118,27700.0,30520.0,0.10180505415162455,1140.2283977833376,0,532.350576839134,0,0.2526225362487306,0.36836883782369645,0.7242815490378732,0.2190257806835346
2682124.694,1253884.105,2436,119,Seebach,11,Kreis 11,29320.0,5070.0,1191.0,0.17291950886766713,0.04062073669849932,13596,5592,0.411297440423654,29320.0,34500.0,0.1766712141882674,818.2520359871074,1,768.472487901026,0,0.3095205618483724,0.26419617264722633,0.6005625789167923,0.44986169372045287
2681924.694,1253884.105,2437,111,Affoltern,11,Kreis 11,27439.0,5228.0,1203.0,0.1905317249170888,0.04384270563796057,11812,4358,0.3689468337284118,27700.0,30520.0,0.10180505415162455,1016.3280938737513,0,755.6098309717657,0,0.2526225362487306,0.32828196684214056,0.6073021257091767,0.2190257806835346
2682324.694,1254084.105,2438,119,Seebach,11,Kreis 11,29320.0,5070.0,1191.0,0.17291950886766713,0.04062073669849932,13596,5592,0.411297440423654,29320.0,34500.0,0.1766712141882674,690.3755459147409,1,660.9610916391666,0,0.3095205618483724,0.22282284104631375,0.6568944930622362,0.44986169372045287
2681924.694,1254084.105,2439,111,Affoltern,11,Kreis 11,27439.0,5228.0,1203.0,0.1905317249170888,0.04384270563796057,11812,4358,0.3689468337284118,27700.0,30520.0,0.10180505415162455,1059.901502214752,0,846.0426801652343,0,0.2526225362487306,0.3423797659860957,0.559918725680713,0.2190257806835346
2682124.694,1254084.105,2440,111,Affoltern,11,Kreis 11,27439.0,5228.0,1203.0,0.1905317249170888,0.04384270563796057,11812,4358,0.3689468337284118,27700.0,30520.0,0.10180505415162455,871.7825384791108,1,834.8604462188787,0,0.2526225362487306,0.28151550342579085,0.565777794249464,0.2190257806835346
2681524.694,1253884.105,2441,111,Affoltern,11,Kreis 11,27439.0,5228.0,1203.0,0.1905317249170888,0.04384270563796057,11812,4358,0.3689468337284118,27700.0,30520.0,0.10180505415162455,1414.1059346445954,0,404.95804308727224,1,0.2526225362487306,0.45697954448439326,0.7910304289110509,0.2190257806835346
2681724.694,1253884.105,2442,111,Affoltern,11,Kreis 11,27439.0,5228.0,1203.0,0.1905317249170888,0.04384270563796057,11812,4358,0.3689468337284118,27700.0,30520.0,0.10180505415162455,1215.0346474060148,0,572.2487367055752,0,0.2526225362487306,0.3925717524462997,0.7033764190302285,0.2190257806835346
2681724.694,1254084.105,2443,111,Affoltern,11,Kreis 11,27439.0,5228.0,1203.0,0.1905317249170888,0.04384270563796057,11812,4358,0.3689468337284118,27700.0,30520.0,0.10180505415162455,1251.7098682989977,0,687.248584328203,0,0.2526225362487306,0.4044377027447744,0.643120838986988,0.2190257806835346
2681524.694,1254084.105,2444,111,Affoltern,11,Kreis 11,27439.0,5228.0,1203.0,0.1905317249170888,0.04384270563796057,11812,4358,0.3689468337284118,27700.0,30520.0,0.10180505415162455,1445.7399470157488,0,555.7274661748019,0,0.2526225362487306,0.46721445539693424,0.7120329412731952,0.2190257806835346
2681324.694,1254084.105,2445,111,Affoltern,11,Kreis 11,27439.0,5228.0,1203.0,0.1905317249170888,0.04384270563796057,11812,4358,0.3689468337284118,27700.0,30520.0,0.10180505415162455,1535.796340376096,0,474.7161432487965,1,0.2526225362487306,0.49635142203694227,0.7544798171072832,0.2190257806835346
2682524.694,1253884.105,2446,119,Seebach,11,Kreis 11,29320.0,5070.0,1191.0,0.17291950886766713,0.04062073669849932,13596,5592,0.411297440423654,29320.0,34500.0,0.1766712141882674,427.50858985175347,1,387.69210033337004,1,0.3095205618483724,0.13777451250709716,0.8000771312948988,0.44986169372045287
2682324.694,1253884.105,2447,119,Seebach,11,Kreis 11,29320.0,5070.0,1191.0,0.17291950886766713,0.04062073669849932,13596,5592,0.411297440423654,29320.0,34500.0,0.1766712141882674,621.4096832179562,1,574.8282914582809,0,0.3095205618483724,0.20050953306544608,0.7020248296925833,0.44986169372045287
2682724.694,1253884.105,2448,119,Seebach,11,Kreis 11,29320.0,5070.0,1191.0,0.17291950886766713,0.04062073669849932,13596,5592,0.411297440423654,29320.0,34500.0,0.1766712141882674,243.6743613863157,2,224.01509918073268,2,0.3095205618483724,0.07829653895938507,0.8858377027049928,0.44986169372045287
2682724.694,1254084.105,2449,119,Seebach,11,Kreis 11,29320.0,5070.0,1191.0,0.17291950886766713,0.04062073669849932,13596,5592,0.411297440423654,29320.0,34500.0,0.1766712141882674,387.0989465202205,2,395.75846757959084,1,0.3095205618483724,0.12470032214979235,0.795850659283755,0.44986169372045287
2682524.694,1254084.105,2450,119,Seebach,11,Kreis 11,29320.0,5070.0,1191.0,0.17291950886766713,0.04062073669849932,13596,5592,0.411297440423654,29320.0,34500.0,0.1766712141882674,522.7159787083905,1,506.7022445785023,0,0.3095205618483724,0.1685780391584271,0.7377203071706451,0.44986169372045287
2679524.694,1253884.105,2451,111,Affoltern,11,Kreis 11,27439.0,5228.0,1203.0,0.1905317249170888,0.04384270563796057,11812,4358,0.3689468337284118,27700.0,30520.0,0.10180505415162455,1257.457116211692,0,596.5899233652082,0,0.2526225362487306,0.4062971750649014,0.6906225558605145,0.2190257806835346
2679124.694,1253884.105,2452,111,Affoltern,11,Kreis 11,27439.0,5228.0,1203.0,0.1905317249170888,0.04384270563796057,11812,4358,0.3689468337284118,27700.0,30520.0,0.10180505415162455,1543.8113871555552,0,860.7928535140134,0,0.2526225362487306,0.49894462105277176,0.5521901915196457,0.2190257806835346
2679524.694,1254084.105,2453,111,Affoltern,11,Kreis 11,27439.0,5228.0,1203.0,0.1905317249170888,0.04384270563796057,11812,4358,0.3689468337284118,27700.0,30520.0,0.10180505415162455,1417.169290914609,0,778.6921963528963,0,0.2526225362487306,0.4579706668924237,0.5952078373812992,0.2190257806835346
2679724.694,1254084.105,2454,111,Affoltern,11,Kreis 11,27439.0,5228.0,1203.0,0.1905317249170888,0.04384270563796057,11812,4358,0.3689468337284118,27700.0,30520.0,0.10180505415162455,1314.2645088077013,0,730.6429611383054,0,0.2526225362487306,0.42467671527536427,0.6203838232486023,0.2190257806835346
2679324.694,1254084.105,2455,111,Affoltern,11,Kreis 11,27439.0,5228.0,1203.0,0.1905317249170888,0.04384270563796057,11812,4358,0.3689468337284118,27700.0,30520.0,0.10180505415162455,1539.3006201230749,0,871.1394473107299,0,0.2526225362487306,0.49748520141978325,0.5467689668521246,0.2190257806835346
2680324.694,1253884.105,2456,111,Affoltern,11,Kreis 11,27439.0,5228.0,1203.0,0.1905317249170888,0.04384270563796057,11812,4358,0.3689468337284118,27700.0,30520.0,0.10180505415162455,967.9297490582438,1,675.7344616497076,0,0.2526225362487306,0.3126231012613437,0.649153804725851,0.2190257806835346
2680524.694,1254084.105,2457,111,Affoltern,11,Kreis 11,27439.0,5228.0,1203.0,0.1905317249170888,0.04384270563796057,11812,4358,0.3689468337284118,27700.0,30520.0,0.10180505415162455,1184.4749043825618,0,819.2842367950816,0,0.2526225362487306,0.3826844120834818,0.5739391401391188,0.2190257806835346
2680324.694,1254084.105,2458,111,Affoltern,11,Kreis 11,27439.0,5228.0,1203.0,0.1905317249170888,0.04384270563796057,11812,4358,0.3689468337284118,27700.0,30520.0,0.10180505415162455,1167.9291070574216,0,871.0103688596438,0,0.2526225362487306,0.3773311625616414,0.5468365990890541,0.2190257806835346
2680724.694,1254084.105,2459,111,Affoltern,11,Kreis 11,27439.0,5228.0,1203.0,0.1905317249170888,0.04384270563796057,11812,4358,0.3689468337284118,27700.0,30520.0,0.10180505415162455,1233.6544082976445,0,674.479515375264,0,0.2526225362487306,0.39859601493006935,0.6498113492118041,0.2190257806835346
2680524.694,1254284.105,2460,111,Affoltern,11,Kreis 11,27439.0,5228.0,1203.0,0.1905317249170888,0.04384270563796057,11812,4358,0.3689468337284118,27700.0,30520.0,0.10180505415162455,1382.0821969449103,0,957.2288214741499,0,0.2526225362487306,0.44661854131485107,0.5016613838160254,0.2190257806835346
2679924.694,1254084.105,2461,111,Affoltern,11,Kreis 11,27439.0,5228.0,1203.0,0.1905317249170888,0.04384270563796057,11812,4358,0.3689468337284118,27700.0,30520.0,0.10180505415162455,1235.4001777204344,0,735.7423031612392,0,0.2526225362487306,0.3991608435173018,0.6177119604784964,0.2190257806835346
2680124.694,1254084.105,2462,111,Affoltern,11,Kreis 11,27439.0,5228.0,1203.0,0.1905317249170888,0.04384270563796057,11812,4358,0.3689468337284118,27700.0,30520.0,0.10180505415162455,1185.384325487651,0,792.9655330851767,0,0.2526225362487306,0.3829786474110579,0.5877291476113937,0.2190257806835346
2680324.694,1254284.105,2463,111,Affoltern,11,Kreis 11,27439.0,5228.0,1203.0,0.1905317249170888,0.04384270563796057,11812,4358,0.3689468337284118,27700.0,30520.0,0.10180505415162455,1367.9286527856405,0,1061.4678217737478,0,0.2526225362487306,0.44203928460004566,0.4470440816541057,0.2190257806835346
2680124.694,1254284.105,2464,111,Affoltern,11,Kreis 11,27439.0,5228.0,1203.0,0.1905317249170888,0.04384270563796057,11812,4358,0.3689468337284118,27700.0,30520.0,0.10180505415162455,1382.8616702735687,0,979.406114265707,0,0.2526225362487306,0.44687073316405185,0.49004131936751294,0.2190257806835346
2679924.694,1254284.105,2465,111,Affoltern,11,Kreis 11,27439.0,5228.0,1203.0,0.1905317249170888,0.04384270563796057,11812,4358,0.3689468337284118,27700.0,30520.0,0.10180505415162455,1425.9677412591325,0,933.680211132804,0,0.2526225362487306,0.46081732935142716,0.513999966906903,0.2190257806835346
