"StichtagDatJahr","QuarSort","QuarLang","KreisSort","KreisLang","HHtypSort","HHtypLang","AnzHH","AnzBestWir"
2015,11,"Rathaus",1,"Kreis 1",1,"Einpersonenhaushalt",1151,1151
2015,11,"Rathaus",1,"Kreis 1",4,"Zweipersonenhaushalt",274,548
2015,11,"Rathaus",1,"Kreis 1",5,"Ehepaar ohne Kinder",177,354
2015,11,"Rathaus",1,"Kreis 1",6,"Eingetragenes Paar ohne Kinder",10,20
2015,11,"Rathaus",1,"Kreis 1",7,"Ein-Elternhaushalt",54,124
2015,11,"Rathaus",1,"Kreis 1",8,"Ehepaar mit Kind(ern)",108,397
2015,11,"Rathaus",1,"Kreis 1",10,"Paar mit Kind(ern)",21,74
2015,11,"Rathaus",1,"Kreis 1",11,"Patchwork-Haushalt",6,19
2015,11,"Rathaus",1,"Kreis 1",12,"Wohngemeinschaft ohne Kinder",71,252
2015,11,"Rathaus",1,"Kreis 1",13,"Wohngemeinschaft mit Kind(ern)",15,70
2015,11,"Rathaus",1,"Kreis 1",14,"Generationenhaushalt",2,6
2015,12,"Hochschulen",1,"Kreis 1",1,"Einpersonenhaushalt",109,109
2015,12,"Hochschulen",1,"Kreis 1",4,"Zweipersonenhaushalt",40,80
2015,12,"Hochschulen",1,"Kreis 1",5,"Ehepaar ohne Kinder",23,46
2015,12,"Hochschulen",1,"Kreis 1",6,"Eingetragenes Paar ohne Kinder",1,2
2015,12,"Hochschulen",1,"Kreis 1",7,"Ein-Elternhaushalt",6,13
2015,12,"Hochschulen",1,"Kreis 1",8,"Ehepaar mit Kind(ern)",19,73
2015,12,"Hochschulen",1,"Kreis 1",10,"Paar mit Kind(ern)",1,3
2015,12,"Hochschulen",1,"Kreis 1",11,"Patchwork-Haushalt",2,7
2015,12,"Hochschulen",1,"Kreis 1",12,"Wohngemeinschaft ohne Kinder",11,46
2015,12,"Hochschulen",1,"Kreis 1",13,"Wohngemeinschaft mit Kind(ern)",5,23
2015,13,"Lindenhof",1,"Kreis 1",1,"Einpersonenhaushalt",355,355
2015,13,"Lindenhof",1,"Kreis 1",4,"Zweipersonenhaushalt",91,182
2015,13,"Lindenhof",1,"Kreis 1",5,"Ehepaar ohne Kinder",59,118
2015,13,"Lindenhof",1,"Kreis 1",6,"Eingetragenes Paar ohne Kinder",1,2
2015,13,"Lindenhof",1,"Kreis 1",7,"Ein-Elternhaushalt",15,33
2015,13,"Lindenhof",1,"Kreis 1",8,"Ehepaar mit Kind(ern)",30,117
2015,13,"Lindenhof",1,"Kreis 1",10,"Paar mit Kind(ern)",7,21
2015,13,"Lindenhof",1,"Kreis 1",11,"Patchwork-Haushalt",3,10
2015,13,"Lindenhof",1,"Kreis 1",12,"Wohngemeinschaft ohne Kinder",16,58
2015,13,"Lindenhof",1,"Kreis 1",13,"Wohngemeinschaft mit Kind(ern)",8,31
2015,13,"Lindenhof",1,"Kreis 1",14,"Generationenhaushalt",2,7
2015,14,"City",1,"Kreis 1",1,"Einpersonenhaushalt",131,131
2015,14,"City",1,"Kreis 1",4,"Zweipersonenhaushalt",53,106
2015,14,"City",1,"Kreis 1",5,"Ehepaar ohne Kinder",39,78
2015,14,"City",1,"Kreis 1",6,"Eingetragenes Paar ohne Kinder",3,6
2015,14,"City",1,"Kreis 1",7,"Ein-Elternhaushalt",10,26
2015,14,"City",1,"Kreis 1",8,"Ehepaar mit Kind(ern)",39,151
2015,14,"City",1,"Kreis 1",10,"Paar mit Kind(ern)",7,23
2015,14,"City",1,"Kreis 1",12,"Wohngemeinschaft ohne Kinder",24,85
2015,14,"City",1,"Kreis 1",13,"Wohngemeinschaft mit Kind(ern)",7,57
2015,14,"City",1,"Kreis 1",14,"Generationenhaushalt",3,25
2015,21,"Wollishofen",2,"Kreis 2",1,"Einpersonenhaushalt",3735,3735
2015,21,"Wollishofen",2,"Kreis 2",4,"Zweipersonenhaushalt",989,1978
2015,21,"Wollishofen",2,"Kreis 2",5,"Ehepaar ohne Kinder",1071,2142
2015,21,"Wollishofen",2,"Kreis 2",6,"Eingetragenes Paar ohne Kinder",15,30
2015,21,"Wollishofen",2,"Kreis 2",7,"Ein-Elternhaushalt",418,986
2015,21,"Wollishofen",2,"Kreis 2",8,"Ehepaar mit Kind(ern)",1136,4269
2015,21,"Wollishofen",2,"Kreis 2",10,"Paar mit Kind(ern)",175,624
2015,21,"Wollishofen",2,"Kreis 2",11,"Patchwork-Haushalt",40,135
2015,21,"Wollishofen",2,"Kreis 2",12,"Wohngemeinschaft ohne Kinder",230,786
2015,21,"Wollishofen",2,"Kreis 2",13,"Wohngemeinschaft mit Kind(ern)",128,611
2015,21,"Wollishofen",2,"Kreis 2",14,"Generationenhaushalt",34,179
2015,23,"Leimbach",2,"Kreis 2",1,"Einpersonenhaushalt",852,852
2015,23,"Leimbach",2,"Kreis 2",4,"Zweipersonenhaushalt",241,482
2015,23,"Leimbach",2,"Kreis 2",5,"Ehepaar ohne Kinder",393,786
2015,23,"Leimbach",2,"Kreis 2",6,"Eingetragenes Paar ohne Kinder",3,6
2015,23,"Leimbach",2,"Kreis 2",7,"Ein-Elternhaushalt",144,396
2015,23,"Leimbach",2,"Kreis 2",8,"Ehepaar mit Kind(ern)",577,2295
2015,23,"Leimbach",2,"Kreis 2",10,"Paar mit Kind(ern)",54,193
2015,23,"Leimbach",2,"Kreis 2",11,"Patchwork-Haushalt",21,72
2015,23,"Leimbach",2,"Kreis 2",12,"Wohngemeinschaft ohne Kinder",98,338
2015,23,"Leimbach",2,"Kreis 2",13,"Wohngemeinschaft mit Kind(ern)",74,380
2015,23,"Leimbach",2,"Kreis 2",14,"Generationenhaushalt",28,173
2015,24,"Enge",2,"Kreis 2",1,"Einpersonenhaushalt",2012,2012
2015,24,"Enge",2,"Kreis 2",4,"Zweipersonenhaushalt",701,1402
2015,24,"Enge",2,"Kreis 2",5,"Ehepaar ohne Kinder",529,1058
2015,24,"Enge",2,"Kreis 2",6,"Eingetragenes Paar ohne Kinder",21,42
2015,24,"Enge",2,"Kreis 2",7,"Ein-Elternhaushalt",144,347
2015,24,"Enge",2,"Kreis 2",8,"Ehepaar mit Kind(ern)",593,2300
2015,24,"Enge",2,"Kreis 2",10,"Paar mit Kind(ern)",83,281
2015,24,"Enge",2,"Kreis 2",11,"Patchwork-Haushalt",17,58
2015,24,"Enge",2,"Kreis 2",12,"Wohngemeinschaft ohne Kinder",225,781
2015,24,"Enge",2,"Kreis 2",13,"Wohngemeinschaft mit Kind(ern)",83,458
2015,24,"Enge",2,"Kreis 2",14,"Generationenhaushalt",17,103
2015,24,"Enge",2,"Kreis 2",15,"Familien-Verbund",1,6
2015,31,"Alt-Wiedikon",3,"Kreis 3",1,"Einpersonenhaushalt",4248,4248
2015,31,"Alt-Wiedikon",3,"Kreis 3",4,"Zweipersonenhaushalt",1574,3148
2015,31,"Alt-Wiedikon",3,"Kreis 3",5,"Ehepaar ohne Kinder",803,1606
2015,31,"Alt-Wiedikon",3,"Kreis 3",6,"Eingetragenes Paar ohne Kinder",39,78
2015,31,"Alt-Wiedikon",3,"Kreis 3",7,"Ein-Elternhaushalt",208,465
2015,31,"Alt-Wiedikon",3,"Kreis 3",8,"Ehepaar mit Kind(ern)",961,3750
2015,31,"Alt-Wiedikon",3,"Kreis 3",9,"Eingetragenes Paar mit Kind(ern)",1,4
2015,31,"Alt-Wiedikon",3,"Kreis 3",10,"Paar mit Kind(ern)",158,544
2015,31,"Alt-Wiedikon",3,"Kreis 3",11,"Patchwork-Haushalt",46,151
2015,31,"Alt-Wiedikon",3,"Kreis 3",12,"Wohngemeinschaft ohne Kinder",388,1287
2015,31,"Alt-Wiedikon",3,"Kreis 3",13,"Wohngemeinschaft mit Kind(ern)",197,1049
2015,31,"Alt-Wiedikon",3,"Kreis 3",14,"Generationenhaushalt",44,273
2015,33,"Friesenberg",3,"Kreis 3",1,"Einpersonenhaushalt",1227,1227
2015,33,"Friesenberg",3,"Kreis 3",4,"Zweipersonenhaushalt",327,654
2015,33,"Friesenberg",3,"Kreis 3",5,"Ehepaar ohne Kinder",608,1216
2015,33,"Friesenberg",3,"Kreis 3",6,"Eingetragenes Paar ohne Kinder",2,4
2015,33,"Friesenberg",3,"Kreis 3",7,"Ein-Elternhaushalt",341,897
2015,33,"Friesenberg",3,"Kreis 3",8,"Ehepaar mit Kind(ern)",1144,4659
2015,33,"Friesenberg",3,"Kreis 3",9,"Eingetragenes Paar mit Kind(ern)",1,4
2015,33,"Friesenberg",3,"Kreis 3",10,"Paar mit Kind(ern)",135,509
2015,33,"Friesenberg",3,"Kreis 3",11,"Patchwork-Haushalt",26,91
2015,33,"Friesenberg",3,"Kreis 3",12,"Wohngemeinschaft ohne Kinder",77,248
2015,33,"Friesenberg",3,"Kreis 3",13,"Wohngemeinschaft mit Kind(ern)",91,454
2015,33,"Friesenberg",3,"Kreis 3",14,"Generationenhaushalt",29,156
2015,34,"Sihlfeld",3,"Kreis 3",1,"Einpersonenhaushalt",5397,5397
2015,34,"Sihlfeld",3,"Kreis 3",4,"Zweipersonenhaushalt",2001,4002
2015,34,"Sihlfeld",3,"Kreis 3",5,"Ehepaar ohne Kinder",885,1770
2015,34,"Sihlfeld",3,"Kreis 3",6,"Eingetragenes Paar ohne Kinder",29,58
2015,34,"Sihlfeld",3,"Kreis 3",7,"Ein-Elternhaushalt",436,1017
2015,34,"Sihlfeld",3,"Kreis 3",8,"Ehepaar mit Kind(ern)",1083,4147
2015,34,"Sihlfeld",3,"Kreis 3",9,"Eingetragenes Paar mit Kind(ern)",2,6
2015,34,"Sihlfeld",3,"Kreis 3",10,"Paar mit Kind(ern)",222,757
2015,34,"Sihlfeld",3,"Kreis 3",11,"Patchwork-Haushalt",46,150
2015,34,"Sihlfeld",3,"Kreis 3",12,"Wohngemeinschaft ohne Kinder",527,1747
2015,34,"Sihlfeld",3,"Kreis 3",13,"Wohngemeinschaft mit Kind(ern)",210,1098
2015,34,"Sihlfeld",3,"Kreis 3",14,"Generationenhaushalt",63,357
2015,41,"Werd",4,"Kreis 4",1,"Einpersonenhaushalt",985,985
2015,41,"Werd",4,"Kreis 4",4,"Zweipersonenhaushalt",413,826
2015,41,"Werd",4,"Kreis 4",5,"Ehepaar ohne Kinder",138,276
2015,41,"Werd",4,"Kreis 4",6,"Eingetragenes Paar ohne Kinder",14,28
2015,41,"Werd",4,"Kreis 4",7,"Ein-Elternhaushalt",42,97
2015,41,"Werd",4,"Kreis 4",8,"Ehepaar mit Kind(ern)",180,795
2015,41,"Werd",4,"Kreis 4",10,"Paar mit Kind(ern)",47,154
2015,41,"Werd",4,"Kreis 4",11,"Patchwork-Haushalt",10,35
2015,41,"Werd",4,"Kreis 4",12,"Wohngemeinschaft ohne Kinder",187,664
2015,41,"Werd",4,"Kreis 4",13,"Wohngemeinschaft mit Kind(ern)",50,301
2015,41,"Werd",4,"Kreis 4",14,"Generationenhaushalt",9,83
2015,41,"Werd",4,"Kreis 4",15,"Familien-Verbund",1,4
2015,42,"Langstrasse",4,"Kreis 4",1,"Einpersonenhaushalt",2905,2905
2015,42,"Langstrasse",4,"Kreis 4",4,"Zweipersonenhaushalt",1339,2678
2015,42,"Langstrasse",4,"Kreis 4",5,"Ehepaar ohne Kinder",362,724
2015,42,"Langstrasse",4,"Kreis 4",6,"Eingetragenes Paar ohne Kinder",33,66
2015,42,"Langstrasse",4,"Kreis 4",7,"Ein-Elternhaushalt",107,244
2015,42,"Langstrasse",4,"Kreis 4",8,"Ehepaar mit Kind(ern)",287,1029
2015,42,"Langstrasse",4,"Kreis 4",9,"Eingetragenes Paar mit Kind(ern)",1,3
2015,42,"Langstrasse",4,"Kreis 4",10,"Paar mit Kind(ern)",98,331
2015,42,"Langstrasse",4,"Kreis 4",11,"Patchwork-Haushalt",17,55
2015,42,"Langstrasse",4,"Kreis 4",12,"Wohngemeinschaft ohne Kinder",488,1706
2015,42,"Langstrasse",4,"Kreis 4",13,"Wohngemeinschaft mit Kind(ern)",82,407
2015,42,"Langstrasse",4,"Kreis 4",14,"Generationenhaushalt",25,135
2015,44,"Hard",4,"Kreis 4",1,"Einpersonenhaushalt",2830,2830
2015,44,"Hard",4,"Kreis 4",4,"Zweipersonenhaushalt",1117,2232
2015,44,"Hard",4,"Kreis 4",5,"Ehepaar ohne Kinder",563,1126
2015,44,"Hard",4,"Kreis 4",6,"Eingetragenes Paar ohne Kinder",17,34
2015,44,"Hard",4,"Kreis 4",7,"Ein-Elternhaushalt",331,787
2015,44,"Hard",4,"Kreis 4",8,"Ehepaar mit Kind(ern)",777,2896
2015,44,"Hard",4,"Kreis 4",10,"Paar mit Kind(ern)",108,373
2015,44,"Hard",4,"Kreis 4",11,"Patchwork-Haushalt",41,134
2015,44,"Hard",4,"Kreis 4",12,"Wohngemeinschaft ohne Kinder",401,1354
2015,44,"Hard",4,"Kreis 4",13,"Wohngemeinschaft mit Kind(ern)",146,696
2015,44,"Hard",4,"Kreis 4",14,"Generationenhaushalt",49,239
2015,51,"Gewerbeschule",5,"Kreis 5",1,"Einpersonenhaushalt",2306,2306
2015,51,"Gewerbeschule",5,"Kreis 5",4,"Zweipersonenhaushalt",965,1930
2015,51,"Gewerbeschule",5,"Kreis 5",5,"Ehepaar ohne Kinder",391,782
2015,51,"Gewerbeschule",5,"Kreis 5",6,"Eingetragenes Paar ohne Kinder",28,56
2015,51,"Gewerbeschule",5,"Kreis 5",7,"Ein-Elternhaushalt",155,363
2015,51,"Gewerbeschule",5,"Kreis 5",8,"Ehepaar mit Kind(ern)",413,1569
2015,51,"Gewerbeschule",5,"Kreis 5",10,"Paar mit Kind(ern)",121,425
2015,51,"Gewerbeschule",5,"Kreis 5",11,"Patchwork-Haushalt",16,54
2015,51,"Gewerbeschule",5,"Kreis 5",12,"Wohngemeinschaft ohne Kinder",310,1053
2015,51,"Gewerbeschule",5,"Kreis 5",13,"Wohngemeinschaft mit Kind(ern)",73,352
2015,51,"Gewerbeschule",5,"Kreis 5",14,"Generationenhaushalt",40,217
2015,52,"Escher Wyss",5,"Kreis 5",1,"Einpersonenhaushalt",1065,1065
2015,52,"Escher Wyss",5,"Kreis 5",4,"Zweipersonenhaushalt",674,1348
2015,52,"Escher Wyss",5,"Kreis 5",5,"Ehepaar ohne Kinder",271,542
2015,52,"Escher Wyss",5,"Kreis 5",6,"Eingetragenes Paar ohne Kinder",44,88
2015,52,"Escher Wyss",5,"Kreis 5",7,"Ein-Elternhaushalt",77,187
2015,52,"Escher Wyss",5,"Kreis 5",8,"Ehepaar mit Kind(ern)",214,763
2015,52,"Escher Wyss",5,"Kreis 5",9,"Eingetragenes Paar mit Kind(ern)",1,3
2015,52,"Escher Wyss",5,"Kreis 5",10,"Paar mit Kind(ern)",78,263
2015,52,"Escher Wyss",5,"Kreis 5",11,"Patchwork-Haushalt",18,60
2015,52,"Escher Wyss",5,"Kreis 5",12,"Wohngemeinschaft ohne Kinder",232,779
2015,52,"Escher Wyss",5,"Kreis 5",13,"Wohngemeinschaft mit Kind(ern)",51,239
2015,52,"Escher Wyss",5,"Kreis 5",14,"Generationenhaushalt",8,46
2015,61,"Unterstrass",6,"Kreis 6",1,"Einpersonenhaushalt",4834,4834
2015,61,"Unterstrass",6,"Kreis 6",4,"Zweipersonenhaushalt",1773,3546
2015,61,"Unterstrass",6,"Kreis 6",5,"Ehepaar ohne Kinder",1190,2380
2015,61,"Unterstrass",6,"Kreis 6",6,"Eingetragenes Paar ohne Kinder",36,72
2015,61,"Unterstrass",6,"Kreis 6",7,"Ein-Elternhaushalt",480,1152
2015,61,"Unterstrass",6,"Kreis 6",8,"Ehepaar mit Kind(ern)",1438,5489
2015,61,"Unterstrass",6,"Kreis 6",10,"Paar mit Kind(ern)",291,1038
2015,61,"Unterstrass",6,"Kreis 6",11,"Patchwork-Haushalt",56,183
2015,61,"Unterstrass",6,"Kreis 6",12,"Wohngemeinschaft ohne Kinder",546,1850
2015,61,"Unterstrass",6,"Kreis 6",13,"Wohngemeinschaft mit Kind(ern)",176,833
2015,61,"Unterstrass",6,"Kreis 6",14,"Generationenhaushalt",31,151
2015,63,"Oberstrass",6,"Kreis 6",1,"Einpersonenhaushalt",2392,2392
2015,63,"Oberstrass",6,"Kreis 6",4,"Zweipersonenhaushalt",694,1388
2015,63,"Oberstrass",6,"Kreis 6",5,"Ehepaar ohne Kinder",585,1170
2015,63,"Oberstrass",6,"Kreis 6",6,"Eingetragenes Paar ohne Kinder",16,32
2015,63,"Oberstrass",6,"Kreis 6",7,"Ein-Elternhaushalt",177,431
2015,63,"Oberstrass",6,"Kreis 6",8,"Ehepaar mit Kind(ern)",648,2443
2015,63,"Oberstrass",6,"Kreis 6",10,"Paar mit Kind(ern)",125,444
2015,63,"Oberstrass",6,"Kreis 6",11,"Patchwork-Haushalt",22,76
2015,63,"Oberstrass",6,"Kreis 6",12,"Wohngemeinschaft ohne Kinder",226,796
2015,63,"Oberstrass",6,"Kreis 6",13,"Wohngemeinschaft mit Kind(ern)",111,551
2015,63,"Oberstrass",6,"Kreis 6",14,"Generationenhaushalt",22,120
2015,71,"Fluntern",7,"Kreis 7",1,"Einpersonenhaushalt",1374,1374
2015,71,"Fluntern",7,"Kreis 7",4,"Zweipersonenhaushalt",429,858
2015,71,"Fluntern",7,"Kreis 7",5,"Ehepaar ohne Kinder",573,1146
2015,71,"Fluntern",7,"Kreis 7",6,"Eingetragenes Paar ohne Kinder",27,54
2015,71,"Fluntern",7,"Kreis 7",7,"Ein-Elternhaushalt",134,340
2015,71,"Fluntern",7,"Kreis 7",8,"Ehepaar mit Kind(ern)",537,2014
2015,71,"Fluntern",7,"Kreis 7",9,"Eingetragenes Paar mit Kind(ern)",2,7
2015,71,"Fluntern",7,"Kreis 7",10,"Paar mit Kind(ern)",63,225
2015,71,"Fluntern",7,"Kreis 7",11,"Patchwork-Haushalt",22,72
2015,71,"Fluntern",7,"Kreis 7",12,"Wohngemeinschaft ohne Kinder",156,552
2015,71,"Fluntern",7,"Kreis 7",13,"Wohngemeinschaft mit Kind(ern)",130,638
2015,71,"Fluntern",7,"Kreis 7",14,"Generationenhaushalt",12,57
2015,71,"Fluntern",7,"Kreis 7",15,"Familien-Verbund",1,5
2015,72,"Hottingen",7,"Kreis 7",1,"Einpersonenhaushalt",2389,2389
2015,72,"Hottingen",7,"Kreis 7",4,"Zweipersonenhaushalt",725,1450
2015,72,"Hottingen",7,"Kreis 7",5,"Ehepaar ohne Kinder",609,1218
2015,72,"Hottingen",7,"Kreis 7",6,"Eingetragenes Paar ohne Kinder",19,38
2015,72,"Hottingen",7,"Kreis 7",7,"Ein-Elternhaushalt",194,462
2015,72,"Hottingen",7,"Kreis 7",8,"Ehepaar mit Kind(ern)",748,2792
2015,72,"Hottingen",7,"Kreis 7",9,"Eingetragenes Paar mit Kind(ern)",1,3
2015,72,"Hottingen",7,"Kreis 7",10,"Paar mit Kind(ern)",122,440
2015,72,"Hottingen",7,"Kreis 7",11,"Patchwork-Haushalt",23,81
2015,72,"Hottingen",7,"Kreis 7",12,"Wohngemeinschaft ohne Kinder",225,769
2015,72,"Hottingen",7,"Kreis 7",13,"Wohngemeinschaft mit Kind(ern)",132,642
2015,72,"Hottingen",7,"Kreis 7",14,"Generationenhaushalt",23,124
2015,73,"Hirslanden",7,"Kreis 7",1,"Einpersonenhaushalt",1651,1651
2015,73,"Hirslanden",7,"Kreis 7",4,"Zweipersonenhaushalt",527,1054
2015,73,"Hirslanden",7,"Kreis 7",5,"Ehepaar ohne Kinder",420,840
2015,73,"Hirslanden",7,"Kreis 7",6,"Eingetragenes Paar ohne Kinder",13,26
2015,73,"Hirslanden",7,"Kreis 7",7,"Ein-Elternhaushalt",126,290
2015,73,"Hirslanden",7,"Kreis 7",8,"Ehepaar mit Kind(ern)",486,1791
2015,73,"Hirslanden",7,"Kreis 7",9,"Eingetragenes Paar mit Kind(ern)",1,3
2015,73,"Hirslanden",7,"Kreis 7",10,"Paar mit Kind(ern)",81,289
2015,73,"Hirslanden",7,"Kreis 7",11,"Patchwork-Haushalt",16,56
2015,73,"Hirslanden",7,"Kreis 7",12,"Wohngemeinschaft ohne Kinder",133,451
2015,73,"Hirslanden",7,"Kreis 7",13,"Wohngemeinschaft mit Kind(ern)",89,421
2015,73,"Hirslanden",7,"Kreis 7",14,"Generationenhaushalt",17,89
2015,74,"Witikon",7,"Kreis 7",1,"Einpersonenhaushalt",2126,2126
2015,74,"Witikon",7,"Kreis 7",4,"Zweipersonenhaushalt",518,1036
2015,74,"Witikon",7,"Kreis 7",5,"Ehepaar ohne Kinder",902,1804
2015,74,"Witikon",7,"Kreis 7",6,"Eingetragenes Paar ohne Kinder",20,40
2015,74,"Witikon",7,"Kreis 7",7,"Ein-Elternhaushalt",253,602
2015,74,"Witikon",7,"Kreis 7",8,"Ehepaar mit Kind(ern)",837,3172
2015,74,"Witikon",7,"Kreis 7",9,"Eingetragenes Paar mit Kind(ern)",1,3
2015,74,"Witikon",7,"Kreis 7",10,"Paar mit Kind(ern)",75,267
2015,74,"Witikon",7,"Kreis 7",11,"Patchwork-Haushalt",15,47
2015,74,"Witikon",7,"Kreis 7",12,"Wohngemeinschaft ohne Kinder",154,527
2015,74,"Witikon",7,"Kreis 7",13,"Wohngemeinschaft mit Kind(ern)",110,537
2015,74,"Witikon",7,"Kreis 7",14,"Generationenhaushalt",17,85
2015,81,"Seefeld",8,"Kreis 8",1,"Einpersonenhaushalt",1675,1675
2015,81,"Seefeld",8,"Kreis 8",4,"Zweipersonenhaushalt",441,882
2015,81,"Seefeld",8,"Kreis 8",5,"Ehepaar ohne Kinder",267,534
2015,81,"Seefeld",8,"Kreis 8",6,"Eingetragenes Paar ohne Kinder",15,30
2015,81,"Seefeld",8,"Kreis 8",7,"Ein-Elternhaushalt",98,228
2015,81,"Seefeld",8,"Kreis 8",8,"Ehepaar mit Kind(ern)",207,737
2015,81,"Seefeld",8,"Kreis 8",10,"Paar mit Kind(ern)",52,174
2015,81,"Seefeld",8,"Kreis 8",11,"Patchwork-Haushalt",17,53
2015,81,"Seefeld",8,"Kreis 8",12,"Wohngemeinschaft ohne Kinder",121,393
2015,81,"Seefeld",8,"Kreis 8",13,"Wohngemeinschaft mit Kind(ern)",46,219
2015,81,"Seefeld",8,"Kreis 8",14,"Generationenhaushalt",2,12
2015,82,"Mühlebach",8,"Kreis 8",1,"Einpersonenhaushalt",1716,1716
2015,82,"Mühlebach",8,"Kreis 8",4,"Zweipersonenhaushalt",438,876
2015,82,"Mühlebach",8,"Kreis 8",5,"Ehepaar ohne Kinder",331,662
2015,82,"Mühlebach",8,"Kreis 8",6,"Eingetragenes Paar ohne Kinder",12,24
2015,82,"Mühlebach",8,"Kreis 8",7,"Ein-Elternhaushalt",135,314
2015,82,"Mühlebach",8,"Kreis 8",8,"Ehepaar mit Kind(ern)",332,1209
2015,82,"Mühlebach",8,"Kreis 8",10,"Paar mit Kind(ern)",51,170
2015,82,"Mühlebach",8,"Kreis 8",11,"Patchwork-Haushalt",10,33
2015,82,"Mühlebach",8,"Kreis 8",12,"Wohngemeinschaft ohne Kinder",147,497
2015,82,"Mühlebach",8,"Kreis 8",13,"Wohngemeinschaft mit Kind(ern)",59,273
2015,82,"Mühlebach",8,"Kreis 8",14,"Generationenhaushalt",8,41
2015,83,"Weinegg",8,"Kreis 8",1,"Einpersonenhaushalt",1217,1217
2015,83,"Weinegg",8,"Kreis 8",4,"Zweipersonenhaushalt",290,580
2015,83,"Weinegg",8,"Kreis 8",5,"Ehepaar ohne Kinder",282,564
2015,83,"Weinegg",8,"Kreis 8",6,"Eingetragenes Paar ohne Kinder",14,28
2015,83,"Weinegg",8,"Kreis 8",7,"Ein-Elternhaushalt",98,239
2015,83,"Weinegg",8,"Kreis 8",8,"Ehepaar mit Kind(ern)",305,1142
2015,83,"Weinegg",8,"Kreis 8",10,"Paar mit Kind(ern)",43,156
2015,83,"Weinegg",8,"Kreis 8",11,"Patchwork-Haushalt",11,35
2015,83,"Weinegg",8,"Kreis 8",12,"Wohngemeinschaft ohne Kinder",98,327
2015,83,"Weinegg",8,"Kreis 8",13,"Wohngemeinschaft mit Kind(ern)",46,229
2015,83,"Weinegg",8,"Kreis 8",14,"Generationenhaushalt",6,33
2015,83,"Weinegg",8,"Kreis 8",15,"Familien-Verbund",1,7
2015,91,"Albisrieden",9,"Kreis 9",1,"Einpersonenhaushalt",4261,4261
2015,91,"Albisrieden",9,"Kreis 9",4,"Zweipersonenhaushalt",1208,2416
2015,91,"Albisrieden",9,"Kreis 9",5,"Ehepaar ohne Kinder",1432,2864
2015,91,"Albisrieden",9,"Kreis 9",6,"Eingetragenes Paar ohne Kinder",36,72
2015,91,"Albisrieden",9,"Kreis 9",7,"Ein-Elternhaushalt",428,993
2015,91,"Albisrieden",9,"Kreis 9",8,"Ehepaar mit Kind(ern)",1387,5125
2015,91,"Albisrieden",9,"Kreis 9",9,"Eingetragenes Paar mit Kind(ern)",2,8
2015,91,"Albisrieden",9,"Kreis 9",10,"Paar mit Kind(ern)",215,748
2015,91,"Albisrieden",9,"Kreis 9",11,"Patchwork-Haushalt",47,149
2015,91,"Albisrieden",9,"Kreis 9",12,"Wohngemeinschaft ohne Kinder",285,965
2015,91,"Albisrieden",9,"Kreis 9",13,"Wohngemeinschaft mit Kind(ern)",175,844
2015,91,"Albisrieden",9,"Kreis 9",14,"Generationenhaushalt",54,280
2015,92,"Altstetten",9,"Kreis 9",1,"Einpersonenhaushalt",6548,6548
2015,92,"Altstetten",9,"Kreis 9",4,"Zweipersonenhaushalt",2030,4060
2015,92,"Altstetten",9,"Kreis 9",5,"Ehepaar ohne Kinder",2189,4378
2015,92,"Altstetten",9,"Kreis 9",6,"Eingetragenes Paar ohne Kinder",44,88
2015,92,"Altstetten",9,"Kreis 9",7,"Ein-Elternhaushalt",725,1720
2015,92,"Altstetten",9,"Kreis 9",8,"Ehepaar mit Kind(ern)",2290,8579
2015,92,"Altstetten",9,"Kreis 9",9,"Eingetragenes Paar mit Kind(ern)",2,7
2015,92,"Altstetten",9,"Kreis 9",10,"Paar mit Kind(ern)",217,746
2015,92,"Altstetten",9,"Kreis 9",11,"Patchwork-Haushalt",78,260
2015,92,"Altstetten",9,"Kreis 9",12,"Wohngemeinschaft ohne Kinder",643,2112
2015,92,"Altstetten",9,"Kreis 9",13,"Wohngemeinschaft mit Kind(ern)",337,1653
2015,92,"Altstetten",9,"Kreis 9",14,"Generationenhaushalt",135,718
2015,101,"Höngg",10,"Kreis 10",1,"Einpersonenhaushalt",4441,4441
2015,101,"Höngg",10,"Kreis 10",4,"Zweipersonenhaushalt",1505,3010
2015,101,"Höngg",10,"Kreis 10",5,"Ehepaar ohne Kinder",1711,3422
2015,101,"Höngg",10,"Kreis 10",6,"Eingetragenes Paar ohne Kinder",39,78
2015,101,"Höngg",10,"Kreis 10",7,"Ein-Elternhaushalt",529,1281
2015,101,"Höngg",10,"Kreis 10",8,"Ehepaar mit Kind(ern)",1680,6259
2015,101,"Höngg",10,"Kreis 10",10,"Paar mit Kind(ern)",251,883
2015,101,"Höngg",10,"Kreis 10",11,"Patchwork-Haushalt",35,117
2015,101,"Höngg",10,"Kreis 10",12,"Wohngemeinschaft ohne Kinder",335,1144
2015,101,"Höngg",10,"Kreis 10",13,"Wohngemeinschaft mit Kind(ern)",207,1048
2015,101,"Höngg",10,"Kreis 10",14,"Generationenhaushalt",36,179
2015,101,"Höngg",10,"Kreis 10",15,"Familien-Verbund",2,9
2015,102,"Wipkingen",10,"Kreis 10",1,"Einpersonenhaushalt",4005,4005
2015,102,"Wipkingen",10,"Kreis 10",4,"Zweipersonenhaushalt",1544,3088
2015,102,"Wipkingen",10,"Kreis 10",5,"Ehepaar ohne Kinder",754,1508
2015,102,"Wipkingen",10,"Kreis 10",6,"Eingetragenes Paar ohne Kinder",37,74
2015,102,"Wipkingen",10,"Kreis 10",7,"Ein-Elternhaushalt",335,766
2015,102,"Wipkingen",10,"Kreis 10",8,"Ehepaar mit Kind(ern)",775,2822
2015,102,"Wipkingen",10,"Kreis 10",9,"Eingetragenes Paar mit Kind(ern)",1,3
2015,102,"Wipkingen",10,"Kreis 10",10,"Paar mit Kind(ern)",222,756
2015,102,"Wipkingen",10,"Kreis 10",11,"Patchwork-Haushalt",36,119
2015,102,"Wipkingen",10,"Kreis 10",12,"Wohngemeinschaft ohne Kinder",456,1517
2015,102,"Wipkingen",10,"Kreis 10",13,"Wohngemeinschaft mit Kind(ern)",124,628
2015,102,"Wipkingen",10,"Kreis 10",14,"Generationenhaushalt",26,135
2015,102,"Wipkingen",10,"Kreis 10",15,"Familien-Verbund",2,9
2015,111,"Affoltern",11,"Kreis 11",1,"Einpersonenhaushalt",3996,3996
2015,111,"Affoltern",11,"Kreis 11",4,"Zweipersonenhaushalt",1265,2530
2015,111,"Affoltern",11,"Kreis 11",5,"Ehepaar ohne Kinder",1729,3458
2015,111,"Affoltern",11,"Kreis 11",6,"Eingetragenes Paar ohne Kinder",24,48
2015,111,"Affoltern",11,"Kreis 11",7,"Ein-Elternhaushalt",641,1610
2015,111,"Affoltern",11,"Kreis 11",8,"Ehepaar mit Kind(ern)",2307,8725
2015,111,"Affoltern",11,"Kreis 11",9,"Eingetragenes Paar mit Kind(ern)",1,4
2015,111,"Affoltern",11,"Kreis 11",10,"Paar mit Kind(ern)",188,681
2015,111,"Affoltern",11,"Kreis 11",11,"Patchwork-Haushalt",70,233
2015,111,"Affoltern",11,"Kreis 11",12,"Wohngemeinschaft ohne Kinder",433,1466
2015,111,"Affoltern",11,"Kreis 11",13,"Wohngemeinschaft mit Kind(ern)",304,1457
2015,111,"Affoltern",11,"Kreis 11",14,"Generationenhaushalt",121,626
2015,115,"Oerlikon",11,"Kreis 11",1,"Einpersonenhaushalt",4605,4605
2015,115,"Oerlikon",11,"Kreis 11",4,"Zweipersonenhaushalt",1725,3450
2015,115,"Oerlikon",11,"Kreis 11",5,"Ehepaar ohne Kinder",1179,2358
2015,115,"Oerlikon",11,"Kreis 11",6,"Eingetragenes Paar ohne Kinder",42,84
2015,115,"Oerlikon",11,"Kreis 11",7,"Ein-Elternhaushalt",383,936
2015,115,"Oerlikon",11,"Kreis 11",8,"Ehepaar mit Kind(ern)",1324,4915
2015,115,"Oerlikon",11,"Kreis 11",10,"Paar mit Kind(ern)",157,557
2015,115,"Oerlikon",11,"Kreis 11",11,"Patchwork-Haushalt",49,160
2015,115,"Oerlikon",11,"Kreis 11",12,"Wohngemeinschaft ohne Kinder",662,2201
2015,115,"Oerlikon",11,"Kreis 11",13,"Wohngemeinschaft mit Kind(ern)",209,1015
2015,115,"Oerlikon",11,"Kreis 11",14,"Generationenhaushalt",46,222
2015,115,"Oerlikon",11,"Kreis 11",15,"Familien-Verbund",1,4
2015,119,"Seebach",11,"Kreis 11",1,"Einpersonenhaushalt",4595,4595
2015,119,"Seebach",11,"Kreis 11",4,"Zweipersonenhaushalt",1492,2984
2015,119,"Seebach",11,"Kreis 11",5,"Ehepaar ohne Kinder",1590,3180
2015,119,"Seebach",11,"Kreis 11",6,"Eingetragenes Paar ohne Kinder",44,88
2015,119,"Seebach",11,"Kreis 11",7,"Ein-Elternhaushalt",564,1433
2015,119,"Seebach",11,"Kreis 11",8,"Ehepaar mit Kind(ern)",1889,7110
2015,119,"Seebach",11,"Kreis 11",10,"Paar mit Kind(ern)",157,545
2015,119,"Seebach",11,"Kreis 11",11,"Patchwork-Haushalt",64,217
2015,119,"Seebach",11,"Kreis 11",12,"Wohngemeinschaft ohne Kinder",572,1949
2015,119,"Seebach",11,"Kreis 11",13,"Wohngemeinschaft mit Kind(ern)",279,1342
2015,119,"Seebach",11,"Kreis 11",14,"Generationenhaushalt",105,575
2015,121,"Saatlen",12,"Kreis 12",1,"Einpersonenhaushalt",982,982
2015,121,"Saatlen",12,"Kreis 12",4,"Zweipersonenhaushalt",359,718
2015,121,"Saatlen",12,"Kreis 12",5,"Ehepaar ohne Kinder",446,892
2015,121,"Saatlen",12,"Kreis 12",6,"Eingetragenes Paar ohne Kinder",6,12
2015,121,"Saatlen",12,"Kreis 12",7,"Ein-Elternhaushalt",269,731
2015,121,"Saatlen",12,"Kreis 12",8,"Ehepaar mit Kind(ern)",841,3426
2015,121,"Saatlen",12,"Kreis 12",10,"Paar mit Kind(ern)",72,271
2015,121,"Saatlen",12,"Kreis 12",11,"Patchwork-Haushalt",13,45
2015,121,"Saatlen",12,"Kreis 12",12,"Wohngemeinschaft ohne Kinder",147,578
2015,121,"Saatlen",12,"Kreis 12",13,"Wohngemeinschaft mit Kind(ern)",87,440
2015,121,"Saatlen",12,"Kreis 12",14,"Generationenhaushalt",54,297
2015,122,"Schwamendingen-Mitte",12,"Kreis 12",1,"Einpersonenhaushalt",2458,2458
2015,122,"Schwamendingen-Mitte",12,"Kreis 12",4,"Zweipersonenhaushalt",685,1370
2015,122,"Schwamendingen-Mitte",12,"Kreis 12",5,"Ehepaar ohne Kinder",769,1538
2015,122,"Schwamendingen-Mitte",12,"Kreis 12",6,"Eingetragenes Paar ohne Kinder",13,26
2015,122,"Schwamendingen-Mitte",12,"Kreis 12",7,"Ein-Elternhaushalt",267,633
2015,122,"Schwamendingen-Mitte",12,"Kreis 12",8,"Ehepaar mit Kind(ern)",808,3011
2015,122,"Schwamendingen-Mitte",12,"Kreis 12",10,"Paar mit Kind(ern)",63,225
2015,122,"Schwamendingen-Mitte",12,"Kreis 12",11,"Patchwork-Haushalt",25,79
2015,122,"Schwamendingen-Mitte",12,"Kreis 12",12,"Wohngemeinschaft ohne Kinder",299,1010
2015,122,"Schwamendingen-Mitte",12,"Kreis 12",13,"Wohngemeinschaft mit Kind(ern)",116,515
2015,122,"Schwamendingen-Mitte",12,"Kreis 12",14,"Generationenhaushalt",48,246
2015,123,"Hirzenbach",12,"Kreis 12",1,"Einpersonenhaushalt",2075,2075
2015,123,"Hirzenbach",12,"Kreis 12",4,"Zweipersonenhaushalt",547,1094
2015,123,"Hirzenbach",12,"Kreis 12",5,"Ehepaar ohne Kinder",752,1504
2015,123,"Hirzenbach",12,"Kreis 12",6,"Eingetragenes Paar ohne Kinder",3,6
2015,123,"Hirzenbach",12,"Kreis 12",7,"Ein-Elternhaushalt",372,911
2015,123,"Hirzenbach",12,"Kreis 12",8,"Ehepaar mit Kind(ern)",1053,4035
2015,123,"Hirzenbach",12,"Kreis 12",10,"Paar mit Kind(ern)",63,236
2015,123,"Hirzenbach",12,"Kreis 12",11,"Patchwork-Haushalt",33,104
2015,123,"Hirzenbach",12,"Kreis 12",12,"Wohngemeinschaft ohne Kinder",209,689
2015,123,"Hirzenbach",12,"Kreis 12",13,"Wohngemeinschaft mit Kind(ern)",128,662
2015,123,"Hirzenbach",12,"Kreis 12",14,"Generationenhaushalt",44,235
2015,123,"Hirzenbach",12,"Kreis 12",15,"Familien-Verbund",1,7
2016,11,"Rathaus",1,"Kreis 1",1,"Einpersonenhaushalt",1148,1148
2016,11,"Rathaus",1,"Kreis 1",4,"Zweipersonenhaushalt",264,528
2016,11,"Rathaus",1,"Kreis 1",5,"Ehepaar ohne Kinder",183,366
2016,11,"Rathaus",1,"Kreis 1",6,"Eingetragenes Paar ohne Kinder",10,20
2016,11,"Rathaus",1,"Kreis 1",7,"Ein-Elternhaushalt",55,121
2016,11,"Rathaus",1,"Kreis 1",8,"Ehepaar mit Kind(ern)",102,380
2016,11,"Rathaus",1,"Kreis 1",9,"Eingetragenes Paar mit Kind(ern)",1,3
2016,11,"Rathaus",1,"Kreis 1",10,"Paar mit Kind(ern)",24,85
2016,11,"Rathaus",1,"Kreis 1",11,"Patchwork-Haushalt",7,21
2016,11,"Rathaus",1,"Kreis 1",12,"Wohngemeinschaft ohne Kinder",81,295
2016,11,"Rathaus",1,"Kreis 1",13,"Wohngemeinschaft mit Kind(ern)",13,54
2016,12,"Hochschulen",1,"Kreis 1",1,"Einpersonenhaushalt",105,105
2016,12,"Hochschulen",1,"Kreis 1",4,"Zweipersonenhaushalt",43,86
2016,12,"Hochschulen",1,"Kreis 1",5,"Ehepaar ohne Kinder",20,40
2016,12,"Hochschulen",1,"Kreis 1",6,"Eingetragenes Paar ohne Kinder",4,8
2016,12,"Hochschulen",1,"Kreis 1",7,"Ein-Elternhaushalt",8,16
2016,12,"Hochschulen",1,"Kreis 1",8,"Ehepaar mit Kind(ern)",18,67
2016,12,"Hochschulen",1,"Kreis 1",10,"Paar mit Kind(ern)",2,6
2016,12,"Hochschulen",1,"Kreis 1",11,"Patchwork-Haushalt",1,3
2016,12,"Hochschulen",1,"Kreis 1",12,"Wohngemeinschaft ohne Kinder",15,54
2016,12,"Hochschulen",1,"Kreis 1",13,"Wohngemeinschaft mit Kind(ern)",6,28
2016,13,"Lindenhof",1,"Kreis 1",1,"Einpersonenhaushalt",350,350
2016,13,"Lindenhof",1,"Kreis 1",4,"Zweipersonenhaushalt",83,166
2016,13,"Lindenhof",1,"Kreis 1",5,"Ehepaar ohne Kinder",54,108
2016,13,"Lindenhof",1,"Kreis 1",6,"Eingetragenes Paar ohne Kinder",1,2
2016,13,"Lindenhof",1,"Kreis 1",7,"Ein-Elternhaushalt",19,42
2016,13,"Lindenhof",1,"Kreis 1",8,"Ehepaar mit Kind(ern)",34,127
2016,13,"Lindenhof",1,"Kreis 1",10,"Paar mit Kind(ern)",8,24
2016,13,"Lindenhof",1,"Kreis 1",11,"Patchwork-Haushalt",2,7
2016,13,"Lindenhof",1,"Kreis 1",12,"Wohngemeinschaft ohne Kinder",24,85
2016,13,"Lindenhof",1,"Kreis 1",13,"Wohngemeinschaft mit Kind(ern)",5,24
2016,13,"Lindenhof",1,"Kreis 1",14,"Generationenhaushalt",3,12
2016,14,"City",1,"Kreis 1",1,"Einpersonenhaushalt",134,134
2016,14,"City",1,"Kreis 1",4,"Zweipersonenhaushalt",58,116
2016,14,"City",1,"Kreis 1",5,"Ehepaar ohne Kinder",41,82
2016,14,"City",1,"Kreis 1",6,"Eingetragenes Paar ohne Kinder",4,8
2016,14,"City",1,"Kreis 1",7,"Ein-Elternhaushalt",16,39
2016,14,"City",1,"Kreis 1",8,"Ehepaar mit Kind(ern)",44,174
2016,14,"City",1,"Kreis 1",10,"Paar mit Kind(ern)",10,32
2016,14,"City",1,"Kreis 1",12,"Wohngemeinschaft ohne Kinder",22,76
2016,14,"City",1,"Kreis 1",13,"Wohngemeinschaft mit Kind(ern)",2,10
2016,14,"City",1,"Kreis 1",14,"Generationenhaushalt",3,18
2016,21,"Wollishofen",2,"Kreis 2",1,"Einpersonenhaushalt",3790,3790
2016,21,"Wollishofen",2,"Kreis 2",4,"Zweipersonenhaushalt",957,1914
2016,21,"Wollishofen",2,"Kreis 2",5,"Ehepaar ohne Kinder",1100,2200
2016,21,"Wollishofen",2,"Kreis 2",6,"Eingetragenes Paar ohne Kinder",22,44
2016,21,"Wollishofen",2,"Kreis 2",7,"Ein-Elternhaushalt",437,1049
2016,21,"Wollishofen",2,"Kreis 2",8,"Ehepaar mit Kind(ern)",1186,4468
2016,21,"Wollishofen",2,"Kreis 2",10,"Paar mit Kind(ern)",188,672
2016,21,"Wollishofen",2,"Kreis 2",11,"Patchwork-Haushalt",40,132
2016,21,"Wollishofen",2,"Kreis 2",12,"Wohngemeinschaft ohne Kinder",227,756
2016,21,"Wollishofen",2,"Kreis 2",13,"Wohngemeinschaft mit Kind(ern)",129,603
2016,21,"Wollishofen",2,"Kreis 2",14,"Generationenhaushalt",35,192
2016,23,"Leimbach",2,"Kreis 2",1,"Einpersonenhaushalt",876,876
2016,23,"Leimbach",2,"Kreis 2",4,"Zweipersonenhaushalt",247,494
2016,23,"Leimbach",2,"Kreis 2",5,"Ehepaar ohne Kinder",387,774
2016,23,"Leimbach",2,"Kreis 2",6,"Eingetragenes Paar ohne Kinder",4,8
2016,23,"Leimbach",2,"Kreis 2",7,"Ein-Elternhaushalt",166,474
2016,23,"Leimbach",2,"Kreis 2",8,"Ehepaar mit Kind(ern)",601,2377
2016,23,"Leimbach",2,"Kreis 2",10,"Paar mit Kind(ern)",58,222
2016,23,"Leimbach",2,"Kreis 2",11,"Patchwork-Haushalt",19,65
2016,23,"Leimbach",2,"Kreis 2",12,"Wohngemeinschaft ohne Kinder",83,284
2016,23,"Leimbach",2,"Kreis 2",13,"Wohngemeinschaft mit Kind(ern)",67,314
2016,23,"Leimbach",2,"Kreis 2",14,"Generationenhaushalt",26,145
2016,24,"Enge",2,"Kreis 2",1,"Einpersonenhaushalt",2050,2050
2016,24,"Enge",2,"Kreis 2",4,"Zweipersonenhaushalt",703,1406
2016,24,"Enge",2,"Kreis 2",5,"Ehepaar ohne Kinder",522,1044
2016,24,"Enge",2,"Kreis 2",6,"Eingetragenes Paar ohne Kinder",20,40
2016,24,"Enge",2,"Kreis 2",7,"Ein-Elternhaushalt",137,335
2016,24,"Enge",2,"Kreis 2",8,"Ehepaar mit Kind(ern)",602,2324
2016,24,"Enge",2,"Kreis 2",9,"Eingetragenes Paar mit Kind(ern)",1,3
2016,24,"Enge",2,"Kreis 2",10,"Paar mit Kind(ern)",81,281
2016,24,"Enge",2,"Kreis 2",11,"Patchwork-Haushalt",21,68
2016,24,"Enge",2,"Kreis 2",12,"Wohngemeinschaft ohne Kinder",236,807
2016,24,"Enge",2,"Kreis 2",13,"Wohngemeinschaft mit Kind(ern)",89,470
2016,24,"Enge",2,"Kreis 2",14,"Generationenhaushalt",19,110
2016,24,"Enge",2,"Kreis 2",15,"Familien-Verbund",1,6
2016,31,"Alt-Wiedikon",3,"Kreis 3",1,"Einpersonenhaushalt",4262,4262
2016,31,"Alt-Wiedikon",3,"Kreis 3",4,"Zweipersonenhaushalt",1560,3120
2016,31,"Alt-Wiedikon",3,"Kreis 3",5,"Ehepaar ohne Kinder",804,1608
2016,31,"Alt-Wiedikon",3,"Kreis 3",6,"Eingetragenes Paar ohne Kinder",39,78
2016,31,"Alt-Wiedikon",3,"Kreis 3",7,"Ein-Elternhaushalt",219,495
2016,31,"Alt-Wiedikon",3,"Kreis 3",8,"Ehepaar mit Kind(ern)",964,3742
2016,31,"Alt-Wiedikon",3,"Kreis 3",9,"Eingetragenes Paar mit Kind(ern)",1,4
2016,31,"Alt-Wiedikon",3,"Kreis 3",10,"Paar mit Kind(ern)",181,616
2016,31,"Alt-Wiedikon",3,"Kreis 3",11,"Patchwork-Haushalt",42,140
2016,31,"Alt-Wiedikon",3,"Kreis 3",12,"Wohngemeinschaft ohne Kinder",433,1438
2016,31,"Alt-Wiedikon",3,"Kreis 3",13,"Wohngemeinschaft mit Kind(ern)",211,1149
2016,31,"Alt-Wiedikon",3,"Kreis 3",14,"Generationenhaushalt",44,284
2016,33,"Friesenberg",3,"Kreis 3",1,"Einpersonenhaushalt",1308,1308
2016,33,"Friesenberg",3,"Kreis 3",4,"Zweipersonenhaushalt",310,620
2016,33,"Friesenberg",3,"Kreis 3",5,"Ehepaar ohne Kinder",613,1226
2016,33,"Friesenberg",3,"Kreis 3",6,"Eingetragenes Paar ohne Kinder",2,4
2016,33,"Friesenberg",3,"Kreis 3",7,"Ein-Elternhaushalt",353,932
2016,33,"Friesenberg",3,"Kreis 3",8,"Ehepaar mit Kind(ern)",1188,4819
2016,33,"Friesenberg",3,"Kreis 3",9,"Eingetragenes Paar mit Kind(ern)",1,4
2016,33,"Friesenberg",3,"Kreis 3",10,"Paar mit Kind(ern)",158,597
2016,33,"Friesenberg",3,"Kreis 3",11,"Patchwork-Haushalt",28,96
2016,33,"Friesenberg",3,"Kreis 3",12,"Wohngemeinschaft ohne Kinder",87,287
2016,33,"Friesenberg",3,"Kreis 3",13,"Wohngemeinschaft mit Kind(ern)",93,464
2016,33,"Friesenberg",3,"Kreis 3",14,"Generationenhaushalt",24,127
2016,34,"Sihlfeld",3,"Kreis 3",1,"Einpersonenhaushalt",5414,5414
2016,34,"Sihlfeld",3,"Kreis 3",4,"Zweipersonenhaushalt",2057,4114
2016,34,"Sihlfeld",3,"Kreis 3",5,"Ehepaar ohne Kinder",869,1738
2016,34,"Sihlfeld",3,"Kreis 3",6,"Eingetragenes Paar ohne Kinder",36,72
2016,34,"Sihlfeld",3,"Kreis 3",7,"Ein-Elternhaushalt",428,1001
2016,34,"Sihlfeld",3,"Kreis 3",8,"Ehepaar mit Kind(ern)",1066,4108
2016,34,"Sihlfeld",3,"Kreis 3",9,"Eingetragenes Paar mit Kind(ern)",3,10
2016,34,"Sihlfeld",3,"Kreis 3",10,"Paar mit Kind(ern)",248,846
2016,34,"Sihlfeld",3,"Kreis 3",11,"Patchwork-Haushalt",41,136
2016,34,"Sihlfeld",3,"Kreis 3",12,"Wohngemeinschaft ohne Kinder",508,1694
2016,34,"Sihlfeld",3,"Kreis 3",13,"Wohngemeinschaft mit Kind(ern)",195,996
2016,34,"Sihlfeld",3,"Kreis 3",14,"Generationenhaushalt",68,388
2016,41,"Werd",4,"Kreis 4",1,"Einpersonenhaushalt",993,993
2016,41,"Werd",4,"Kreis 4",4,"Zweipersonenhaushalt",452,904
2016,41,"Werd",4,"Kreis 4",5,"Ehepaar ohne Kinder",152,304
2016,41,"Werd",4,"Kreis 4",6,"Eingetragenes Paar ohne Kinder",16,32
2016,41,"Werd",4,"Kreis 4",7,"Ein-Elternhaushalt",39,93
2016,41,"Werd",4,"Kreis 4",8,"Ehepaar mit Kind(ern)",191,848
2016,41,"Werd",4,"Kreis 4",10,"Paar mit Kind(ern)",54,179
2016,41,"Werd",4,"Kreis 4",11,"Patchwork-Haushalt",8,28
2016,41,"Werd",4,"Kreis 4",12,"Wohngemeinschaft ohne Kinder",176,603
2016,41,"Werd",4,"Kreis 4",13,"Wohngemeinschaft mit Kind(ern)",49,312
2016,41,"Werd",4,"Kreis 4",14,"Generationenhaushalt",9,83
2016,41,"Werd",4,"Kreis 4",15,"Familien-Verbund",1,4
2016,42,"Langstrasse",4,"Kreis 4",1,"Einpersonenhaushalt",3052,3052
2016,42,"Langstrasse",4,"Kreis 4",4,"Zweipersonenhaushalt",1288,2576
2016,42,"Langstrasse",4,"Kreis 4",5,"Ehepaar ohne Kinder",373,746
2016,42,"Langstrasse",4,"Kreis 4",6,"Eingetragenes Paar ohne Kinder",39,78
2016,42,"Langstrasse",4,"Kreis 4",7,"Ein-Elternhaushalt",112,255
2016,42,"Langstrasse",4,"Kreis 4",8,"Ehepaar mit Kind(ern)",281,1011
2016,42,"Langstrasse",4,"Kreis 4",10,"Paar mit Kind(ern)",102,342
2016,42,"Langstrasse",4,"Kreis 4",11,"Patchwork-Haushalt",13,42
2016,42,"Langstrasse",4,"Kreis 4",12,"Wohngemeinschaft ohne Kinder",514,1779
2016,42,"Langstrasse",4,"Kreis 4",13,"Wohngemeinschaft mit Kind(ern)",72,343
2016,42,"Langstrasse",4,"Kreis 4",14,"Generationenhaushalt",21,109
2016,44,"Hard",4,"Kreis 4",1,"Einpersonenhaushalt",2912,2912
2016,44,"Hard",4,"Kreis 4",4,"Zweipersonenhaushalt",1122,2244
2016,44,"Hard",4,"Kreis 4",5,"Ehepaar ohne Kinder",554,1108
2016,44,"Hard",4,"Kreis 4",6,"Eingetragenes Paar ohne Kinder",15,30
2016,44,"Hard",4,"Kreis 4",7,"Ein-Elternhaushalt",342,804
2016,44,"Hard",4,"Kreis 4",8,"Ehepaar mit Kind(ern)",767,2836
2016,44,"Hard",4,"Kreis 4",9,"Eingetragenes Paar mit Kind(ern)",1,3
2016,44,"Hard",4,"Kreis 4",10,"Paar mit Kind(ern)",127,442
2016,44,"Hard",4,"Kreis 4",11,"Patchwork-Haushalt",32,104
2016,44,"Hard",4,"Kreis 4",12,"Wohngemeinschaft ohne Kinder",379,1255
2016,44,"Hard",4,"Kreis 4",13,"Wohngemeinschaft mit Kind(ern)",121,563
2016,44,"Hard",4,"Kreis 4",14,"Generationenhaushalt",47,226
2016,51,"Gewerbeschule",5,"Kreis 5",1,"Einpersonenhaushalt",2329,2329
2016,51,"Gewerbeschule",5,"Kreis 5",4,"Zweipersonenhaushalt",981,1962
2016,51,"Gewerbeschule",5,"Kreis 5",5,"Ehepaar ohne Kinder",401,802
2016,51,"Gewerbeschule",5,"Kreis 5",6,"Eingetragenes Paar ohne Kinder",28,56
2016,51,"Gewerbeschule",5,"Kreis 5",7,"Ein-Elternhaushalt",161,376
2016,51,"Gewerbeschule",5,"Kreis 5",8,"Ehepaar mit Kind(ern)",415,1572
2016,51,"Gewerbeschule",5,"Kreis 5",10,"Paar mit Kind(ern)",133,460
2016,51,"Gewerbeschule",5,"Kreis 5",11,"Patchwork-Haushalt",19,65
2016,51,"Gewerbeschule",5,"Kreis 5",12,"Wohngemeinschaft ohne Kinder",286,956
2016,51,"Gewerbeschule",5,"Kreis 5",13,"Wohngemeinschaft mit Kind(ern)",64,292
2016,51,"Gewerbeschule",5,"Kreis 5",14,"Generationenhaushalt",42,220
2016,52,"Escher Wyss",5,"Kreis 5",1,"Einpersonenhaushalt",1064,1064
2016,52,"Escher Wyss",5,"Kreis 5",4,"Zweipersonenhaushalt",700,1400
2016,52,"Escher Wyss",5,"Kreis 5",5,"Ehepaar ohne Kinder",312,624
2016,52,"Escher Wyss",5,"Kreis 5",6,"Eingetragenes Paar ohne Kinder",43,86
2016,52,"Escher Wyss",5,"Kreis 5",7,"Ein-Elternhaushalt",74,188
2016,52,"Escher Wyss",5,"Kreis 5",8,"Ehepaar mit Kind(ern)",240,848
2016,52,"Escher Wyss",5,"Kreis 5",9,"Eingetragenes Paar mit Kind(ern)",2,7
2016,52,"Escher Wyss",5,"Kreis 5",10,"Paar mit Kind(ern)",92,312
2016,52,"Escher Wyss",5,"Kreis 5",11,"Patchwork-Haushalt",20,66
2016,52,"Escher Wyss",5,"Kreis 5",12,"Wohngemeinschaft ohne Kinder",253,862
2016,52,"Escher Wyss",5,"Kreis 5",13,"Wohngemeinschaft mit Kind(ern)",51,254
2016,52,"Escher Wyss",5,"Kreis 5",14,"Generationenhaushalt",10,53
2016,61,"Unterstrass",6,"Kreis 6",1,"Einpersonenhaushalt",4993,4993
2016,61,"Unterstrass",6,"Kreis 6",4,"Zweipersonenhaushalt",1802,3604
2016,61,"Unterstrass",6,"Kreis 6",5,"Ehepaar ohne Kinder",1210,2420
2016,61,"Unterstrass",6,"Kreis 6",6,"Eingetragenes Paar ohne Kinder",37,74
2016,61,"Unterstrass",6,"Kreis 6",7,"Ein-Elternhaushalt",507,1219
2016,61,"Unterstrass",6,"Kreis 6",8,"Ehepaar mit Kind(ern)",1503,5733
2016,61,"Unterstrass",6,"Kreis 6",10,"Paar mit Kind(ern)",304,1083
2016,61,"Unterstrass",6,"Kreis 6",11,"Patchwork-Haushalt",51,162
2016,61,"Unterstrass",6,"Kreis 6",12,"Wohngemeinschaft ohne Kinder",496,1665
2016,61,"Unterstrass",6,"Kreis 6",13,"Wohngemeinschaft mit Kind(ern)",168,752
2016,61,"Unterstrass",6,"Kreis 6",14,"Generationenhaushalt",23,103
2016,61,"Unterstrass",6,"Kreis 6",15,"Familien-Verbund",1,5
2016,63,"Oberstrass",6,"Kreis 6",1,"Einpersonenhaushalt",2498,2498
2016,63,"Oberstrass",6,"Kreis 6",4,"Zweipersonenhaushalt",703,1406
2016,63,"Oberstrass",6,"Kreis 6",5,"Ehepaar ohne Kinder",605,1210
2016,63,"Oberstrass",6,"Kreis 6",6,"Eingetragenes Paar ohne Kinder",18,36
2016,63,"Oberstrass",6,"Kreis 6",7,"Ein-Elternhaushalt",178,433
2016,63,"Oberstrass",6,"Kreis 6",8,"Ehepaar mit Kind(ern)",678,2576
2016,63,"Oberstrass",6,"Kreis 6",10,"Paar mit Kind(ern)",149,534
2016,63,"Oberstrass",6,"Kreis 6",11,"Patchwork-Haushalt",26,85
2016,63,"Oberstrass",6,"Kreis 6",12,"Wohngemeinschaft ohne Kinder",193,683
2016,63,"Oberstrass",6,"Kreis 6",13,"Wohngemeinschaft mit Kind(ern)",96,478
2016,63,"Oberstrass",6,"Kreis 6",14,"Generationenhaushalt",17,88
2016,71,"Fluntern",7,"Kreis 7",1,"Einpersonenhaushalt",1410,1410
2016,71,"Fluntern",7,"Kreis 7",4,"Zweipersonenhaushalt",410,820
2016,71,"Fluntern",7,"Kreis 7",5,"Ehepaar ohne Kinder",570,1140
2016,71,"Fluntern",7,"Kreis 7",6,"Eingetragenes Paar ohne Kinder",31,62
2016,71,"Fluntern",7,"Kreis 7",7,"Ein-Elternhaushalt",163,405
2016,71,"Fluntern",7,"Kreis 7",8,"Ehepaar mit Kind(ern)",564,2132
2016,71,"Fluntern",7,"Kreis 7",9,"Eingetragenes Paar mit Kind(ern)",1,5
2016,71,"Fluntern",7,"Kreis 7",10,"Paar mit Kind(ern)",71,250
2016,71,"Fluntern",7,"Kreis 7",11,"Patchwork-Haushalt",16,57
2016,71,"Fluntern",7,"Kreis 7",12,"Wohngemeinschaft ohne Kinder",154,550
2016,71,"Fluntern",7,"Kreis 7",13,"Wohngemeinschaft mit Kind(ern)",115,556
2016,71,"Fluntern",7,"Kreis 7",14,"Generationenhaushalt",13,60
2016,71,"Fluntern",7,"Kreis 7",15,"Familien-Verbund",2,11
2016,72,"Hottingen",7,"Kreis 7",1,"Einpersonenhaushalt",2409,2409
2016,72,"Hottingen",7,"Kreis 7",4,"Zweipersonenhaushalt",703,1406
2016,72,"Hottingen",7,"Kreis 7",5,"Ehepaar ohne Kinder",636,1272
2016,72,"Hottingen",7,"Kreis 7",6,"Eingetragenes Paar ohne Kinder",22,44
2016,72,"Hottingen",7,"Kreis 7",7,"Ein-Elternhaushalt",212,504
2016,72,"Hottingen",7,"Kreis 7",8,"Ehepaar mit Kind(ern)",747,2833
2016,72,"Hottingen",7,"Kreis 7",9,"Eingetragenes Paar mit Kind(ern)",1,4
2016,72,"Hottingen",7,"Kreis 7",10,"Paar mit Kind(ern)",131,463
2016,72,"Hottingen",7,"Kreis 7",11,"Patchwork-Haushalt",24,85
2016,72,"Hottingen",7,"Kreis 7",12,"Wohngemeinschaft ohne Kinder",218,752
2016,72,"Hottingen",7,"Kreis 7",13,"Wohngemeinschaft mit Kind(ern)",142,690
2016,72,"Hottingen",7,"Kreis 7",14,"Generationenhaushalt",18,98
2016,73,"Hirslanden",7,"Kreis 7",1,"Einpersonenhaushalt",1727,1727
2016,73,"Hirslanden",7,"Kreis 7",4,"Zweipersonenhaushalt",493,986
2016,73,"Hirslanden",7,"Kreis 7",5,"Ehepaar ohne Kinder",412,824
2016,73,"Hirslanden",7,"Kreis 7",6,"Eingetragenes Paar ohne Kinder",13,26
2016,73,"Hirslanden",7,"Kreis 7",7,"Ein-Elternhaushalt",123,291
2016,73,"Hirslanden",7,"Kreis 7",8,"Ehepaar mit Kind(ern)",474,1745
2016,73,"Hirslanden",7,"Kreis 7",10,"Paar mit Kind(ern)",92,326
2016,73,"Hirslanden",7,"Kreis 7",11,"Patchwork-Haushalt",18,59
2016,73,"Hirslanden",7,"Kreis 7",12,"Wohngemeinschaft ohne Kinder",136,439
2016,73,"Hirslanden",7,"Kreis 7",13,"Wohngemeinschaft mit Kind(ern)",88,414
2016,73,"Hirslanden",7,"Kreis 7",14,"Generationenhaushalt",17,85
2016,74,"Witikon",7,"Kreis 7",1,"Einpersonenhaushalt",2168,2168
2016,74,"Witikon",7,"Kreis 7",4,"Zweipersonenhaushalt",499,998
2016,74,"Witikon",7,"Kreis 7",5,"Ehepaar ohne Kinder",921,1842
2016,74,"Witikon",7,"Kreis 7",6,"Eingetragenes Paar ohne Kinder",19,38
2016,74,"Witikon",7,"Kreis 7",7,"Ein-Elternhaushalt",250,594
2016,74,"Witikon",7,"Kreis 7",8,"Ehepaar mit Kind(ern)",852,3240
2016,74,"Witikon",7,"Kreis 7",9,"Eingetragenes Paar mit Kind(ern)",1,3
2016,74,"Witikon",7,"Kreis 7",10,"Paar mit Kind(ern)",88,305
2016,74,"Witikon",7,"Kreis 7",11,"Patchwork-Haushalt",15,48
2016,74,"Witikon",7,"Kreis 7",12,"Wohngemeinschaft ohne Kinder",148,503
2016,74,"Witikon",7,"Kreis 7",13,"Wohngemeinschaft mit Kind(ern)",92,454
2016,74,"Witikon",7,"Kreis 7",14,"Generationenhaushalt",19,88
2016,81,"Seefeld",8,"Kreis 8",1,"Einpersonenhaushalt",1658,1658
2016,81,"Seefeld",8,"Kreis 8",4,"Zweipersonenhaushalt",475,950
2016,81,"Seefeld",8,"Kreis 8",5,"Ehepaar ohne Kinder",268,536
2016,81,"Seefeld",8,"Kreis 8",6,"Eingetragenes Paar ohne Kinder",13,26
2016,81,"Seefeld",8,"Kreis 8",7,"Ein-Elternhaushalt",89,206
2016,81,"Seefeld",8,"Kreis 8",8,"Ehepaar mit Kind(ern)",213,779
2016,81,"Seefeld",8,"Kreis 8",10,"Paar mit Kind(ern)",57,191
2016,81,"Seefeld",8,"Kreis 8",11,"Patchwork-Haushalt",19,59
2016,81,"Seefeld",8,"Kreis 8",12,"Wohngemeinschaft ohne Kinder",125,412
2016,81,"Seefeld",8,"Kreis 8",13,"Wohngemeinschaft mit Kind(ern)",38,174
2016,81,"Seefeld",8,"Kreis 8",14,"Generationenhaushalt",1,6
2016,82,"Mühlebach",8,"Kreis 8",1,"Einpersonenhaushalt",1686,1686
2016,82,"Mühlebach",8,"Kreis 8",4,"Zweipersonenhaushalt",484,968
2016,82,"Mühlebach",8,"Kreis 8",5,"Ehepaar ohne Kinder",326,652
2016,82,"Mühlebach",8,"Kreis 8",6,"Eingetragenes Paar ohne Kinder",13,26
2016,82,"Mühlebach",8,"Kreis 8",7,"Ein-Elternhaushalt",141,328
2016,82,"Mühlebach",8,"Kreis 8",8,"Ehepaar mit Kind(ern)",331,1219
2016,82,"Mühlebach",8,"Kreis 8",10,"Paar mit Kind(ern)",61,207
2016,82,"Mühlebach",8,"Kreis 8",11,"Patchwork-Haushalt",6,20
2016,82,"Mühlebach",8,"Kreis 8",12,"Wohngemeinschaft ohne Kinder",129,439
2016,82,"Mühlebach",8,"Kreis 8",13,"Wohngemeinschaft mit Kind(ern)",56,259
2016,82,"Mühlebach",8,"Kreis 8",14,"Generationenhaushalt",8,42
2016,83,"Weinegg",8,"Kreis 8",1,"Einpersonenhaushalt",1168,1168
2016,83,"Weinegg",8,"Kreis 8",4,"Zweipersonenhaushalt",287,574
2016,83,"Weinegg",8,"Kreis 8",5,"Ehepaar ohne Kinder",278,556
2016,83,"Weinegg",8,"Kreis 8",6,"Eingetragenes Paar ohne Kinder",13,26
2016,83,"Weinegg",8,"Kreis 8",7,"Ein-Elternhaushalt",97,234
2016,83,"Weinegg",8,"Kreis 8",8,"Ehepaar mit Kind(ern)",316,1184
2016,83,"Weinegg",8,"Kreis 8",10,"Paar mit Kind(ern)",45,163
2016,83,"Weinegg",8,"Kreis 8",11,"Patchwork-Haushalt",9,28
2016,83,"Weinegg",8,"Kreis 8",12,"Wohngemeinschaft ohne Kinder",90,302
2016,83,"Weinegg",8,"Kreis 8",13,"Wohngemeinschaft mit Kind(ern)",49,253
2016,83,"Weinegg",8,"Kreis 8",14,"Generationenhaushalt",5,23
2016,83,"Weinegg",8,"Kreis 8",15,"Familien-Verbund",1,6
2016,91,"Albisrieden",9,"Kreis 9",1,"Einpersonenhaushalt",4574,4574
2016,91,"Albisrieden",9,"Kreis 9",4,"Zweipersonenhaushalt",1516,3032
2016,91,"Albisrieden",9,"Kreis 9",5,"Ehepaar ohne Kinder",1458,2916
2016,91,"Albisrieden",9,"Kreis 9",6,"Eingetragenes Paar ohne Kinder",42,84
2016,91,"Albisrieden",9,"Kreis 9",7,"Ein-Elternhaushalt",426,1004
2016,91,"Albisrieden",9,"Kreis 9",8,"Ehepaar mit Kind(ern)",1497,5529
2016,91,"Albisrieden",9,"Kreis 9",9,"Eingetragenes Paar mit Kind(ern)",2,7
2016,91,"Albisrieden",9,"Kreis 9",10,"Paar mit Kind(ern)",277,966
2016,91,"Albisrieden",9,"Kreis 9",11,"Patchwork-Haushalt",58,185
2016,91,"Albisrieden",9,"Kreis 9",12,"Wohngemeinschaft ohne Kinder",291,978
2016,91,"Albisrieden",9,"Kreis 9",13,"Wohngemeinschaft mit Kind(ern)",187,876
2016,91,"Albisrieden",9,"Kreis 9",14,"Generationenhaushalt",58,289
2016,91,"Albisrieden",9,"Kreis 9",15,"Familien-Verbund",1,6
2016,92,"Altstetten",9,"Kreis 9",1,"Einpersonenhaushalt",6602,6602
2016,92,"Altstetten",9,"Kreis 9",4,"Zweipersonenhaushalt",2039,4078
2016,92,"Altstetten",9,"Kreis 9",5,"Ehepaar ohne Kinder",2138,4276
2016,92,"Altstetten",9,"Kreis 9",6,"Eingetragenes Paar ohne Kinder",52,104
2016,92,"Altstetten",9,"Kreis 9",7,"Ein-Elternhaushalt",717,1727
2016,92,"Altstetten",9,"Kreis 9",8,"Ehepaar mit Kind(ern)",2278,8577
2016,92,"Altstetten",9,"Kreis 9",9,"Eingetragenes Paar mit Kind(ern)",2,8
2016,92,"Altstetten",9,"Kreis 9",10,"Paar mit Kind(ern)",238,810
2016,92,"Altstetten",9,"Kreis 9",11,"Patchwork-Haushalt",86,278
2016,92,"Altstetten",9,"Kreis 9",12,"Wohngemeinschaft ohne Kinder",640,2114
2016,92,"Altstetten",9,"Kreis 9",13,"Wohngemeinschaft mit Kind(ern)",340,1603
2016,92,"Altstetten",9,"Kreis 9",14,"Generationenhaushalt",131,699
2016,101,"Höngg",10,"Kreis 10",1,"Einpersonenhaushalt",4485,4485
2016,101,"Höngg",10,"Kreis 10",4,"Zweipersonenhaushalt",1495,2990
2016,101,"Höngg",10,"Kreis 10",5,"Ehepaar ohne Kinder",1666,3332
2016,101,"Höngg",10,"Kreis 10",6,"Eingetragenes Paar ohne Kinder",41,82
2016,101,"Höngg",10,"Kreis 10",7,"Ein-Elternhaushalt",512,1234
2016,101,"Höngg",10,"Kreis 10",8,"Ehepaar mit Kind(ern)",1716,6396
2016,101,"Höngg",10,"Kreis 10",9,"Eingetragenes Paar mit Kind(ern)",3,10
2016,101,"Höngg",10,"Kreis 10",10,"Paar mit Kind(ern)",263,926
2016,101,"Höngg",10,"Kreis 10",11,"Patchwork-Haushalt",47,154
2016,101,"Höngg",10,"Kreis 10",12,"Wohngemeinschaft ohne Kinder",348,1204
2016,101,"Höngg",10,"Kreis 10",13,"Wohngemeinschaft mit Kind(ern)",198,985
2016,101,"Höngg",10,"Kreis 10",14,"Generationenhaushalt",31,150
2016,101,"Höngg",10,"Kreis 10",15,"Familien-Verbund",1,5
2016,102,"Wipkingen",10,"Kreis 10",1,"Einpersonenhaushalt",4044,4044
2016,102,"Wipkingen",10,"Kreis 10",4,"Zweipersonenhaushalt",1552,3104
2016,102,"Wipkingen",10,"Kreis 10",5,"Ehepaar ohne Kinder",765,1530
2016,102,"Wipkingen",10,"Kreis 10",6,"Eingetragenes Paar ohne Kinder",46,92
2016,102,"Wipkingen",10,"Kreis 10",7,"Ein-Elternhaushalt",348,807
2016,102,"Wipkingen",10,"Kreis 10",8,"Ehepaar mit Kind(ern)",799,2902
2016,102,"Wipkingen",10,"Kreis 10",10,"Paar mit Kind(ern)",260,891
2016,102,"Wipkingen",10,"Kreis 10",11,"Patchwork-Haushalt",31,103
2016,102,"Wipkingen",10,"Kreis 10",12,"Wohngemeinschaft ohne Kinder",454,1511
2016,102,"Wipkingen",10,"Kreis 10",13,"Wohngemeinschaft mit Kind(ern)",120,615
2016,102,"Wipkingen",10,"Kreis 10",14,"Generationenhaushalt",18,94
2016,111,"Affoltern",11,"Kreis 11",1,"Einpersonenhaushalt",4077,4077
2016,111,"Affoltern",11,"Kreis 11",4,"Zweipersonenhaushalt",1291,2582
2016,111,"Affoltern",11,"Kreis 11",5,"Ehepaar ohne Kinder",1715,3430
2016,111,"Affoltern",11,"Kreis 11",6,"Eingetragenes Paar ohne Kinder",28,56
2016,111,"Affoltern",11,"Kreis 11",7,"Ein-Elternhaushalt",671,1674
2016,111,"Affoltern",11,"Kreis 11",8,"Ehepaar mit Kind(ern)",2361,8944
2016,111,"Affoltern",11,"Kreis 11",9,"Eingetragenes Paar mit Kind(ern)",2,7
2016,111,"Affoltern",11,"Kreis 11",10,"Paar mit Kind(ern)",204,726
2016,111,"Affoltern",11,"Kreis 11",11,"Patchwork-Haushalt",63,216
2016,111,"Affoltern",11,"Kreis 11",12,"Wohngemeinschaft ohne Kinder",391,1314
2016,111,"Affoltern",11,"Kreis 11",13,"Wohngemeinschaft mit Kind(ern)",298,1403
2016,111,"Affoltern",11,"Kreis 11",14,"Generationenhaushalt",122,639
2016,111,"Affoltern",11,"Kreis 11",15,"Familien-Verbund",1,4
2016,115,"Oerlikon",11,"Kreis 11",1,"Einpersonenhaushalt",4651,4651
2016,115,"Oerlikon",11,"Kreis 11",4,"Zweipersonenhaushalt",1763,3526
2016,115,"Oerlikon",11,"Kreis 11",5,"Ehepaar ohne Kinder",1182,2364
2016,115,"Oerlikon",11,"Kreis 11",6,"Eingetragenes Paar ohne Kinder",44,88
2016,115,"Oerlikon",11,"Kreis 11",7,"Ein-Elternhaushalt",379,932
2016,115,"Oerlikon",11,"Kreis 11",8,"Ehepaar mit Kind(ern)",1374,5146
2016,115,"Oerlikon",11,"Kreis 11",10,"Paar mit Kind(ern)",165,585
2016,115,"Oerlikon",11,"Kreis 11",11,"Patchwork-Haushalt",46,147
2016,115,"Oerlikon",11,"Kreis 11",12,"Wohngemeinschaft ohne Kinder",653,2176
2016,115,"Oerlikon",11,"Kreis 11",13,"Wohngemeinschaft mit Kind(ern)",199,962
2016,115,"Oerlikon",11,"Kreis 11",14,"Generationenhaushalt",40,189
2016,119,"Seebach",11,"Kreis 11",1,"Einpersonenhaushalt",4666,4666
2016,119,"Seebach",11,"Kreis 11",4,"Zweipersonenhaushalt",1510,3020
2016,119,"Seebach",11,"Kreis 11",5,"Ehepaar ohne Kinder",1553,3106
2016,119,"Seebach",11,"Kreis 11",6,"Eingetragenes Paar ohne Kinder",45,90
2016,119,"Seebach",11,"Kreis 11",7,"Ein-Elternhaushalt",565,1434
2016,119,"Seebach",11,"Kreis 11",8,"Ehepaar mit Kind(ern)",1987,7475
2016,119,"Seebach",11,"Kreis 11",10,"Paar mit Kind(ern)",168,588
2016,119,"Seebach",11,"Kreis 11",11,"Patchwork-Haushalt",55,191
2016,119,"Seebach",11,"Kreis 11",12,"Wohngemeinschaft ohne Kinder",549,1849
2016,119,"Seebach",11,"Kreis 11",13,"Wohngemeinschaft mit Kind(ern)",265,1255
2016,119,"Seebach",11,"Kreis 11",14,"Generationenhaushalt",104,574
2016,119,"Seebach",11,"Kreis 11",15,"Familien-Verbund",1,4
2016,121,"Saatlen",12,"Kreis 12",1,"Einpersonenhaushalt",1043,1043
2016,121,"Saatlen",12,"Kreis 12",4,"Zweipersonenhaushalt",300,600
2016,121,"Saatlen",12,"Kreis 12",5,"Ehepaar ohne Kinder",431,862
2016,121,"Saatlen",12,"Kreis 12",6,"Eingetragenes Paar ohne Kinder",7,14
2016,121,"Saatlen",12,"Kreis 12",7,"Ein-Elternhaushalt",273,746
2016,121,"Saatlen",12,"Kreis 12",8,"Ehepaar mit Kind(ern)",840,3434
2016,121,"Saatlen",12,"Kreis 12",10,"Paar mit Kind(ern)",75,288
2016,121,"Saatlen",12,"Kreis 12",11,"Patchwork-Haushalt",11,37
2016,121,"Saatlen",12,"Kreis 12",12,"Wohngemeinschaft ohne Kinder",129,538
2016,121,"Saatlen",12,"Kreis 12",13,"Wohngemeinschaft mit Kind(ern)",80,392
2016,121,"Saatlen",12,"Kreis 12",14,"Generationenhaushalt",41,223
2016,122,"Schwamendingen-Mitte",12,"Kreis 12",1,"Einpersonenhaushalt",2405,2405
2016,122,"Schwamendingen-Mitte",12,"Kreis 12",4,"Zweipersonenhaushalt",706,1412
2016,122,"Schwamendingen-Mitte",12,"Kreis 12",5,"Ehepaar ohne Kinder",770,1540
2016,122,"Schwamendingen-Mitte",12,"Kreis 12",6,"Eingetragenes Paar ohne Kinder",14,28
2016,122,"Schwamendingen-Mitte",12,"Kreis 12",7,"Ein-Elternhaushalt",288,673
2016,122,"Schwamendingen-Mitte",12,"Kreis 12",8,"Ehepaar mit Kind(ern)",805,2994
2016,122,"Schwamendingen-Mitte",12,"Kreis 12",10,"Paar mit Kind(ern)",65,237
2016,122,"Schwamendingen-Mitte",12,"Kreis 12",11,"Patchwork-Haushalt",25,79
2016,122,"Schwamendingen-Mitte",12,"Kreis 12",12,"Wohngemeinschaft ohne Kinder",253,846
2016,122,"Schwamendingen-Mitte",12,"Kreis 12",13,"Wohngemeinschaft mit Kind(ern)",106,473
2016,122,"Schwamendingen-Mitte",12,"Kreis 12",14,"Generationenhaushalt",47,237
2016,123,"Hirzenbach",12,"Kreis 12",1,"Einpersonenhaushalt",2084,2084
2016,123,"Hirzenbach",12,"Kreis 12",4,"Zweipersonenhaushalt",609,1218
2016,123,"Hirzenbach",12,"Kreis 12",5,"Ehepaar ohne Kinder",775,1550
2016,123,"Hirzenbach",12,"Kreis 12",6,"Eingetragenes Paar ohne Kinder",4,8
2016,123,"Hirzenbach",12,"Kreis 12",7,"Ein-Elternhaushalt",361,881
2016,123,"Hirzenbach",12,"Kreis 12",8,"Ehepaar mit Kind(ern)",1104,4215
2016,123,"Hirzenbach",12,"Kreis 12",10,"Paar mit Kind(ern)",81,299
2016,123,"Hirzenbach",12,"Kreis 12",11,"Patchwork-Haushalt",47,152
2016,123,"Hirzenbach",12,"Kreis 12",12,"Wohngemeinschaft ohne Kinder",228,747
2016,123,"Hirzenbach",12,"Kreis 12",13,"Wohngemeinschaft mit Kind(ern)",123,611
2016,123,"Hirzenbach",12,"Kreis 12",14,"Generationenhaushalt",47,255
2017,11,"Rathaus",1,"Kreis 1",1,"Einpersonenhaushalt",1132,1132
2017,11,"Rathaus",1,"Kreis 1",4,"Zweipersonenhaushalt",279,558
2017,11,"Rathaus",1,"Kreis 1",5,"Ehepaar ohne Kinder",186,372
2017,11,"Rathaus",1,"Kreis 1",6,"Eingetragenes Paar ohne Kinder",12,24
2017,11,"Rathaus",1,"Kreis 1",7,"Ein-Elternhaushalt",56,120
2017,11,"Rathaus",1,"Kreis 1",8,"Ehepaar mit Kind(ern)",107,408
2017,11,"Rathaus",1,"Kreis 1",10,"Paar mit Kind(ern)",23,81
2017,11,"Rathaus",1,"Kreis 1",11,"Patchwork-Haushalt",6,20
2017,11,"Rathaus",1,"Kreis 1",12,"Wohngemeinschaft ohne Kinder",78,288
2017,11,"Rathaus",1,"Kreis 1",13,"Wohngemeinschaft mit Kind(ern)",13,52
2017,12,"Hochschulen",1,"Kreis 1",1,"Einpersonenhaushalt",111,111
2017,12,"Hochschulen",1,"Kreis 1",4,"Zweipersonenhaushalt",44,88
2017,12,"Hochschulen",1,"Kreis 1",5,"Ehepaar ohne Kinder",21,42
2017,12,"Hochschulen",1,"Kreis 1",6,"Eingetragenes Paar ohne Kinder",4,8
2017,12,"Hochschulen",1,"Kreis 1",7,"Ein-Elternhaushalt",5,11
2017,12,"Hochschulen",1,"Kreis 1",8,"Ehepaar mit Kind(ern)",19,68
2017,12,"Hochschulen",1,"Kreis 1",10,"Paar mit Kind(ern)",2,7
2017,12,"Hochschulen",1,"Kreis 1",12,"Wohngemeinschaft ohne Kinder",13,50
2017,12,"Hochschulen",1,"Kreis 1",13,"Wohngemeinschaft mit Kind(ern)",7,35
2017,12,"Hochschulen",1,"Kreis 1",14,"Generationenhaushalt",1,4
2017,13,"Lindenhof",1,"Kreis 1",1,"Einpersonenhaushalt",344,344
2017,13,"Lindenhof",1,"Kreis 1",4,"Zweipersonenhaushalt",91,182
2017,13,"Lindenhof",1,"Kreis 1",5,"Ehepaar ohne Kinder",53,106
2017,13,"Lindenhof",1,"Kreis 1",6,"Eingetragenes Paar ohne Kinder",3,6
2017,13,"Lindenhof",1,"Kreis 1",7,"Ein-Elternhaushalt",20,47
2017,13,"Lindenhof",1,"Kreis 1",8,"Ehepaar mit Kind(ern)",35,133
2017,13,"Lindenhof",1,"Kreis 1",10,"Paar mit Kind(ern)",6,19
2017,13,"Lindenhof",1,"Kreis 1",11,"Patchwork-Haushalt",3,10
2017,13,"Lindenhof",1,"Kreis 1",12,"Wohngemeinschaft ohne Kinder",16,55
2017,13,"Lindenhof",1,"Kreis 1",13,"Wohngemeinschaft mit Kind(ern)",5,21
2017,13,"Lindenhof",1,"Kreis 1",14,"Generationenhaushalt",1,4
2017,14,"City",1,"Kreis 1",1,"Einpersonenhaushalt",117,117
2017,14,"City",1,"Kreis 1",4,"Zweipersonenhaushalt",60,120
2017,14,"City",1,"Kreis 1",5,"Ehepaar ohne Kinder",41,82
2017,14,"City",1,"Kreis 1",6,"Eingetragenes Paar ohne Kinder",4,8
2017,14,"City",1,"Kreis 1",7,"Ein-Elternhaushalt",13,36
2017,14,"City",1,"Kreis 1",8,"Ehepaar mit Kind(ern)",45,179
2017,14,"City",1,"Kreis 1",10,"Paar mit Kind(ern)",10,36
2017,14,"City",1,"Kreis 1",12,"Wohngemeinschaft ohne Kinder",21,74
2017,14,"City",1,"Kreis 1",13,"Wohngemeinschaft mit Kind(ern)",6,34
2017,14,"City",1,"Kreis 1",14,"Generationenhaushalt",3,21
2017,21,"Wollishofen",2,"Kreis 2",1,"Einpersonenhaushalt",3867,3867
2017,21,"Wollishofen",2,"Kreis 2",4,"Zweipersonenhaushalt",1046,2092
2017,21,"Wollishofen",2,"Kreis 2",5,"Ehepaar ohne Kinder",1127,2254
2017,21,"Wollishofen",2,"Kreis 2",6,"Eingetragenes Paar ohne Kinder",25,50
2017,21,"Wollishofen",2,"Kreis 2",7,"Ein-Elternhaushalt",436,1043
2017,21,"Wollishofen",2,"Kreis 2",8,"Ehepaar mit Kind(ern)",1305,4975
2017,21,"Wollishofen",2,"Kreis 2",10,"Paar mit Kind(ern)",233,838
2017,21,"Wollishofen",2,"Kreis 2",11,"Patchwork-Haushalt",48,164
2017,21,"Wollishofen",2,"Kreis 2",12,"Wohngemeinschaft ohne Kinder",258,872
2017,21,"Wollishofen",2,"Kreis 2",13,"Wohngemeinschaft mit Kind(ern)",167,786
2017,21,"Wollishofen",2,"Kreis 2",14,"Generationenhaushalt",31,163
2017,23,"Leimbach",2,"Kreis 2",1,"Einpersonenhaushalt",867,867
2017,23,"Leimbach",2,"Kreis 2",4,"Zweipersonenhaushalt",248,496
2017,23,"Leimbach",2,"Kreis 2",5,"Ehepaar ohne Kinder",378,756
2017,23,"Leimbach",2,"Kreis 2",6,"Eingetragenes Paar ohne Kinder",6,12
2017,23,"Leimbach",2,"Kreis 2",7,"Ein-Elternhaushalt",167,460
2017,23,"Leimbach",2,"Kreis 2",8,"Ehepaar mit Kind(ern)",589,2330
2017,23,"Leimbach",2,"Kreis 2",10,"Paar mit Kind(ern)",64,247
2017,23,"Leimbach",2,"Kreis 2",11,"Patchwork-Haushalt",18,64
2017,23,"Leimbach",2,"Kreis 2",12,"Wohngemeinschaft ohne Kinder",92,319
2017,23,"Leimbach",2,"Kreis 2",13,"Wohngemeinschaft mit Kind(ern)",71,369
2017,23,"Leimbach",2,"Kreis 2",14,"Generationenhaushalt",24,136
2017,24,"Enge",2,"Kreis 2",1,"Einpersonenhaushalt",1960,1960
2017,24,"Enge",2,"Kreis 2",4,"Zweipersonenhaushalt",708,1416
2017,24,"Enge",2,"Kreis 2",5,"Ehepaar ohne Kinder",535,1070
2017,24,"Enge",2,"Kreis 2",6,"Eingetragenes Paar ohne Kinder",20,40
2017,24,"Enge",2,"Kreis 2",7,"Ein-Elternhaushalt",140,338
2017,24,"Enge",2,"Kreis 2",8,"Ehepaar mit Kind(ern)",625,2417
2017,24,"Enge",2,"Kreis 2",9,"Eingetragenes Paar mit Kind(ern)",1,3
2017,24,"Enge",2,"Kreis 2",10,"Paar mit Kind(ern)",98,340
2017,24,"Enge",2,"Kreis 2",11,"Patchwork-Haushalt",15,49
2017,24,"Enge",2,"Kreis 2",12,"Wohngemeinschaft ohne Kinder",234,797
2017,24,"Enge",2,"Kreis 2",13,"Wohngemeinschaft mit Kind(ern)",90,462
2017,24,"Enge",2,"Kreis 2",14,"Generationenhaushalt",21,118
2017,24,"Enge",2,"Kreis 2",15,"Familien-Verbund",1,6
2017,31,"Alt-Wiedikon",3,"Kreis 3",1,"Einpersonenhaushalt",4196,4196
2017,31,"Alt-Wiedikon",3,"Kreis 3",4,"Zweipersonenhaushalt",1600,3200
2017,31,"Alt-Wiedikon",3,"Kreis 3",5,"Ehepaar ohne Kinder",778,1556
2017,31,"Alt-Wiedikon",3,"Kreis 3",6,"Eingetragenes Paar ohne Kinder",38,76
2017,31,"Alt-Wiedikon",3,"Kreis 3",7,"Ein-Elternhaushalt",224,517
2017,31,"Alt-Wiedikon",3,"Kreis 3",8,"Ehepaar mit Kind(ern)",959,3735
2017,31,"Alt-Wiedikon",3,"Kreis 3",9,"Eingetragenes Paar mit Kind(ern)",3,11
2017,31,"Alt-Wiedikon",3,"Kreis 3",10,"Paar mit Kind(ern)",196,680
2017,31,"Alt-Wiedikon",3,"Kreis 3",11,"Patchwork-Haushalt",46,149
2017,31,"Alt-Wiedikon",3,"Kreis 3",12,"Wohngemeinschaft ohne Kinder",449,1503
2017,31,"Alt-Wiedikon",3,"Kreis 3",13,"Wohngemeinschaft mit Kind(ern)",218,1180
2017,31,"Alt-Wiedikon",3,"Kreis 3",14,"Generationenhaushalt",43,293
2017,33,"Friesenberg",3,"Kreis 3",1,"Einpersonenhaushalt",1273,1273
2017,33,"Friesenberg",3,"Kreis 3",4,"Zweipersonenhaushalt",302,604
2017,33,"Friesenberg",3,"Kreis 3",5,"Ehepaar ohne Kinder",622,1244
2017,33,"Friesenberg",3,"Kreis 3",6,"Eingetragenes Paar ohne Kinder",2,4
2017,33,"Friesenberg",3,"Kreis 3",7,"Ein-Elternhaushalt",361,955
2017,33,"Friesenberg",3,"Kreis 3",8,"Ehepaar mit Kind(ern)",1165,4715
2017,33,"Friesenberg",3,"Kreis 3",9,"Eingetragenes Paar mit Kind(ern)",1,4
2017,33,"Friesenberg",3,"Kreis 3",10,"Paar mit Kind(ern)",168,644
2017,33,"Friesenberg",3,"Kreis 3",11,"Patchwork-Haushalt",21,76
2017,33,"Friesenberg",3,"Kreis 3",12,"Wohngemeinschaft ohne Kinder",88,297
2017,33,"Friesenberg",3,"Kreis 3",13,"Wohngemeinschaft mit Kind(ern)",98,472
2017,33,"Friesenberg",3,"Kreis 3",14,"Generationenhaushalt",31,168
2017,34,"Sihlfeld",3,"Kreis 3",1,"Einpersonenhaushalt",5485,5485
2017,34,"Sihlfeld",3,"Kreis 3",4,"Zweipersonenhaushalt",2161,4322
2017,34,"Sihlfeld",3,"Kreis 3",5,"Ehepaar ohne Kinder",862,1724
2017,34,"Sihlfeld",3,"Kreis 3",6,"Eingetragenes Paar ohne Kinder",37,74
2017,34,"Sihlfeld",3,"Kreis 3",7,"Ein-Elternhaushalt",424,992
2017,34,"Sihlfeld",3,"Kreis 3",8,"Ehepaar mit Kind(ern)",1071,4110
2017,34,"Sihlfeld",3,"Kreis 3",9,"Eingetragenes Paar mit Kind(ern)",5,17
2017,34,"Sihlfeld",3,"Kreis 3",10,"Paar mit Kind(ern)",259,884
2017,34,"Sihlfeld",3,"Kreis 3",11,"Patchwork-Haushalt",41,132
2017,34,"Sihlfeld",3,"Kreis 3",12,"Wohngemeinschaft ohne Kinder",550,1821
2017,34,"Sihlfeld",3,"Kreis 3",13,"Wohngemeinschaft mit Kind(ern)",190,992
2017,34,"Sihlfeld",3,"Kreis 3",14,"Generationenhaushalt",75,450
2017,41,"Werd",4,"Kreis 4",1,"Einpersonenhaushalt",939,939
2017,41,"Werd",4,"Kreis 4",4,"Zweipersonenhaushalt",493,986
2017,41,"Werd",4,"Kreis 4",5,"Ehepaar ohne Kinder",156,312
2017,41,"Werd",4,"Kreis 4",6,"Eingetragenes Paar ohne Kinder",16,32
2017,41,"Werd",4,"Kreis 4",7,"Ein-Elternhaushalt",36,86
2017,41,"Werd",4,"Kreis 4",8,"Ehepaar mit Kind(ern)",178,793
2017,41,"Werd",4,"Kreis 4",10,"Paar mit Kind(ern)",56,183
2017,41,"Werd",4,"Kreis 4",11,"Patchwork-Haushalt",8,27
2017,41,"Werd",4,"Kreis 4",12,"Wohngemeinschaft ohne Kinder",173,607
2017,41,"Werd",4,"Kreis 4",13,"Wohngemeinschaft mit Kind(ern)",43,282
2017,41,"Werd",4,"Kreis 4",14,"Generationenhaushalt",10,98
2017,41,"Werd",4,"Kreis 4",15,"Familien-Verbund",1,4
2017,42,"Langstrasse",4,"Kreis 4",1,"Einpersonenhaushalt",2963,2963
2017,42,"Langstrasse",4,"Kreis 4",4,"Zweipersonenhaushalt",1339,2678
2017,42,"Langstrasse",4,"Kreis 4",5,"Ehepaar ohne Kinder",383,766
2017,42,"Langstrasse",4,"Kreis 4",6,"Eingetragenes Paar ohne Kinder",37,74
2017,42,"Langstrasse",4,"Kreis 4",7,"Ein-Elternhaushalt",99,229
2017,42,"Langstrasse",4,"Kreis 4",8,"Ehepaar mit Kind(ern)",270,977
2017,42,"Langstrasse",4,"Kreis 4",10,"Paar mit Kind(ern)",96,322
2017,42,"Langstrasse",4,"Kreis 4",11,"Patchwork-Haushalt",22,67
2017,42,"Langstrasse",4,"Kreis 4",12,"Wohngemeinschaft ohne Kinder",497,1722
2017,42,"Langstrasse",4,"Kreis 4",13,"Wohngemeinschaft mit Kind(ern)",84,386
2017,42,"Langstrasse",4,"Kreis 4",14,"Generationenhaushalt",21,105
2017,44,"Hard",4,"Kreis 4",1,"Einpersonenhaushalt",2957,2957
2017,44,"Hard",4,"Kreis 4",4,"Zweipersonenhaushalt",1135,2270
2017,44,"Hard",4,"Kreis 4",5,"Ehepaar ohne Kinder",535,1070
2017,44,"Hard",4,"Kreis 4",6,"Eingetragenes Paar ohne Kinder",20,40
2017,44,"Hard",4,"Kreis 4",7,"Ein-Elternhaushalt",349,836
2017,44,"Hard",4,"Kreis 4",8,"Ehepaar mit Kind(ern)",756,2794
2017,44,"Hard",4,"Kreis 4",9,"Eingetragenes Paar mit Kind(ern)",1,4
2017,44,"Hard",4,"Kreis 4",10,"Paar mit Kind(ern)",134,459
2017,44,"Hard",4,"Kreis 4",11,"Patchwork-Haushalt",31,102
2017,44,"Hard",4,"Kreis 4",12,"Wohngemeinschaft ohne Kinder",417,1404
2017,44,"Hard",4,"Kreis 4",13,"Wohngemeinschaft mit Kind(ern)",118,534
2017,44,"Hard",4,"Kreis 4",14,"Generationenhaushalt",47,230
2017,51,"Gewerbeschule",5,"Kreis 5",1,"Einpersonenhaushalt",2266,2266
2017,51,"Gewerbeschule",5,"Kreis 5",4,"Zweipersonenhaushalt",984,1968
2017,51,"Gewerbeschule",5,"Kreis 5",5,"Ehepaar ohne Kinder",372,744
2017,51,"Gewerbeschule",5,"Kreis 5",6,"Eingetragenes Paar ohne Kinder",31,62
2017,51,"Gewerbeschule",5,"Kreis 5",7,"Ein-Elternhaushalt",187,442
2017,51,"Gewerbeschule",5,"Kreis 5",8,"Ehepaar mit Kind(ern)",404,1508
2017,51,"Gewerbeschule",5,"Kreis 5",10,"Paar mit Kind(ern)",131,453
2017,51,"Gewerbeschule",5,"Kreis 5",11,"Patchwork-Haushalt",21,71
2017,51,"Gewerbeschule",5,"Kreis 5",12,"Wohngemeinschaft ohne Kinder",303,1023
2017,51,"Gewerbeschule",5,"Kreis 5",13,"Wohngemeinschaft mit Kind(ern)",62,282
2017,51,"Gewerbeschule",5,"Kreis 5",14,"Generationenhaushalt",46,243
2017,52,"Escher Wyss",5,"Kreis 5",1,"Einpersonenhaushalt",1082,1082
2017,52,"Escher Wyss",5,"Kreis 5",4,"Zweipersonenhaushalt",691,1382
2017,52,"Escher Wyss",5,"Kreis 5",5,"Ehepaar ohne Kinder",325,650
2017,52,"Escher Wyss",5,"Kreis 5",6,"Eingetragenes Paar ohne Kinder",47,94
2017,52,"Escher Wyss",5,"Kreis 5",7,"Ein-Elternhaushalt",79,194
2017,52,"Escher Wyss",5,"Kreis 5",8,"Ehepaar mit Kind(ern)",281,994
2017,52,"Escher Wyss",5,"Kreis 5",9,"Eingetragenes Paar mit Kind(ern)",3,10
2017,52,"Escher Wyss",5,"Kreis 5",10,"Paar mit Kind(ern)",94,317
2017,52,"Escher Wyss",5,"Kreis 5",11,"Patchwork-Haushalt",23,76
2017,52,"Escher Wyss",5,"Kreis 5",12,"Wohngemeinschaft ohne Kinder",260,869
2017,52,"Escher Wyss",5,"Kreis 5",13,"Wohngemeinschaft mit Kind(ern)",49,240
2017,52,"Escher Wyss",5,"Kreis 5",14,"Generationenhaushalt",10,55
2017,61,"Unterstrass",6,"Kreis 6",1,"Einpersonenhaushalt",4961,4961
2017,61,"Unterstrass",6,"Kreis 6",4,"Zweipersonenhaushalt",1852,3704
2017,61,"Unterstrass",6,"Kreis 6",5,"Ehepaar ohne Kinder",1198,2396
2017,61,"Unterstrass",6,"Kreis 6",6,"Eingetragenes Paar ohne Kinder",52,104
2017,61,"Unterstrass",6,"Kreis 6",7,"Ein-Elternhaushalt",552,1337
2017,61,"Unterstrass",6,"Kreis 6",8,"Ehepaar mit Kind(ern)",1526,5838
2017,61,"Unterstrass",6,"Kreis 6",10,"Paar mit Kind(ern)",323,1145
2017,61,"Unterstrass",6,"Kreis 6",11,"Patchwork-Haushalt",42,137
2017,61,"Unterstrass",6,"Kreis 6",12,"Wohngemeinschaft ohne Kinder",513,1715
2017,61,"Unterstrass",6,"Kreis 6",13,"Wohngemeinschaft mit Kind(ern)",146,685
2017,61,"Unterstrass",6,"Kreis 6",14,"Generationenhaushalt",29,128
2017,63,"Oberstrass",6,"Kreis 6",1,"Einpersonenhaushalt",2488,2488
2017,63,"Oberstrass",6,"Kreis 6",4,"Zweipersonenhaushalt",717,1434
2017,63,"Oberstrass",6,"Kreis 6",5,"Ehepaar ohne Kinder",620,1240
2017,63,"Oberstrass",6,"Kreis 6",6,"Eingetragenes Paar ohne Kinder",21,42
2017,63,"Oberstrass",6,"Kreis 6",7,"Ein-Elternhaushalt",186,445
2017,63,"Oberstrass",6,"Kreis 6",8,"Ehepaar mit Kind(ern)",685,2614
2017,63,"Oberstrass",6,"Kreis 6",10,"Paar mit Kind(ern)",157,557
2017,63,"Oberstrass",6,"Kreis 6",11,"Patchwork-Haushalt",18,57
2017,63,"Oberstrass",6,"Kreis 6",12,"Wohngemeinschaft ohne Kinder",215,740
2017,63,"Oberstrass",6,"Kreis 6",13,"Wohngemeinschaft mit Kind(ern)",80,373
2017,63,"Oberstrass",6,"Kreis 6",14,"Generationenhaushalt",19,100
2017,71,"Fluntern",7,"Kreis 7",1,"Einpersonenhaushalt",1418,1418
2017,71,"Fluntern",7,"Kreis 7",4,"Zweipersonenhaushalt",403,806
2017,71,"Fluntern",7,"Kreis 7",5,"Ehepaar ohne Kinder",584,1168
2017,71,"Fluntern",7,"Kreis 7",6,"Eingetragenes Paar ohne Kinder",29,58
2017,71,"Fluntern",7,"Kreis 7",7,"Ein-Elternhaushalt",162,397
2017,71,"Fluntern",7,"Kreis 7",8,"Ehepaar mit Kind(ern)",603,2273
2017,71,"Fluntern",7,"Kreis 7",9,"Eingetragenes Paar mit Kind(ern)",1,5
2017,71,"Fluntern",7,"Kreis 7",10,"Paar mit Kind(ern)",81,285
2017,71,"Fluntern",7,"Kreis 7",11,"Patchwork-Haushalt",17,59
2017,71,"Fluntern",7,"Kreis 7",12,"Wohngemeinschaft ohne Kinder",161,560
2017,71,"Fluntern",7,"Kreis 7",13,"Wohngemeinschaft mit Kind(ern)",106,512
2017,71,"Fluntern",7,"Kreis 7",14,"Generationenhaushalt",17,81
2017,71,"Fluntern",7,"Kreis 7",15,"Familien-Verbund",1,5
2017,72,"Hottingen",7,"Kreis 7",1,"Einpersonenhaushalt",2340,2340
2017,72,"Hottingen",7,"Kreis 7",4,"Zweipersonenhaushalt",713,1426
2017,72,"Hottingen",7,"Kreis 7",5,"Ehepaar ohne Kinder",622,1244
2017,72,"Hottingen",7,"Kreis 7",6,"Eingetragenes Paar ohne Kinder",22,44
2017,72,"Hottingen",7,"Kreis 7",7,"Ein-Elternhaushalt",213,504
2017,72,"Hottingen",7,"Kreis 7",8,"Ehepaar mit Kind(ern)",759,2857
2017,72,"Hottingen",7,"Kreis 7",10,"Paar mit Kind(ern)",138,498
2017,72,"Hottingen",7,"Kreis 7",11,"Patchwork-Haushalt",31,106
2017,72,"Hottingen",7,"Kreis 7",12,"Wohngemeinschaft ohne Kinder",222,763
2017,72,"Hottingen",7,"Kreis 7",13,"Wohngemeinschaft mit Kind(ern)",145,692
2017,72,"Hottingen",7,"Kreis 7",14,"Generationenhaushalt",13,66
2017,73,"Hirslanden",7,"Kreis 7",1,"Einpersonenhaushalt",1708,1708
2017,73,"Hirslanden",7,"Kreis 7",4,"Zweipersonenhaushalt",517,1034
2017,73,"Hirslanden",7,"Kreis 7",5,"Ehepaar ohne Kinder",406,812
2017,73,"Hirslanden",7,"Kreis 7",6,"Eingetragenes Paar ohne Kinder",12,24
2017,73,"Hirslanden",7,"Kreis 7",7,"Ein-Elternhaushalt",143,337
2017,73,"Hirslanden",7,"Kreis 7",8,"Ehepaar mit Kind(ern)",482,1798
2017,73,"Hirslanden",7,"Kreis 7",10,"Paar mit Kind(ern)",93,335
2017,73,"Hirslanden",7,"Kreis 7",11,"Patchwork-Haushalt",14,44
2017,73,"Hirslanden",7,"Kreis 7",12,"Wohngemeinschaft ohne Kinder",146,491
2017,73,"Hirslanden",7,"Kreis 7",13,"Wohngemeinschaft mit Kind(ern)",82,387
2017,73,"Hirslanden",7,"Kreis 7",14,"Generationenhaushalt",16,85
2017,74,"Witikon",7,"Kreis 7",1,"Einpersonenhaushalt",2130,2130
2017,74,"Witikon",7,"Kreis 7",4,"Zweipersonenhaushalt",482,964
2017,74,"Witikon",7,"Kreis 7",5,"Ehepaar ohne Kinder",908,1816
2017,74,"Witikon",7,"Kreis 7",6,"Eingetragenes Paar ohne Kinder",16,32
2017,74,"Witikon",7,"Kreis 7",7,"Ein-Elternhaushalt",241,578
2017,74,"Witikon",7,"Kreis 7",8,"Ehepaar mit Kind(ern)",838,3210
2017,74,"Witikon",7,"Kreis 7",9,"Eingetragenes Paar mit Kind(ern)",3,9
2017,74,"Witikon",7,"Kreis 7",10,"Paar mit Kind(ern)",95,333
2017,74,"Witikon",7,"Kreis 7",11,"Patchwork-Haushalt",11,35
2017,74,"Witikon",7,"Kreis 7",12,"Wohngemeinschaft ohne Kinder",156,528
2017,74,"Witikon",7,"Kreis 7",13,"Wohngemeinschaft mit Kind(ern)",105,501
2017,74,"Witikon",7,"Kreis 7",14,"Generationenhaushalt",18,85
2017,81,"Seefeld",8,"Kreis 8",1,"Einpersonenhaushalt",1645,1645
2017,81,"Seefeld",8,"Kreis 8",4,"Zweipersonenhaushalt",467,934
2017,81,"Seefeld",8,"Kreis 8",5,"Ehepaar ohne Kinder",284,568
2017,81,"Seefeld",8,"Kreis 8",6,"Eingetragenes Paar ohne Kinder",11,22
2017,81,"Seefeld",8,"Kreis 8",7,"Ein-Elternhaushalt",90,213
2017,81,"Seefeld",8,"Kreis 8",8,"Ehepaar mit Kind(ern)",221,788
2017,81,"Seefeld",8,"Kreis 8",9,"Eingetragenes Paar mit Kind(ern)",1,3
2017,81,"Seefeld",8,"Kreis 8",10,"Paar mit Kind(ern)",57,195
2017,81,"Seefeld",8,"Kreis 8",11,"Patchwork-Haushalt",21,67
2017,81,"Seefeld",8,"Kreis 8",12,"Wohngemeinschaft ohne Kinder",125,424
2017,81,"Seefeld",8,"Kreis 8",13,"Wohngemeinschaft mit Kind(ern)",41,207
2017,81,"Seefeld",8,"Kreis 8",14,"Generationenhaushalt",4,18
2017,82,"Mühlebach",8,"Kreis 8",1,"Einpersonenhaushalt",1677,1677
2017,82,"Mühlebach",8,"Kreis 8",4,"Zweipersonenhaushalt",500,1000
2017,82,"Mühlebach",8,"Kreis 8",5,"Ehepaar ohne Kinder",308,616
2017,82,"Mühlebach",8,"Kreis 8",6,"Eingetragenes Paar ohne Kinder",10,20
2017,82,"Mühlebach",8,"Kreis 8",7,"Ein-Elternhaushalt",134,312
2017,82,"Mühlebach",8,"Kreis 8",8,"Ehepaar mit Kind(ern)",324,1198
2017,82,"Mühlebach",8,"Kreis 8",10,"Paar mit Kind(ern)",54,188
2017,82,"Mühlebach",8,"Kreis 8",11,"Patchwork-Haushalt",14,44
2017,82,"Mühlebach",8,"Kreis 8",12,"Wohngemeinschaft ohne Kinder",139,469
2017,82,"Mühlebach",8,"Kreis 8",13,"Wohngemeinschaft mit Kind(ern)",63,304
2017,82,"Mühlebach",8,"Kreis 8",14,"Generationenhaushalt",7,35
2017,83,"Weinegg",8,"Kreis 8",1,"Einpersonenhaushalt",1174,1174
2017,83,"Weinegg",8,"Kreis 8",4,"Zweipersonenhaushalt",299,598
2017,83,"Weinegg",8,"Kreis 8",5,"Ehepaar ohne Kinder",272,544
2017,83,"Weinegg",8,"Kreis 8",6,"Eingetragenes Paar ohne Kinder",11,22
2017,83,"Weinegg",8,"Kreis 8",7,"Ein-Elternhaushalt",96,232
2017,83,"Weinegg",8,"Kreis 8",8,"Ehepaar mit Kind(ern)",336,1250
2017,83,"Weinegg",8,"Kreis 8",9,"Eingetragenes Paar mit Kind(ern)",1,3
2017,83,"Weinegg",8,"Kreis 8",10,"Paar mit Kind(ern)",45,159
2017,83,"Weinegg",8,"Kreis 8",11,"Patchwork-Haushalt",16,53
2017,83,"Weinegg",8,"Kreis 8",12,"Wohngemeinschaft ohne Kinder",105,340
2017,83,"Weinegg",8,"Kreis 8",13,"Wohngemeinschaft mit Kind(ern)",51,282
2017,83,"Weinegg",8,"Kreis 8",14,"Generationenhaushalt",5,23
2017,83,"Weinegg",8,"Kreis 8",15,"Familien-Verbund",1,5
2017,91,"Albisrieden",9,"Kreis 9",1,"Einpersonenhaushalt",4563,4563
2017,91,"Albisrieden",9,"Kreis 9",4,"Zweipersonenhaushalt",1479,2958
2017,91,"Albisrieden",9,"Kreis 9",5,"Ehepaar ohne Kinder",1472,2944
2017,91,"Albisrieden",9,"Kreis 9",6,"Eingetragenes Paar ohne Kinder",49,98
2017,91,"Albisrieden",9,"Kreis 9",7,"Ein-Elternhaushalt",459,1071
2017,91,"Albisrieden",9,"Kreis 9",8,"Ehepaar mit Kind(ern)",1620,5970
2017,91,"Albisrieden",9,"Kreis 9",9,"Eingetragenes Paar mit Kind(ern)",2,7
2017,91,"Albisrieden",9,"Kreis 9",10,"Paar mit Kind(ern)",312,1087
2017,91,"Albisrieden",9,"Kreis 9",11,"Patchwork-Haushalt",51,172
2017,91,"Albisrieden",9,"Kreis 9",12,"Wohngemeinschaft ohne Kinder",367,1225
2017,91,"Albisrieden",9,"Kreis 9",13,"Wohngemeinschaft mit Kind(ern)",191,923
2017,91,"Albisrieden",9,"Kreis 9",14,"Generationenhaushalt",64,321
2017,92,"Altstetten",9,"Kreis 9",1,"Einpersonenhaushalt",6895,6895
2017,92,"Altstetten",9,"Kreis 9",4,"Zweipersonenhaushalt",2203,4406
2017,92,"Altstetten",9,"Kreis 9",5,"Ehepaar ohne Kinder",2102,4204
2017,92,"Altstetten",9,"Kreis 9",6,"Eingetragenes Paar ohne Kinder",61,122
2017,92,"Altstetten",9,"Kreis 9",7,"Ein-Elternhaushalt",726,1736
2017,92,"Altstetten",9,"Kreis 9",8,"Ehepaar mit Kind(ern)",2267,8557
2017,92,"Altstetten",9,"Kreis 9",9,"Eingetragenes Paar mit Kind(ern)",2,8
2017,92,"Altstetten",9,"Kreis 9",10,"Paar mit Kind(ern)",248,842
2017,92,"Altstetten",9,"Kreis 9",11,"Patchwork-Haushalt",81,268
2017,92,"Altstetten",9,"Kreis 9",12,"Wohngemeinschaft ohne Kinder",648,2169
2017,92,"Altstetten",9,"Kreis 9",13,"Wohngemeinschaft mit Kind(ern)",344,1625
2017,92,"Altstetten",9,"Kreis 9",14,"Generationenhaushalt",139,724
2017,92,"Altstetten",9,"Kreis 9",15,"Familien-Verbund",1,4
2017,101,"Höngg",10,"Kreis 10",1,"Einpersonenhaushalt",4518,4518
2017,101,"Höngg",10,"Kreis 10",4,"Zweipersonenhaushalt",1528,3056
2017,101,"Höngg",10,"Kreis 10",5,"Ehepaar ohne Kinder",1641,3282
2017,101,"Höngg",10,"Kreis 10",6,"Eingetragenes Paar ohne Kinder",42,84
2017,101,"Höngg",10,"Kreis 10",7,"Ein-Elternhaushalt",528,1289
2017,101,"Höngg",10,"Kreis 10",8,"Ehepaar mit Kind(ern)",1744,6518
2017,101,"Höngg",10,"Kreis 10",9,"Eingetragenes Paar mit Kind(ern)",4,14
2017,101,"Höngg",10,"Kreis 10",10,"Paar mit Kind(ern)",289,1012
2017,101,"Höngg",10,"Kreis 10",11,"Patchwork-Haushalt",46,154
2017,101,"Höngg",10,"Kreis 10",12,"Wohngemeinschaft ohne Kinder",353,1220
2017,101,"Höngg",10,"Kreis 10",13,"Wohngemeinschaft mit Kind(ern)",218,1038
2017,101,"Höngg",10,"Kreis 10",14,"Generationenhaushalt",32,156
2017,101,"Höngg",10,"Kreis 10",15,"Familien-Verbund",1,4
2017,102,"Wipkingen",10,"Kreis 10",1,"Einpersonenhaushalt",4076,4076
2017,102,"Wipkingen",10,"Kreis 10",4,"Zweipersonenhaushalt",1590,3180
2017,102,"Wipkingen",10,"Kreis 10",5,"Ehepaar ohne Kinder",725,1450
2017,102,"Wipkingen",10,"Kreis 10",6,"Eingetragenes Paar ohne Kinder",43,86
2017,102,"Wipkingen",10,"Kreis 10",7,"Ein-Elternhaushalt",352,805
2017,102,"Wipkingen",10,"Kreis 10",8,"Ehepaar mit Kind(ern)",840,3057
2017,102,"Wipkingen",10,"Kreis 10",10,"Paar mit Kind(ern)",291,998
2017,102,"Wipkingen",10,"Kreis 10",11,"Patchwork-Haushalt",38,122
2017,102,"Wipkingen",10,"Kreis 10",12,"Wohngemeinschaft ohne Kinder",465,1554
2017,102,"Wipkingen",10,"Kreis 10",13,"Wohngemeinschaft mit Kind(ern)",128,678
2017,102,"Wipkingen",10,"Kreis 10",14,"Generationenhaushalt",21,103
2017,111,"Affoltern",11,"Kreis 11",1,"Einpersonenhaushalt",4035,4035
2017,111,"Affoltern",11,"Kreis 11",4,"Zweipersonenhaushalt",1230,2460
2017,111,"Affoltern",11,"Kreis 11",5,"Ehepaar ohne Kinder",1714,3428
2017,111,"Affoltern",11,"Kreis 11",6,"Eingetragenes Paar ohne Kinder",33,66
2017,111,"Affoltern",11,"Kreis 11",7,"Ein-Elternhaushalt",691,1723
2017,111,"Affoltern",11,"Kreis 11",8,"Ehepaar mit Kind(ern)",2375,8987
2017,111,"Affoltern",11,"Kreis 11",9,"Eingetragenes Paar mit Kind(ern)",2,7
2017,111,"Affoltern",11,"Kreis 11",10,"Paar mit Kind(ern)",226,809
2017,111,"Affoltern",11,"Kreis 11",11,"Patchwork-Haushalt",71,237
2017,111,"Affoltern",11,"Kreis 11",12,"Wohngemeinschaft ohne Kinder",429,1431
2017,111,"Affoltern",11,"Kreis 11",13,"Wohngemeinschaft mit Kind(ern)",310,1485
2017,111,"Affoltern",11,"Kreis 11",14,"Generationenhaushalt",116,614
2017,111,"Affoltern",11,"Kreis 11",15,"Familien-Verbund",1,4
2017,115,"Oerlikon",11,"Kreis 11",1,"Einpersonenhaushalt",4703,4703
2017,115,"Oerlikon",11,"Kreis 11",4,"Zweipersonenhaushalt",1883,3766
2017,115,"Oerlikon",11,"Kreis 11",5,"Ehepaar ohne Kinder",1183,2366
2017,115,"Oerlikon",11,"Kreis 11",6,"Eingetragenes Paar ohne Kinder",46,92
2017,115,"Oerlikon",11,"Kreis 11",7,"Ein-Elternhaushalt",389,962
2017,115,"Oerlikon",11,"Kreis 11",8,"Ehepaar mit Kind(ern)",1435,5373
2017,115,"Oerlikon",11,"Kreis 11",9,"Eingetragenes Paar mit Kind(ern)",2,6
2017,115,"Oerlikon",11,"Kreis 11",10,"Paar mit Kind(ern)",180,636
2017,115,"Oerlikon",11,"Kreis 11",11,"Patchwork-Haushalt",48,157
2017,115,"Oerlikon",11,"Kreis 11",12,"Wohngemeinschaft ohne Kinder",642,2139
2017,115,"Oerlikon",11,"Kreis 11",13,"Wohngemeinschaft mit Kind(ern)",184,898
2017,115,"Oerlikon",11,"Kreis 11",14,"Generationenhaushalt",42,196
2017,119,"Seebach",11,"Kreis 11",1,"Einpersonenhaushalt",4720,4720
2017,119,"Seebach",11,"Kreis 11",4,"Zweipersonenhaushalt",1464,2928
2017,119,"Seebach",11,"Kreis 11",5,"Ehepaar ohne Kinder",1552,3104
2017,119,"Seebach",11,"Kreis 11",6,"Eingetragenes Paar ohne Kinder",47,94
2017,119,"Seebach",11,"Kreis 11",7,"Ein-Elternhaushalt",592,1488
2017,119,"Seebach",11,"Kreis 11",8,"Ehepaar mit Kind(ern)",2045,7702
2017,119,"Seebach",11,"Kreis 11",10,"Paar mit Kind(ern)",184,639
2017,119,"Seebach",11,"Kreis 11",11,"Patchwork-Haushalt",54,186
2017,119,"Seebach",11,"Kreis 11",12,"Wohngemeinschaft ohne Kinder",554,1875
2017,119,"Seebach",11,"Kreis 11",13,"Wohngemeinschaft mit Kind(ern)",275,1314
2017,119,"Seebach",11,"Kreis 11",14,"Generationenhaushalt",105,584
2017,121,"Saatlen",12,"Kreis 12",1,"Einpersonenhaushalt",1018,1018
2017,121,"Saatlen",12,"Kreis 12",4,"Zweipersonenhaushalt",314,628
2017,121,"Saatlen",12,"Kreis 12",5,"Ehepaar ohne Kinder",429,858
2017,121,"Saatlen",12,"Kreis 12",6,"Eingetragenes Paar ohne Kinder",7,14
2017,121,"Saatlen",12,"Kreis 12",7,"Ein-Elternhaushalt",279,760
2017,121,"Saatlen",12,"Kreis 12",8,"Ehepaar mit Kind(ern)",870,3558
2017,121,"Saatlen",12,"Kreis 12",10,"Paar mit Kind(ern)",91,342
2017,121,"Saatlen",12,"Kreis 12",11,"Patchwork-Haushalt",14,54
2017,121,"Saatlen",12,"Kreis 12",12,"Wohngemeinschaft ohne Kinder",113,486
2017,121,"Saatlen",12,"Kreis 12",13,"Wohngemeinschaft mit Kind(ern)",72,355
2017,121,"Saatlen",12,"Kreis 12",14,"Generationenhaushalt",42,219
2017,122,"Schwamendingen-Mitte",12,"Kreis 12",1,"Einpersonenhaushalt",2428,2428
2017,122,"Schwamendingen-Mitte",12,"Kreis 12",4,"Zweipersonenhaushalt",697,1394
2017,122,"Schwamendingen-Mitte",12,"Kreis 12",5,"Ehepaar ohne Kinder",727,1454
2017,122,"Schwamendingen-Mitte",12,"Kreis 12",6,"Eingetragenes Paar ohne Kinder",12,24
2017,122,"Schwamendingen-Mitte",12,"Kreis 12",7,"Ein-Elternhaushalt",298,704
2017,122,"Schwamendingen-Mitte",12,"Kreis 12",8,"Ehepaar mit Kind(ern)",815,2997
2017,122,"Schwamendingen-Mitte",12,"Kreis 12",10,"Paar mit Kind(ern)",66,244
2017,122,"Schwamendingen-Mitte",12,"Kreis 12",11,"Patchwork-Haushalt",20,66
2017,122,"Schwamendingen-Mitte",12,"Kreis 12",12,"Wohngemeinschaft ohne Kinder",257,850
2017,122,"Schwamendingen-Mitte",12,"Kreis 12",13,"Wohngemeinschaft mit Kind(ern)",100,448
2017,122,"Schwamendingen-Mitte",12,"Kreis 12",14,"Generationenhaushalt",46,246
2017,123,"Hirzenbach",12,"Kreis 12",1,"Einpersonenhaushalt",2113,2113
2017,123,"Hirzenbach",12,"Kreis 12",4,"Zweipersonenhaushalt",615,1230
2017,123,"Hirzenbach",12,"Kreis 12",5,"Ehepaar ohne Kinder",791,1582
2017,123,"Hirzenbach",12,"Kreis 12",6,"Eingetragenes Paar ohne Kinder",8,16
2017,123,"Hirzenbach",12,"Kreis 12",7,"Ein-Elternhaushalt",373,915
2017,123,"Hirzenbach",12,"Kreis 12",8,"Ehepaar mit Kind(ern)",1125,4307
2017,123,"Hirzenbach",12,"Kreis 12",10,"Paar mit Kind(ern)",96,350
2017,123,"Hirzenbach",12,"Kreis 12",11,"Patchwork-Haushalt",56,191
2017,123,"Hirzenbach",12,"Kreis 12",12,"Wohngemeinschaft ohne Kinder",205,694
2017,123,"Hirzenbach",12,"Kreis 12",13,"Wohngemeinschaft mit Kind(ern)",107,554
2017,123,"Hirzenbach",12,"Kreis 12",14,"Generationenhaushalt",45,233
2018,11,"Rathaus",1,"Kreis 1",1,"Einpersonenhaushalt",1140,1140
2018,11,"Rathaus",1,"Kreis 1",4,"Zweipersonenhaushalt",256,512
2018,11,"Rathaus",1,"Kreis 1",5,"Ehepaar ohne Kinder",178,356
2018,11,"Rathaus",1,"Kreis 1",6,"Eingetragenes Paar ohne Kinder",12,24
2018,11,"Rathaus",1,"Kreis 1",7,"Ein-Elternhaushalt",57,128
2018,11,"Rathaus",1,"Kreis 1",8,"Ehepaar mit Kind(ern)",111,412
2018,11,"Rathaus",1,"Kreis 1",9,"Eingetragenes Paar mit Kind(ern)",1,3
2018,11,"Rathaus",1,"Kreis 1",10,"Paar mit Kind(ern)",24,86
2018,11,"Rathaus",1,"Kreis 1",11,"Patchwork-Haushalt",6,19
2018,11,"Rathaus",1,"Kreis 1",12,"Wohngemeinschaft ohne Kinder",86,298
2018,11,"Rathaus",1,"Kreis 1",13,"Wohngemeinschaft mit Kind(ern)",14,63
2018,12,"Hochschulen",1,"Kreis 1",1,"Einpersonenhaushalt",108,108
2018,12,"Hochschulen",1,"Kreis 1",4,"Zweipersonenhaushalt",40,80
2018,12,"Hochschulen",1,"Kreis 1",5,"Ehepaar ohne Kinder",23,46
2018,12,"Hochschulen",1,"Kreis 1",6,"Eingetragenes Paar ohne Kinder",4,8
2018,12,"Hochschulen",1,"Kreis 1",7,"Ein-Elternhaushalt",8,18
2018,12,"Hochschulen",1,"Kreis 1",8,"Ehepaar mit Kind(ern)",18,66
2018,12,"Hochschulen",1,"Kreis 1",10,"Paar mit Kind(ern)",2,7
2018,12,"Hochschulen",1,"Kreis 1",12,"Wohngemeinschaft ohne Kinder",13,49
2018,12,"Hochschulen",1,"Kreis 1",13,"Wohngemeinschaft mit Kind(ern)",8,41
2018,12,"Hochschulen",1,"Kreis 1",14,"Generationenhaushalt",1,3
2018,13,"Lindenhof",1,"Kreis 1",1,"Einpersonenhaushalt",343,343
2018,13,"Lindenhof",1,"Kreis 1",4,"Zweipersonenhaushalt",104,208
2018,13,"Lindenhof",1,"Kreis 1",5,"Ehepaar ohne Kinder",56,112
2018,13,"Lindenhof",1,"Kreis 1",6,"Eingetragenes Paar ohne Kinder",3,6
2018,13,"Lindenhof",1,"Kreis 1",7,"Ein-Elternhaushalt",26,60
2018,13,"Lindenhof",1,"Kreis 1",8,"Ehepaar mit Kind(ern)",30,114
2018,13,"Lindenhof",1,"Kreis 1",10,"Paar mit Kind(ern)",6,19
2018,13,"Lindenhof",1,"Kreis 1",12,"Wohngemeinschaft ohne Kinder",16,55
2018,13,"Lindenhof",1,"Kreis 1",13,"Wohngemeinschaft mit Kind(ern)",8,38
2018,14,"City",1,"Kreis 1",1,"Einpersonenhaushalt",122,122
2018,14,"City",1,"Kreis 1",4,"Zweipersonenhaushalt",52,104
2018,14,"City",1,"Kreis 1",5,"Ehepaar ohne Kinder",42,84
2018,14,"City",1,"Kreis 1",6,"Eingetragenes Paar ohne Kinder",4,8
2018,14,"City",1,"Kreis 1",7,"Ein-Elternhaushalt",13,36
2018,14,"City",1,"Kreis 1",8,"Ehepaar mit Kind(ern)",41,156
2018,14,"City",1,"Kreis 1",10,"Paar mit Kind(ern)",10,37
2018,14,"City",1,"Kreis 1",12,"Wohngemeinschaft ohne Kinder",23,80
2018,14,"City",1,"Kreis 1",13,"Wohngemeinschaft mit Kind(ern)",7,41
2018,14,"City",1,"Kreis 1",14,"Generationenhaushalt",4,26
2018,21,"Wollishofen",2,"Kreis 2",1,"Einpersonenhaushalt",3916,3916
2018,21,"Wollishofen",2,"Kreis 2",4,"Zweipersonenhaushalt",1205,2410
2018,21,"Wollishofen",2,"Kreis 2",5,"Ehepaar ohne Kinder",1148,2296
2018,21,"Wollishofen",2,"Kreis 2",6,"Eingetragenes Paar ohne Kinder",25,50
2018,21,"Wollishofen",2,"Kreis 2",7,"Ein-Elternhaushalt",442,1083
2018,21,"Wollishofen",2,"Kreis 2",8,"Ehepaar mit Kind(ern)",1433,5437
2018,21,"Wollishofen",2,"Kreis 2",9,"Eingetragenes Paar mit Kind(ern)",1,3
2018,21,"Wollishofen",2,"Kreis 2",10,"Paar mit Kind(ern)",265,960
2018,21,"Wollishofen",2,"Kreis 2",11,"Patchwork-Haushalt",51,174
2018,21,"Wollishofen",2,"Kreis 2",12,"Wohngemeinschaft ohne Kinder",279,959
2018,21,"Wollishofen",2,"Kreis 2",13,"Wohngemeinschaft mit Kind(ern)",153,754
2018,21,"Wollishofen",2,"Kreis 2",14,"Generationenhaushalt",27,149
2018,23,"Leimbach",2,"Kreis 2",1,"Einpersonenhaushalt",866,866
2018,23,"Leimbach",2,"Kreis 2",4,"Zweipersonenhaushalt",250,500
2018,23,"Leimbach",2,"Kreis 2",5,"Ehepaar ohne Kinder",376,752
2018,23,"Leimbach",2,"Kreis 2",6,"Eingetragenes Paar ohne Kinder",5,10
2018,23,"Leimbach",2,"Kreis 2",7,"Ein-Elternhaushalt",176,505
2018,23,"Leimbach",2,"Kreis 2",8,"Ehepaar mit Kind(ern)",589,2341
2018,23,"Leimbach",2,"Kreis 2",10,"Paar mit Kind(ern)",67,261
2018,23,"Leimbach",2,"Kreis 2",11,"Patchwork-Haushalt",20,72
2018,23,"Leimbach",2,"Kreis 2",12,"Wohngemeinschaft ohne Kinder",96,336
2018,23,"Leimbach",2,"Kreis 2",13,"Wohngemeinschaft mit Kind(ern)",79,401
2018,23,"Leimbach",2,"Kreis 2",14,"Generationenhaushalt",22,118
2018,24,"Enge",2,"Kreis 2",1,"Einpersonenhaushalt",1953,1953
2018,24,"Enge",2,"Kreis 2",4,"Zweipersonenhaushalt",690,1380
2018,24,"Enge",2,"Kreis 2",5,"Ehepaar ohne Kinder",515,1030
2018,24,"Enge",2,"Kreis 2",6,"Eingetragenes Paar ohne Kinder",21,42
2018,24,"Enge",2,"Kreis 2",7,"Ein-Elternhaushalt",146,352
2018,24,"Enge",2,"Kreis 2",8,"Ehepaar mit Kind(ern)",639,2464
2018,24,"Enge",2,"Kreis 2",9,"Eingetragenes Paar mit Kind(ern)",1,3
2018,24,"Enge",2,"Kreis 2",10,"Paar mit Kind(ern)",110,374
2018,24,"Enge",2,"Kreis 2",11,"Patchwork-Haushalt",20,65
2018,24,"Enge",2,"Kreis 2",12,"Wohngemeinschaft ohne Kinder",262,908
2018,24,"Enge",2,"Kreis 2",13,"Wohngemeinschaft mit Kind(ern)",98,508
2018,24,"Enge",2,"Kreis 2",14,"Generationenhaushalt",20,107
2018,24,"Enge",2,"Kreis 2",15,"Familien-Verbund",1,6
2018,31,"Alt-Wiedikon",3,"Kreis 3",1,"Einpersonenhaushalt",4226,4226
2018,31,"Alt-Wiedikon",3,"Kreis 3",4,"Zweipersonenhaushalt",1644,3288
2018,31,"Alt-Wiedikon",3,"Kreis 3",5,"Ehepaar ohne Kinder",776,1552
2018,31,"Alt-Wiedikon",3,"Kreis 3",6,"Eingetragenes Paar ohne Kinder",36,72
2018,31,"Alt-Wiedikon",3,"Kreis 3",7,"Ein-Elternhaushalt",228,526
2018,31,"Alt-Wiedikon",3,"Kreis 3",8,"Ehepaar mit Kind(ern)",994,3902
2018,31,"Alt-Wiedikon",3,"Kreis 3",9,"Eingetragenes Paar mit Kind(ern)",3,10
2018,31,"Alt-Wiedikon",3,"Kreis 3",10,"Paar mit Kind(ern)",185,647
2018,31,"Alt-Wiedikon",3,"Kreis 3",11,"Patchwork-Haushalt",42,140
2018,31,"Alt-Wiedikon",3,"Kreis 3",12,"Wohngemeinschaft ohne Kinder",425,1432
2018,31,"Alt-Wiedikon",3,"Kreis 3",13,"Wohngemeinschaft mit Kind(ern)",212,1168
2018,31,"Alt-Wiedikon",3,"Kreis 3",14,"Generationenhaushalt",40,265
2018,33,"Friesenberg",3,"Kreis 3",1,"Einpersonenhaushalt",1342,1342
2018,33,"Friesenberg",3,"Kreis 3",4,"Zweipersonenhaushalt",294,588
2018,33,"Friesenberg",3,"Kreis 3",5,"Ehepaar ohne Kinder",623,1246
2018,33,"Friesenberg",3,"Kreis 3",6,"Eingetragenes Paar ohne Kinder",2,4
2018,33,"Friesenberg",3,"Kreis 3",7,"Ein-Elternhaushalt",352,918
2018,33,"Friesenberg",3,"Kreis 3",8,"Ehepaar mit Kind(ern)",1166,4718
2018,33,"Friesenberg",3,"Kreis 3",9,"Eingetragenes Paar mit Kind(ern)",3,12
2018,33,"Friesenberg",3,"Kreis 3",10,"Paar mit Kind(ern)",176,677
2018,33,"Friesenberg",3,"Kreis 3",11,"Patchwork-Haushalt",25,87
2018,33,"Friesenberg",3,"Kreis 3",12,"Wohngemeinschaft ohne Kinder",78,268
2018,33,"Friesenberg",3,"Kreis 3",13,"Wohngemeinschaft mit Kind(ern)",98,471
2018,33,"Friesenberg",3,"Kreis 3",14,"Generationenhaushalt",35,195
2018,34,"Sihlfeld",3,"Kreis 3",1,"Einpersonenhaushalt",5480,5480
2018,34,"Sihlfeld",3,"Kreis 3",4,"Zweipersonenhaushalt",2158,4316
2018,34,"Sihlfeld",3,"Kreis 3",5,"Ehepaar ohne Kinder",867,1734
2018,34,"Sihlfeld",3,"Kreis 3",6,"Eingetragenes Paar ohne Kinder",39,78
2018,34,"Sihlfeld",3,"Kreis 3",7,"Ein-Elternhaushalt",428,1016
2018,34,"Sihlfeld",3,"Kreis 3",8,"Ehepaar mit Kind(ern)",1055,4068
2018,34,"Sihlfeld",3,"Kreis 3",9,"Eingetragenes Paar mit Kind(ern)",3,10
2018,34,"Sihlfeld",3,"Kreis 3",10,"Paar mit Kind(ern)",274,943
2018,34,"Sihlfeld",3,"Kreis 3",11,"Patchwork-Haushalt",48,154
2018,34,"Sihlfeld",3,"Kreis 3",12,"Wohngemeinschaft ohne Kinder",553,1842
2018,34,"Sihlfeld",3,"Kreis 3",13,"Wohngemeinschaft mit Kind(ern)",177,913
2018,34,"Sihlfeld",3,"Kreis 3",14,"Generationenhaushalt",78,477
2018,41,"Werd",4,"Kreis 4",1,"Einpersonenhaushalt",933,933
2018,41,"Werd",4,"Kreis 4",4,"Zweipersonenhaushalt",460,920
2018,41,"Werd",4,"Kreis 4",5,"Ehepaar ohne Kinder",147,294
2018,41,"Werd",4,"Kreis 4",6,"Eingetragenes Paar ohne Kinder",14,28
2018,41,"Werd",4,"Kreis 4",7,"Ein-Elternhaushalt",32,83
2018,41,"Werd",4,"Kreis 4",8,"Ehepaar mit Kind(ern)",172,764
2018,41,"Werd",4,"Kreis 4",10,"Paar mit Kind(ern)",58,191
2018,41,"Werd",4,"Kreis 4",11,"Patchwork-Haushalt",5,16
2018,41,"Werd",4,"Kreis 4",12,"Wohngemeinschaft ohne Kinder",168,581
2018,41,"Werd",4,"Kreis 4",13,"Wohngemeinschaft mit Kind(ern)",51,315
2018,41,"Werd",4,"Kreis 4",14,"Generationenhaushalt",12,106
2018,41,"Werd",4,"Kreis 4",15,"Familien-Verbund",1,4
2018,42,"Langstrasse",4,"Kreis 4",1,"Einpersonenhaushalt",2974,2974
2018,42,"Langstrasse",4,"Kreis 4",4,"Zweipersonenhaushalt",1373,2746
2018,42,"Langstrasse",4,"Kreis 4",5,"Ehepaar ohne Kinder",363,726
2018,42,"Langstrasse",4,"Kreis 4",6,"Eingetragenes Paar ohne Kinder",36,72
2018,42,"Langstrasse",4,"Kreis 4",7,"Ein-Elternhaushalt",98,227
2018,42,"Langstrasse",4,"Kreis 4",8,"Ehepaar mit Kind(ern)",280,1003
2018,42,"Langstrasse",4,"Kreis 4",9,"Eingetragenes Paar mit Kind(ern)",1,4
2018,42,"Langstrasse",4,"Kreis 4",10,"Paar mit Kind(ern)",95,321
2018,42,"Langstrasse",4,"Kreis 4",11,"Patchwork-Haushalt",22,66
2018,42,"Langstrasse",4,"Kreis 4",12,"Wohngemeinschaft ohne Kinder",490,1685
2018,42,"Langstrasse",4,"Kreis 4",13,"Wohngemeinschaft mit Kind(ern)",71,347
2018,42,"Langstrasse",4,"Kreis 4",14,"Generationenhaushalt",21,108
2018,44,"Hard",4,"Kreis 4",1,"Einpersonenhaushalt",2993,2993
2018,44,"Hard",4,"Kreis 4",4,"Zweipersonenhaushalt",1264,2528
2018,44,"Hard",4,"Kreis 4",5,"Ehepaar ohne Kinder",520,1040
2018,44,"Hard",4,"Kreis 4",6,"Eingetragenes Paar ohne Kinder",24,48
2018,44,"Hard",4,"Kreis 4",7,"Ein-Elternhaushalt",340,826
2018,44,"Hard",4,"Kreis 4",8,"Ehepaar mit Kind(ern)",743,2754
2018,44,"Hard",4,"Kreis 4",9,"Eingetragenes Paar mit Kind(ern)",1,3
2018,44,"Hard",4,"Kreis 4",10,"Paar mit Kind(ern)",154,522
2018,44,"Hard",4,"Kreis 4",11,"Patchwork-Haushalt",40,133
2018,44,"Hard",4,"Kreis 4",12,"Wohngemeinschaft ohne Kinder",393,1332
2018,44,"Hard",4,"Kreis 4",13,"Wohngemeinschaft mit Kind(ern)",97,437
2018,44,"Hard",4,"Kreis 4",14,"Generationenhaushalt",46,221
2018,51,"Gewerbeschule",5,"Kreis 5",1,"Einpersonenhaushalt",2281,2281
2018,51,"Gewerbeschule",5,"Kreis 5",4,"Zweipersonenhaushalt",988,1976
2018,51,"Gewerbeschule",5,"Kreis 5",5,"Ehepaar ohne Kinder",364,728
2018,51,"Gewerbeschule",5,"Kreis 5",6,"Eingetragenes Paar ohne Kinder",31,62
2018,51,"Gewerbeschule",5,"Kreis 5",7,"Ein-Elternhaushalt",176,420
2018,51,"Gewerbeschule",5,"Kreis 5",8,"Ehepaar mit Kind(ern)",403,1511
2018,51,"Gewerbeschule",5,"Kreis 5",10,"Paar mit Kind(ern)",130,456
2018,51,"Gewerbeschule",5,"Kreis 5",11,"Patchwork-Haushalt",24,75
2018,51,"Gewerbeschule",5,"Kreis 5",12,"Wohngemeinschaft ohne Kinder",308,1032
2018,51,"Gewerbeschule",5,"Kreis 5",13,"Wohngemeinschaft mit Kind(ern)",64,288
2018,51,"Gewerbeschule",5,"Kreis 5",14,"Generationenhaushalt",44,242
2018,52,"Escher Wyss",5,"Kreis 5",1,"Einpersonenhaushalt",1054,1054
2018,52,"Escher Wyss",5,"Kreis 5",4,"Zweipersonenhaushalt",677,1354
2018,52,"Escher Wyss",5,"Kreis 5",5,"Ehepaar ohne Kinder",312,624
2018,52,"Escher Wyss",5,"Kreis 5",6,"Eingetragenes Paar ohne Kinder",49,98
2018,52,"Escher Wyss",5,"Kreis 5",7,"Ein-Elternhaushalt",77,188
2018,52,"Escher Wyss",5,"Kreis 5",8,"Ehepaar mit Kind(ern)",298,1056
2018,52,"Escher Wyss",5,"Kreis 5",9,"Eingetragenes Paar mit Kind(ern)",4,14
2018,52,"Escher Wyss",5,"Kreis 5",10,"Paar mit Kind(ern)",99,333
2018,52,"Escher Wyss",5,"Kreis 5",11,"Patchwork-Haushalt",23,77
2018,52,"Escher Wyss",5,"Kreis 5",12,"Wohngemeinschaft ohne Kinder",269,902
2018,52,"Escher Wyss",5,"Kreis 5",13,"Wohngemeinschaft mit Kind(ern)",54,264
2018,52,"Escher Wyss",5,"Kreis 5",14,"Generationenhaushalt",7,39
2018,61,"Unterstrass",6,"Kreis 6",1,"Einpersonenhaushalt",4994,4994
2018,61,"Unterstrass",6,"Kreis 6",4,"Zweipersonenhaushalt",1888,3776
2018,61,"Unterstrass",6,"Kreis 6",5,"Ehepaar ohne Kinder",1188,2376
2018,61,"Unterstrass",6,"Kreis 6",6,"Eingetragenes Paar ohne Kinder",50,100
2018,61,"Unterstrass",6,"Kreis 6",7,"Ein-Elternhaushalt",550,1331
2018,61,"Unterstrass",6,"Kreis 6",8,"Ehepaar mit Kind(ern)",1591,6094
2018,61,"Unterstrass",6,"Kreis 6",9,"Eingetragenes Paar mit Kind(ern)",2,6
2018,61,"Unterstrass",6,"Kreis 6",10,"Paar mit Kind(ern)",367,1298
2018,61,"Unterstrass",6,"Kreis 6",11,"Patchwork-Haushalt",36,119
2018,61,"Unterstrass",6,"Kreis 6",12,"Wohngemeinschaft ohne Kinder",555,1831
2018,61,"Unterstrass",6,"Kreis 6",13,"Wohngemeinschaft mit Kind(ern)",159,732
2018,61,"Unterstrass",6,"Kreis 6",14,"Generationenhaushalt",31,138
2018,63,"Oberstrass",6,"Kreis 6",1,"Einpersonenhaushalt",2477,2477
2018,63,"Oberstrass",6,"Kreis 6",4,"Zweipersonenhaushalt",726,1452
2018,63,"Oberstrass",6,"Kreis 6",5,"Ehepaar ohne Kinder",634,1268
2018,63,"Oberstrass",6,"Kreis 6",6,"Eingetragenes Paar ohne Kinder",24,48
2018,63,"Oberstrass",6,"Kreis 6",7,"Ein-Elternhaushalt",195,469
2018,63,"Oberstrass",6,"Kreis 6",8,"Ehepaar mit Kind(ern)",670,2539
2018,63,"Oberstrass",6,"Kreis 6",9,"Eingetragenes Paar mit Kind(ern)",1,3
2018,63,"Oberstrass",6,"Kreis 6",10,"Paar mit Kind(ern)",167,587
2018,63,"Oberstrass",6,"Kreis 6",11,"Patchwork-Haushalt",18,59
2018,63,"Oberstrass",6,"Kreis 6",12,"Wohngemeinschaft ohne Kinder",218,767
2018,63,"Oberstrass",6,"Kreis 6",13,"Wohngemeinschaft mit Kind(ern)",93,444
2018,63,"Oberstrass",6,"Kreis 6",14,"Generationenhaushalt",16,83
2018,71,"Fluntern",7,"Kreis 7",1,"Einpersonenhaushalt",1449,1449
2018,71,"Fluntern",7,"Kreis 7",4,"Zweipersonenhaushalt",417,834
2018,71,"Fluntern",7,"Kreis 7",5,"Ehepaar ohne Kinder",583,1166
2018,71,"Fluntern",7,"Kreis 7",6,"Eingetragenes Paar ohne Kinder",26,52
2018,71,"Fluntern",7,"Kreis 7",7,"Ein-Elternhaushalt",164,415
2018,71,"Fluntern",7,"Kreis 7",8,"Ehepaar mit Kind(ern)",667,2528
2018,71,"Fluntern",7,"Kreis 7",9,"Eingetragenes Paar mit Kind(ern)",1,3
2018,71,"Fluntern",7,"Kreis 7",10,"Paar mit Kind(ern)",90,317
2018,71,"Fluntern",7,"Kreis 7",11,"Patchwork-Haushalt",21,74
2018,71,"Fluntern",7,"Kreis 7",12,"Wohngemeinschaft ohne Kinder",167,595
2018,71,"Fluntern",7,"Kreis 7",13,"Wohngemeinschaft mit Kind(ern)",107,524
2018,71,"Fluntern",7,"Kreis 7",14,"Generationenhaushalt",16,77
2018,71,"Fluntern",7,"Kreis 7",15,"Familien-Verbund",1,5
2018,72,"Hottingen",7,"Kreis 7",1,"Einpersonenhaushalt",2362,2362
2018,72,"Hottingen",7,"Kreis 7",4,"Zweipersonenhaushalt",696,1392
2018,72,"Hottingen",7,"Kreis 7",5,"Ehepaar ohne Kinder",628,1256
2018,72,"Hottingen",7,"Kreis 7",6,"Eingetragenes Paar ohne Kinder",25,50
2018,72,"Hottingen",7,"Kreis 7",7,"Ein-Elternhaushalt",211,504
2018,72,"Hottingen",7,"Kreis 7",8,"Ehepaar mit Kind(ern)",795,3008
2018,72,"Hottingen",7,"Kreis 7",10,"Paar mit Kind(ern)",142,518
2018,72,"Hottingen",7,"Kreis 7",11,"Patchwork-Haushalt",26,90
2018,72,"Hottingen",7,"Kreis 7",12,"Wohngemeinschaft ohne Kinder",222,762
2018,72,"Hottingen",7,"Kreis 7",13,"Wohngemeinschaft mit Kind(ern)",126,634
2018,72,"Hottingen",7,"Kreis 7",14,"Generationenhaushalt",12,60
2018,73,"Hirslanden",7,"Kreis 7",1,"Einpersonenhaushalt",1708,1708
2018,73,"Hirslanden",7,"Kreis 7",4,"Zweipersonenhaushalt",537,1074
2018,73,"Hirslanden",7,"Kreis 7",5,"Ehepaar ohne Kinder",407,814
2018,73,"Hirslanden",7,"Kreis 7",6,"Eingetragenes Paar ohne Kinder",12,24
2018,73,"Hirslanden",7,"Kreis 7",7,"Ein-Elternhaushalt",140,326
2018,73,"Hirslanden",7,"Kreis 7",8,"Ehepaar mit Kind(ern)",449,1668
2018,73,"Hirslanden",7,"Kreis 7",10,"Paar mit Kind(ern)",102,369
2018,73,"Hirslanden",7,"Kreis 7",11,"Patchwork-Haushalt",17,54
2018,73,"Hirslanden",7,"Kreis 7",12,"Wohngemeinschaft ohne Kinder",162,533
2018,73,"Hirslanden",7,"Kreis 7",13,"Wohngemeinschaft mit Kind(ern)",95,446
2018,73,"Hirslanden",7,"Kreis 7",14,"Generationenhaushalt",14,79
2018,74,"Witikon",7,"Kreis 7",1,"Einpersonenhaushalt",2213,2213
2018,74,"Witikon",7,"Kreis 7",4,"Zweipersonenhaushalt",527,1054
2018,74,"Witikon",7,"Kreis 7",5,"Ehepaar ohne Kinder",891,1782
2018,74,"Witikon",7,"Kreis 7",6,"Eingetragenes Paar ohne Kinder",17,34
2018,74,"Witikon",7,"Kreis 7",7,"Ein-Elternhaushalt",248,597
2018,74,"Witikon",7,"Kreis 7",8,"Ehepaar mit Kind(ern)",881,3373
2018,74,"Witikon",7,"Kreis 7",9,"Eingetragenes Paar mit Kind(ern)",4,14
2018,74,"Witikon",7,"Kreis 7",10,"Paar mit Kind(ern)",101,362
2018,74,"Witikon",7,"Kreis 7",11,"Patchwork-Haushalt",14,45
2018,74,"Witikon",7,"Kreis 7",12,"Wohngemeinschaft ohne Kinder",145,501
2018,74,"Witikon",7,"Kreis 7",13,"Wohngemeinschaft mit Kind(ern)",101,474
2018,74,"Witikon",7,"Kreis 7",14,"Generationenhaushalt",15,71
2018,81,"Seefeld",8,"Kreis 8",1,"Einpersonenhaushalt",1657,1657
2018,81,"Seefeld",8,"Kreis 8",4,"Zweipersonenhaushalt",487,974
2018,81,"Seefeld",8,"Kreis 8",5,"Ehepaar ohne Kinder",275,550
2018,81,"Seefeld",8,"Kreis 8",6,"Eingetragenes Paar ohne Kinder",10,20
2018,81,"Seefeld",8,"Kreis 8",7,"Ein-Elternhaushalt",98,224
2018,81,"Seefeld",8,"Kreis 8",8,"Ehepaar mit Kind(ern)",237,844
2018,81,"Seefeld",8,"Kreis 8",10,"Paar mit Kind(ern)",55,194
2018,81,"Seefeld",8,"Kreis 8",11,"Patchwork-Haushalt",16,54
2018,81,"Seefeld",8,"Kreis 8",12,"Wohngemeinschaft ohne Kinder",127,430
2018,81,"Seefeld",8,"Kreis 8",13,"Wohngemeinschaft mit Kind(ern)",42,209
2018,81,"Seefeld",8,"Kreis 8",14,"Generationenhaushalt",4,22
2018,82,"Mühlebach",8,"Kreis 8",1,"Einpersonenhaushalt",1678,1678
2018,82,"Mühlebach",8,"Kreis 8",4,"Zweipersonenhaushalt",497,994
2018,82,"Mühlebach",8,"Kreis 8",5,"Ehepaar ohne Kinder",307,614
2018,82,"Mühlebach",8,"Kreis 8",6,"Eingetragenes Paar ohne Kinder",14,28
2018,82,"Mühlebach",8,"Kreis 8",7,"Ein-Elternhaushalt",128,306
2018,82,"Mühlebach",8,"Kreis 8",8,"Ehepaar mit Kind(ern)",330,1218
2018,82,"Mühlebach",8,"Kreis 8",10,"Paar mit Kind(ern)",60,209
2018,82,"Mühlebach",8,"Kreis 8",11,"Patchwork-Haushalt",21,66
2018,82,"Mühlebach",8,"Kreis 8",12,"Wohngemeinschaft ohne Kinder",156,529
2018,82,"Mühlebach",8,"Kreis 8",13,"Wohngemeinschaft mit Kind(ern)",64,298
2018,82,"Mühlebach",8,"Kreis 8",14,"Generationenhaushalt",7,36
2018,83,"Weinegg",8,"Kreis 8",1,"Einpersonenhaushalt",1138,1138
2018,83,"Weinegg",8,"Kreis 8",4,"Zweipersonenhaushalt",287,574
2018,83,"Weinegg",8,"Kreis 8",5,"Ehepaar ohne Kinder",271,542
2018,83,"Weinegg",8,"Kreis 8",6,"Eingetragenes Paar ohne Kinder",13,26
2018,83,"Weinegg",8,"Kreis 8",7,"Ein-Elternhaushalt",106,254
2018,83,"Weinegg",8,"Kreis 8",8,"Ehepaar mit Kind(ern)",335,1244
2018,83,"Weinegg",8,"Kreis 8",9,"Eingetragenes Paar mit Kind(ern)",1,3
2018,83,"Weinegg",8,"Kreis 8",10,"Paar mit Kind(ern)",51,175
2018,83,"Weinegg",8,"Kreis 8",11,"Patchwork-Haushalt",13,42
2018,83,"Weinegg",8,"Kreis 8",12,"Wohngemeinschaft ohne Kinder",93,313
2018,83,"Weinegg",8,"Kreis 8",13,"Wohngemeinschaft mit Kind(ern)",63,345
2018,83,"Weinegg",8,"Kreis 8",14,"Generationenhaushalt",4,19
2018,83,"Weinegg",8,"Kreis 8",15,"Familien-Verbund",1,6
2018,91,"Albisrieden",9,"Kreis 9",1,"Einpersonenhaushalt",4540,4540
2018,91,"Albisrieden",9,"Kreis 9",4,"Zweipersonenhaushalt",1480,2960
2018,91,"Albisrieden",9,"Kreis 9",5,"Ehepaar ohne Kinder",1447,2894
2018,91,"Albisrieden",9,"Kreis 9",6,"Eingetragenes Paar ohne Kinder",50,100
2018,91,"Albisrieden",9,"Kreis 9",7,"Ein-Elternhaushalt",479,1127
2018,91,"Albisrieden",9,"Kreis 9",8,"Ehepaar mit Kind(ern)",1642,6071
2018,91,"Albisrieden",9,"Kreis 9",9,"Eingetragenes Paar mit Kind(ern)",2,7
2018,91,"Albisrieden",9,"Kreis 9",10,"Paar mit Kind(ern)",344,1202
2018,91,"Albisrieden",9,"Kreis 9",11,"Patchwork-Haushalt",47,153
2018,91,"Albisrieden",9,"Kreis 9",12,"Wohngemeinschaft ohne Kinder",359,1198
2018,91,"Albisrieden",9,"Kreis 9",13,"Wohngemeinschaft mit Kind(ern)",207,1010
2018,91,"Albisrieden",9,"Kreis 9",14,"Generationenhaushalt",59,304
2018,92,"Altstetten",9,"Kreis 9",1,"Einpersonenhaushalt",7112,7112
2018,92,"Altstetten",9,"Kreis 9",4,"Zweipersonenhaushalt",2423,4846
2018,92,"Altstetten",9,"Kreis 9",5,"Ehepaar ohne Kinder",2070,4140
2018,92,"Altstetten",9,"Kreis 9",6,"Eingetragenes Paar ohne Kinder",71,142
2018,92,"Altstetten",9,"Kreis 9",7,"Ein-Elternhaushalt",739,1771
2018,92,"Altstetten",9,"Kreis 9",8,"Ehepaar mit Kind(ern)",2296,8650
2018,92,"Altstetten",9,"Kreis 9",9,"Eingetragenes Paar mit Kind(ern)",2,8
2018,92,"Altstetten",9,"Kreis 9",10,"Paar mit Kind(ern)",261,888
2018,92,"Altstetten",9,"Kreis 9",11,"Patchwork-Haushalt",77,264
2018,92,"Altstetten",9,"Kreis 9",12,"Wohngemeinschaft ohne Kinder",698,2367
2018,92,"Altstetten",9,"Kreis 9",13,"Wohngemeinschaft mit Kind(ern)",337,1604
2018,92,"Altstetten",9,"Kreis 9",14,"Generationenhaushalt",125,650
2018,101,"Höngg",10,"Kreis 10",1,"Einpersonenhaushalt",4558,4558
2018,101,"Höngg",10,"Kreis 10",4,"Zweipersonenhaushalt",1548,3096
2018,101,"Höngg",10,"Kreis 10",5,"Ehepaar ohne Kinder",1647,3294
2018,101,"Höngg",10,"Kreis 10",6,"Eingetragenes Paar ohne Kinder",43,86
2018,101,"Höngg",10,"Kreis 10",7,"Ein-Elternhaushalt",551,1347
2018,101,"Höngg",10,"Kreis 10",8,"Ehepaar mit Kind(ern)",1811,6790
2018,101,"Höngg",10,"Kreis 10",9,"Eingetragenes Paar mit Kind(ern)",2,9
2018,101,"Höngg",10,"Kreis 10",10,"Paar mit Kind(ern)",324,1138
2018,101,"Höngg",10,"Kreis 10",11,"Patchwork-Haushalt",32,109
2018,101,"Höngg",10,"Kreis 10",12,"Wohngemeinschaft ohne Kinder",350,1193
2018,101,"Höngg",10,"Kreis 10",13,"Wohngemeinschaft mit Kind(ern)",181,850
2018,101,"Höngg",10,"Kreis 10",14,"Generationenhaushalt",32,152
2018,101,"Höngg",10,"Kreis 10",15,"Familien-Verbund",1,4
2018,102,"Wipkingen",10,"Kreis 10",1,"Einpersonenhaushalt",4128,4128
2018,102,"Wipkingen",10,"Kreis 10",4,"Zweipersonenhaushalt",1538,3076
2018,102,"Wipkingen",10,"Kreis 10",5,"Ehepaar ohne Kinder",737,1474
2018,102,"Wipkingen",10,"Kreis 10",6,"Eingetragenes Paar ohne Kinder",46,92
2018,102,"Wipkingen",10,"Kreis 10",7,"Ein-Elternhaushalt",355,820
2018,102,"Wipkingen",10,"Kreis 10",8,"Ehepaar mit Kind(ern)",865,3165
2018,102,"Wipkingen",10,"Kreis 10",10,"Paar mit Kind(ern)",313,1073
2018,102,"Wipkingen",10,"Kreis 10",11,"Patchwork-Haushalt",47,153
2018,102,"Wipkingen",10,"Kreis 10",12,"Wohngemeinschaft ohne Kinder",414,1414
2018,102,"Wipkingen",10,"Kreis 10",13,"Wohngemeinschaft mit Kind(ern)",99,477
2018,102,"Wipkingen",10,"Kreis 10",14,"Generationenhaushalt",17,78
2018,111,"Affoltern",11,"Kreis 11",1,"Einpersonenhaushalt",4175,4175
2018,111,"Affoltern",11,"Kreis 11",4,"Zweipersonenhaushalt",1273,2546
2018,111,"Affoltern",11,"Kreis 11",5,"Ehepaar ohne Kinder",1714,3428
2018,111,"Affoltern",11,"Kreis 11",6,"Eingetragenes Paar ohne Kinder",29,58
2018,111,"Affoltern",11,"Kreis 11",7,"Ein-Elternhaushalt",712,1782
2018,111,"Affoltern",11,"Kreis 11",8,"Ehepaar mit Kind(ern)",2433,9211
2018,111,"Affoltern",11,"Kreis 11",9,"Eingetragenes Paar mit Kind(ern)",4,14
2018,111,"Affoltern",11,"Kreis 11",10,"Paar mit Kind(ern)",239,859
2018,111,"Affoltern",11,"Kreis 11",11,"Patchwork-Haushalt",70,235
2018,111,"Affoltern",11,"Kreis 11",12,"Wohngemeinschaft ohne Kinder",424,1418
2018,111,"Affoltern",11,"Kreis 11",13,"Wohngemeinschaft mit Kind(ern)",269,1276
2018,111,"Affoltern",11,"Kreis 11",14,"Generationenhaushalt",126,643
2018,111,"Affoltern",11,"Kreis 11",15,"Familien-Verbund",1,4
2018,115,"Oerlikon",11,"Kreis 11",1,"Einpersonenhaushalt",4825,4825
2018,115,"Oerlikon",11,"Kreis 11",4,"Zweipersonenhaushalt",1918,3836
2018,115,"Oerlikon",11,"Kreis 11",5,"Ehepaar ohne Kinder",1197,2394
2018,115,"Oerlikon",11,"Kreis 11",6,"Eingetragenes Paar ohne Kinder",51,102
2018,115,"Oerlikon",11,"Kreis 11",7,"Ein-Elternhaushalt",424,1050
2018,115,"Oerlikon",11,"Kreis 11",8,"Ehepaar mit Kind(ern)",1496,5558
2018,115,"Oerlikon",11,"Kreis 11",9,"Eingetragenes Paar mit Kind(ern)",2,7
2018,115,"Oerlikon",11,"Kreis 11",10,"Paar mit Kind(ern)",206,726
2018,115,"Oerlikon",11,"Kreis 11",11,"Patchwork-Haushalt",38,123
2018,115,"Oerlikon",11,"Kreis 11",12,"Wohngemeinschaft ohne Kinder",682,2285
2018,115,"Oerlikon",11,"Kreis 11",13,"Wohngemeinschaft mit Kind(ern)",152,735
2018,115,"Oerlikon",11,"Kreis 11",14,"Generationenhaushalt",37,184
2018,119,"Seebach",11,"Kreis 11",1,"Einpersonenhaushalt",4739,4739
2018,119,"Seebach",11,"Kreis 11",4,"Zweipersonenhaushalt",1414,2828
2018,119,"Seebach",11,"Kreis 11",5,"Ehepaar ohne Kinder",1538,3076
2018,119,"Seebach",11,"Kreis 11",6,"Eingetragenes Paar ohne Kinder",44,88
2018,119,"Seebach",11,"Kreis 11",7,"Ein-Elternhaushalt",603,1537
2018,119,"Seebach",11,"Kreis 11",8,"Ehepaar mit Kind(ern)",2080,7843
2018,119,"Seebach",11,"Kreis 11",10,"Paar mit Kind(ern)",197,683
2018,119,"Seebach",11,"Kreis 11",11,"Patchwork-Haushalt",60,207
2018,119,"Seebach",11,"Kreis 11",12,"Wohngemeinschaft ohne Kinder",566,1898
2018,119,"Seebach",11,"Kreis 11",13,"Wohngemeinschaft mit Kind(ern)",257,1210
2018,119,"Seebach",11,"Kreis 11",14,"Generationenhaushalt",93,506
2018,121,"Saatlen",12,"Kreis 12",1,"Einpersonenhaushalt",1006,1006
2018,121,"Saatlen",12,"Kreis 12",4,"Zweipersonenhaushalt",308,616
2018,121,"Saatlen",12,"Kreis 12",5,"Ehepaar ohne Kinder",448,896
2018,121,"Saatlen",12,"Kreis 12",6,"Eingetragenes Paar ohne Kinder",7,14
2018,121,"Saatlen",12,"Kreis 12",7,"Ein-Elternhaushalt",281,787
2018,121,"Saatlen",12,"Kreis 12",8,"Ehepaar mit Kind(ern)",922,3765
2018,121,"Saatlen",12,"Kreis 12",10,"Paar mit Kind(ern)",107,407
2018,121,"Saatlen",12,"Kreis 12",11,"Patchwork-Haushalt",20,70
2018,121,"Saatlen",12,"Kreis 12",12,"Wohngemeinschaft ohne Kinder",128,525
2018,121,"Saatlen",12,"Kreis 12",13,"Wohngemeinschaft mit Kind(ern)",59,293
2018,121,"Saatlen",12,"Kreis 12",14,"Generationenhaushalt",27,140
2018,122,"Schwamendingen-Mitte",12,"Kreis 12",1,"Einpersonenhaushalt",2396,2396
2018,122,"Schwamendingen-Mitte",12,"Kreis 12",4,"Zweipersonenhaushalt",725,1450
2018,122,"Schwamendingen-Mitte",12,"Kreis 12",5,"Ehepaar ohne Kinder",744,1488
2018,122,"Schwamendingen-Mitte",12,"Kreis 12",6,"Eingetragenes Paar ohne Kinder",9,18
2018,122,"Schwamendingen-Mitte",12,"Kreis 12",7,"Ein-Elternhaushalt",295,699
2018,122,"Schwamendingen-Mitte",12,"Kreis 12",8,"Ehepaar mit Kind(ern)",797,2941
2018,122,"Schwamendingen-Mitte",12,"Kreis 12",9,"Eingetragenes Paar mit Kind(ern)",1,3
2018,122,"Schwamendingen-Mitte",12,"Kreis 12",10,"Paar mit Kind(ern)",76,275
2018,122,"Schwamendingen-Mitte",12,"Kreis 12",11,"Patchwork-Haushalt",21,71
2018,122,"Schwamendingen-Mitte",12,"Kreis 12",12,"Wohngemeinschaft ohne Kinder",273,905
2018,122,"Schwamendingen-Mitte",12,"Kreis 12",13,"Wohngemeinschaft mit Kind(ern)",104,473
2018,122,"Schwamendingen-Mitte",12,"Kreis 12",14,"Generationenhaushalt",41,207
2018,122,"Schwamendingen-Mitte",12,"Kreis 12",15,"Familien-Verbund",1,5
2018,123,"Hirzenbach",12,"Kreis 12",1,"Einpersonenhaushalt",2245,2245
2018,123,"Hirzenbach",12,"Kreis 12",4,"Zweipersonenhaushalt",630,1260
2018,123,"Hirzenbach",12,"Kreis 12",5,"Ehepaar ohne Kinder",751,1502
2018,123,"Hirzenbach",12,"Kreis 12",6,"Eingetragenes Paar ohne Kinder",5,10
2018,123,"Hirzenbach",12,"Kreis 12",7,"Ein-Elternhaushalt",374,931
2018,123,"Hirzenbach",12,"Kreis 12",8,"Ehepaar mit Kind(ern)",1153,4400
2018,123,"Hirzenbach",12,"Kreis 12",10,"Paar mit Kind(ern)",108,396
2018,123,"Hirzenbach",12,"Kreis 12",11,"Patchwork-Haushalt",41,132
2018,123,"Hirzenbach",12,"Kreis 12",12,"Wohngemeinschaft ohne Kinder",225,765
2018,123,"Hirzenbach",12,"Kreis 12",13,"Wohngemeinschaft mit Kind(ern)",98,532
2018,123,"Hirzenbach",12,"Kreis 12",14,"Generationenhaushalt",49,242
2019,11,"Rathaus",1,"Kreis 1",1,"Einpersonenhaushalt",1143,1143
2019,11,"Rathaus",1,"Kreis 1",4,"Zweipersonenhaushalt",269,538
2019,11,"Rathaus",1,"Kreis 1",5,"Ehepaar ohne Kinder",168,336
2019,11,"Rathaus",1,"Kreis 1",6,"Eingetragenes Paar ohne Kinder",11,22
2019,11,"Rathaus",1,"Kreis 1",7,"Ein-Elternhaushalt",63,140
2019,11,"Rathaus",1,"Kreis 1",8,"Ehepaar mit Kind(ern)",122,454
2019,11,"Rathaus",1,"Kreis 1",9,"Eingetragenes Paar mit Kind(ern)",1,3
2019,11,"Rathaus",1,"Kreis 1",10,"Paar mit Kind(ern)",19,71
2019,11,"Rathaus",1,"Kreis 1",11,"Patchwork-Haushalt",6,20
2019,11,"Rathaus",1,"Kreis 1",12,"Wohngemeinschaft ohne Kinder",83,296
2019,11,"Rathaus",1,"Kreis 1",13,"Wohngemeinschaft mit Kind(ern)",17,67
2019,11,"Rathaus",1,"Kreis 1",14,"Generationenhaushalt",1,4
2019,12,"Hochschulen",1,"Kreis 1",1,"Einpersonenhaushalt",121,121
2019,12,"Hochschulen",1,"Kreis 1",4,"Zweipersonenhaushalt",33,66
2019,12,"Hochschulen",1,"Kreis 1",5,"Ehepaar ohne Kinder",23,46
2019,12,"Hochschulen",1,"Kreis 1",6,"Eingetragenes Paar ohne Kinder",4,8
2019,12,"Hochschulen",1,"Kreis 1",7,"Ein-Elternhaushalt",9,20
2019,12,"Hochschulen",1,"Kreis 1",8,"Ehepaar mit Kind(ern)",17,65
2019,12,"Hochschulen",1,"Kreis 1",10,"Paar mit Kind(ern)",3,10
2019,12,"Hochschulen",1,"Kreis 1",12,"Wohngemeinschaft ohne Kinder",9,37
2019,12,"Hochschulen",1,"Kreis 1",13,"Wohngemeinschaft mit Kind(ern)",9,42
2019,13,"Lindenhof",1,"Kreis 1",1,"Einpersonenhaushalt",360,360
2019,13,"Lindenhof",1,"Kreis 1",4,"Zweipersonenhaushalt",95,190
2019,13,"Lindenhof",1,"Kreis 1",5,"Ehepaar ohne Kinder",62,124
2019,13,"Lindenhof",1,"Kreis 1",6,"Eingetragenes Paar ohne Kinder",4,8
2019,13,"Lindenhof",1,"Kreis 1",7,"Ein-Elternhaushalt",24,56
2019,13,"Lindenhof",1,"Kreis 1",8,"Ehepaar mit Kind(ern)",33,125
2019,13,"Lindenhof",1,"Kreis 1",10,"Paar mit Kind(ern)",7,22
2019,13,"Lindenhof",1,"Kreis 1",11,"Patchwork-Haushalt",1,6
2019,13,"Lindenhof",1,"Kreis 1",12,"Wohngemeinschaft ohne Kinder",20,72
2019,13,"Lindenhof",1,"Kreis 1",13,"Wohngemeinschaft mit Kind(ern)",5,25
2019,14,"City",1,"Kreis 1",1,"Einpersonenhaushalt",127,127
2019,14,"City",1,"Kreis 1",4,"Zweipersonenhaushalt",41,82
2019,14,"City",1,"Kreis 1",5,"Ehepaar ohne Kinder",40,80
2019,14,"City",1,"Kreis 1",6,"Eingetragenes Paar ohne Kinder",3,6
2019,14,"City",1,"Kreis 1",7,"Ein-Elternhaushalt",11,29
2019,14,"City",1,"Kreis 1",8,"Ehepaar mit Kind(ern)",46,174
2019,14,"City",1,"Kreis 1",10,"Paar mit Kind(ern)",8,27
2019,14,"City",1,"Kreis 1",12,"Wohngemeinschaft ohne Kinder",20,70
2019,14,"City",1,"Kreis 1",13,"Wohngemeinschaft mit Kind(ern)",7,45
2019,14,"City",1,"Kreis 1",14,"Generationenhaushalt",4,27
2019,21,"Wollishofen",2,"Kreis 2",1,"Einpersonenhaushalt",3978,3978
2019,21,"Wollishofen",2,"Kreis 2",4,"Zweipersonenhaushalt",1232,2464
2019,21,"Wollishofen",2,"Kreis 2",5,"Ehepaar ohne Kinder",1146,2292
2019,21,"Wollishofen",2,"Kreis 2",6,"Eingetragenes Paar ohne Kinder",26,52
2019,21,"Wollishofen",2,"Kreis 2",7,"Ein-Elternhaushalt",460,1134
2019,21,"Wollishofen",2,"Kreis 2",8,"Ehepaar mit Kind(ern)",1486,5638
2019,21,"Wollishofen",2,"Kreis 2",9,"Eingetragenes Paar mit Kind(ern)",3,11
2019,21,"Wollishofen",2,"Kreis 2",10,"Paar mit Kind(ern)",302,1100
2019,21,"Wollishofen",2,"Kreis 2",11,"Patchwork-Haushalt",56,189
2019,21,"Wollishofen",2,"Kreis 2",12,"Wohngemeinschaft ohne Kinder",239,830
2019,21,"Wollishofen",2,"Kreis 2",13,"Wohngemeinschaft mit Kind(ern)",126,599
2019,21,"Wollishofen",2,"Kreis 2",14,"Generationenhaushalt",32,164
2019,23,"Leimbach",2,"Kreis 2",1,"Einpersonenhaushalt",888,888
2019,23,"Leimbach",2,"Kreis 2",4,"Zweipersonenhaushalt",234,468
2019,23,"Leimbach",2,"Kreis 2",5,"Ehepaar ohne Kinder",365,730
2019,23,"Leimbach",2,"Kreis 2",6,"Eingetragenes Paar ohne Kinder",4,8
2019,23,"Leimbach",2,"Kreis 2",7,"Ein-Elternhaushalt",174,486
2019,23,"Leimbach",2,"Kreis 2",8,"Ehepaar mit Kind(ern)",585,2318
2019,23,"Leimbach",2,"Kreis 2",10,"Paar mit Kind(ern)",65,246
2019,23,"Leimbach",2,"Kreis 2",11,"Patchwork-Haushalt",18,70
2019,23,"Leimbach",2,"Kreis 2",12,"Wohngemeinschaft ohne Kinder",90,300
2019,23,"Leimbach",2,"Kreis 2",13,"Wohngemeinschaft mit Kind(ern)",74,377
2019,23,"Leimbach",2,"Kreis 2",14,"Generationenhaushalt",23,116
2019,24,"Enge",2,"Kreis 2",1,"Einpersonenhaushalt",1996,1996
2019,24,"Enge",2,"Kreis 2",4,"Zweipersonenhaushalt",689,1378
2019,24,"Enge",2,"Kreis 2",5,"Ehepaar ohne Kinder",527,1054
2019,24,"Enge",2,"Kreis 2",6,"Eingetragenes Paar ohne Kinder",20,40
2019,24,"Enge",2,"Kreis 2",7,"Ein-Elternhaushalt",156,377
2019,24,"Enge",2,"Kreis 2",8,"Ehepaar mit Kind(ern)",668,2585
2019,24,"Enge",2,"Kreis 2",9,"Eingetragenes Paar mit Kind(ern)",1,3
2019,24,"Enge",2,"Kreis 2",10,"Paar mit Kind(ern)",121,415
2019,24,"Enge",2,"Kreis 2",11,"Patchwork-Haushalt",17,53
2019,24,"Enge",2,"Kreis 2",12,"Wohngemeinschaft ohne Kinder",248,851
2019,24,"Enge",2,"Kreis 2",13,"Wohngemeinschaft mit Kind(ern)",77,363
2019,24,"Enge",2,"Kreis 2",14,"Generationenhaushalt",21,116
2019,24,"Enge",2,"Kreis 2",15,"Familien-Verbund",1,6
2019,31,"Alt-Wiedikon",3,"Kreis 3",1,"Einpersonenhaushalt",4348,4348
2019,31,"Alt-Wiedikon",3,"Kreis 3",4,"Zweipersonenhaushalt",1562,3124
2019,31,"Alt-Wiedikon",3,"Kreis 3",5,"Ehepaar ohne Kinder",828,1656
2019,31,"Alt-Wiedikon",3,"Kreis 3",6,"Eingetragenes Paar ohne Kinder",48,96
2019,31,"Alt-Wiedikon",3,"Kreis 3",7,"Ein-Elternhaushalt",237,553
2019,31,"Alt-Wiedikon",3,"Kreis 3",8,"Ehepaar mit Kind(ern)",1017,4037
2019,31,"Alt-Wiedikon",3,"Kreis 3",9,"Eingetragenes Paar mit Kind(ern)",3,10
2019,31,"Alt-Wiedikon",3,"Kreis 3",10,"Paar mit Kind(ern)",230,793
2019,31,"Alt-Wiedikon",3,"Kreis 3",11,"Patchwork-Haushalt",44,139
2019,31,"Alt-Wiedikon",3,"Kreis 3",12,"Wohngemeinschaft ohne Kinder",373,1238
2019,31,"Alt-Wiedikon",3,"Kreis 3",13,"Wohngemeinschaft mit Kind(ern)",162,888
2019,31,"Alt-Wiedikon",3,"Kreis 3",14,"Generationenhaushalt",35,229
2019,33,"Friesenberg",3,"Kreis 3",1,"Einpersonenhaushalt",1417,1417
2019,33,"Friesenberg",3,"Kreis 3",4,"Zweipersonenhaushalt",319,638
2019,33,"Friesenberg",3,"Kreis 3",5,"Ehepaar ohne Kinder",651,1302
2019,33,"Friesenberg",3,"Kreis 3",6,"Eingetragenes Paar ohne Kinder",3,6
2019,33,"Friesenberg",3,"Kreis 3",7,"Ein-Elternhaushalt",373,979
2019,33,"Friesenberg",3,"Kreis 3",8,"Ehepaar mit Kind(ern)",1217,4922
2019,33,"Friesenberg",3,"Kreis 3",9,"Eingetragenes Paar mit Kind(ern)",2,8
2019,33,"Friesenberg",3,"Kreis 3",10,"Paar mit Kind(ern)",183,711
2019,33,"Friesenberg",3,"Kreis 3",11,"Patchwork-Haushalt",18,64
2019,33,"Friesenberg",3,"Kreis 3",12,"Wohngemeinschaft ohne Kinder",64,216
2019,33,"Friesenberg",3,"Kreis 3",13,"Wohngemeinschaft mit Kind(ern)",68,310
2019,33,"Friesenberg",3,"Kreis 3",14,"Generationenhaushalt",22,130
2019,34,"Sihlfeld",3,"Kreis 3",1,"Einpersonenhaushalt",5677,5677
2019,34,"Sihlfeld",3,"Kreis 3",4,"Zweipersonenhaushalt",2209,4418
2019,34,"Sihlfeld",3,"Kreis 3",5,"Ehepaar ohne Kinder",915,1830
2019,34,"Sihlfeld",3,"Kreis 3",6,"Eingetragenes Paar ohne Kinder",46,92
2019,34,"Sihlfeld",3,"Kreis 3",7,"Ein-Elternhaushalt",475,1126
2019,34,"Sihlfeld",3,"Kreis 3",8,"Ehepaar mit Kind(ern)",1114,4314
2019,34,"Sihlfeld",3,"Kreis 3",9,"Eingetragenes Paar mit Kind(ern)",2,7
2019,34,"Sihlfeld",3,"Kreis 3",10,"Paar mit Kind(ern)",311,1074
2019,34,"Sihlfeld",3,"Kreis 3",11,"Patchwork-Haushalt",46,147
2019,34,"Sihlfeld",3,"Kreis 3",12,"Wohngemeinschaft ohne Kinder",512,1687
2019,34,"Sihlfeld",3,"Kreis 3",13,"Wohngemeinschaft mit Kind(ern)",141,731
2019,34,"Sihlfeld",3,"Kreis 3",14,"Generationenhaushalt",60,358
2019,34,"Sihlfeld",3,"Kreis 3",15,"Familien-Verbund",1,6
2019,41,"Werd",4,"Kreis 4",1,"Einpersonenhaushalt",971,971
2019,41,"Werd",4,"Kreis 4",4,"Zweipersonenhaushalt",514,1028
2019,41,"Werd",4,"Kreis 4",5,"Ehepaar ohne Kinder",146,292
2019,41,"Werd",4,"Kreis 4",6,"Eingetragenes Paar ohne Kinder",17,34
2019,41,"Werd",4,"Kreis 4",7,"Ein-Elternhaushalt",36,82
2019,41,"Werd",4,"Kreis 4",8,"Ehepaar mit Kind(ern)",189,826
2019,41,"Werd",4,"Kreis 4",10,"Paar mit Kind(ern)",46,155
2019,41,"Werd",4,"Kreis 4",11,"Patchwork-Haushalt",7,23
2019,41,"Werd",4,"Kreis 4",12,"Wohngemeinschaft ohne Kinder",142,488
2019,41,"Werd",4,"Kreis 4",13,"Wohngemeinschaft mit Kind(ern)",36,236
2019,41,"Werd",4,"Kreis 4",14,"Generationenhaushalt",13,101
2019,41,"Werd",4,"Kreis 4",15,"Familien-Verbund",1,4
2019,42,"Langstrasse",4,"Kreis 4",1,"Einpersonenhaushalt",3415,3415
2019,42,"Langstrasse",4,"Kreis 4",4,"Zweipersonenhaushalt",1454,2908
2019,42,"Langstrasse",4,"Kreis 4",5,"Ehepaar ohne Kinder",434,868
2019,42,"Langstrasse",4,"Kreis 4",6,"Eingetragenes Paar ohne Kinder",47,94
2019,42,"Langstrasse",4,"Kreis 4",7,"Ein-Elternhaushalt",103,236
2019,42,"Langstrasse",4,"Kreis 4",8,"Ehepaar mit Kind(ern)",292,1033
2019,42,"Langstrasse",4,"Kreis 4",9,"Eingetragenes Paar mit Kind(ern)",1,4
2019,42,"Langstrasse",4,"Kreis 4",10,"Paar mit Kind(ern)",125,425
2019,42,"Langstrasse",4,"Kreis 4",11,"Patchwork-Haushalt",22,67
2019,42,"Langstrasse",4,"Kreis 4",12,"Wohngemeinschaft ohne Kinder",482,1661
2019,42,"Langstrasse",4,"Kreis 4",13,"Wohngemeinschaft mit Kind(ern)",66,301
2019,42,"Langstrasse",4,"Kreis 4",14,"Generationenhaushalt",21,113
2019,44,"Hard",4,"Kreis 4",1,"Einpersonenhaushalt",3008,3008
2019,44,"Hard",4,"Kreis 4",4,"Zweipersonenhaushalt",1366,2732
2019,44,"Hard",4,"Kreis 4",5,"Ehepaar ohne Kinder",496,992
2019,44,"Hard",4,"Kreis 4",6,"Eingetragenes Paar ohne Kinder",25,50
2019,44,"Hard",4,"Kreis 4",7,"Ein-Elternhaushalt",345,822
2019,44,"Hard",4,"Kreis 4",8,"Ehepaar mit Kind(ern)",700,2609
2019,44,"Hard",4,"Kreis 4",9,"Eingetragenes Paar mit Kind(ern)",1,3
2019,44,"Hard",4,"Kreis 4",10,"Paar mit Kind(ern)",150,518
2019,44,"Hard",4,"Kreis 4",11,"Patchwork-Haushalt",36,119
2019,44,"Hard",4,"Kreis 4",12,"Wohngemeinschaft ohne Kinder",390,1284
2019,44,"Hard",4,"Kreis 4",13,"Wohngemeinschaft mit Kind(ern)",81,365
2019,44,"Hard",4,"Kreis 4",14,"Generationenhaushalt",50,235
2019,44,"Hard",4,"Kreis 4",15,"Familien-Verbund",1,5
2019,51,"Gewerbeschule",5,"Kreis 5",1,"Einpersonenhaushalt",2385,2385
2019,51,"Gewerbeschule",5,"Kreis 5",4,"Zweipersonenhaushalt",1052,2104
2019,51,"Gewerbeschule",5,"Kreis 5",5,"Ehepaar ohne Kinder",366,732
2019,51,"Gewerbeschule",5,"Kreis 5",6,"Eingetragenes Paar ohne Kinder",34,68
2019,51,"Gewerbeschule",5,"Kreis 5",7,"Ein-Elternhaushalt",176,423
2019,51,"Gewerbeschule",5,"Kreis 5",8,"Ehepaar mit Kind(ern)",386,1437
2019,51,"Gewerbeschule",5,"Kreis 5",10,"Paar mit Kind(ern)",138,490
2019,51,"Gewerbeschule",5,"Kreis 5",11,"Patchwork-Haushalt",27,85
2019,51,"Gewerbeschule",5,"Kreis 5",12,"Wohngemeinschaft ohne Kinder",298,1007
2019,51,"Gewerbeschule",5,"Kreis 5",13,"Wohngemeinschaft mit Kind(ern)",62,278
2019,51,"Gewerbeschule",5,"Kreis 5",14,"Generationenhaushalt",33,178
2019,51,"Gewerbeschule",5,"Kreis 5",15,"Familien-Verbund",1,4
2019,52,"Escher Wyss",5,"Kreis 5",1,"Einpersonenhaushalt",1078,1078
2019,52,"Escher Wyss",5,"Kreis 5",4,"Zweipersonenhaushalt",659,1318
2019,52,"Escher Wyss",5,"Kreis 5",5,"Ehepaar ohne Kinder",335,670
2019,52,"Escher Wyss",5,"Kreis 5",6,"Eingetragenes Paar ohne Kinder",47,94
2019,52,"Escher Wyss",5,"Kreis 5",7,"Ein-Elternhaushalt",77,180
2019,52,"Escher Wyss",5,"Kreis 5",8,"Ehepaar mit Kind(ern)",327,1160
2019,52,"Escher Wyss",5,"Kreis 5",9,"Eingetragenes Paar mit Kind(ern)",3,10
2019,52,"Escher Wyss",5,"Kreis 5",10,"Paar mit Kind(ern)",115,389
2019,52,"Escher Wyss",5,"Kreis 5",11,"Patchwork-Haushalt",18,61
2019,52,"Escher Wyss",5,"Kreis 5",12,"Wohngemeinschaft ohne Kinder",266,902
2019,52,"Escher Wyss",5,"Kreis 5",13,"Wohngemeinschaft mit Kind(ern)",51,255
2019,52,"Escher Wyss",5,"Kreis 5",14,"Generationenhaushalt",4,18
2019,61,"Unterstrass",6,"Kreis 6",1,"Einpersonenhaushalt",5019,5019
2019,61,"Unterstrass",6,"Kreis 6",4,"Zweipersonenhaushalt",1991,3982
2019,61,"Unterstrass",6,"Kreis 6",5,"Ehepaar ohne Kinder",1191,2382
2019,61,"Unterstrass",6,"Kreis 6",6,"Eingetragenes Paar ohne Kinder",49,98
2019,61,"Unterstrass",6,"Kreis 6",7,"Ein-Elternhaushalt",562,1362
2019,61,"Unterstrass",6,"Kreis 6",8,"Ehepaar mit Kind(ern)",1662,6386
2019,61,"Unterstrass",6,"Kreis 6",9,"Eingetragenes Paar mit Kind(ern)",2,6
2019,61,"Unterstrass",6,"Kreis 6",10,"Paar mit Kind(ern)",385,1371
2019,61,"Unterstrass",6,"Kreis 6",11,"Patchwork-Haushalt",46,147
2019,61,"Unterstrass",6,"Kreis 6",12,"Wohngemeinschaft ohne Kinder",551,1835
2019,61,"Unterstrass",6,"Kreis 6",13,"Wohngemeinschaft mit Kind(ern)",139,631
2019,61,"Unterstrass",6,"Kreis 6",14,"Generationenhaushalt",27,123
2019,63,"Oberstrass",6,"Kreis 6",1,"Einpersonenhaushalt",2453,2453
2019,63,"Oberstrass",6,"Kreis 6",4,"Zweipersonenhaushalt",742,1484
2019,63,"Oberstrass",6,"Kreis 6",5,"Ehepaar ohne Kinder",642,1285
2019,63,"Oberstrass",6,"Kreis 6",6,"Eingetragenes Paar ohne Kinder",25,50
2019,63,"Oberstrass",6,"Kreis 6",7,"Ein-Elternhaushalt",206,491
2019,63,"Oberstrass",6,"Kreis 6",8,"Ehepaar mit Kind(ern)",687,2575
2019,63,"Oberstrass",6,"Kreis 6",9,"Eingetragenes Paar mit Kind(ern)",1,3
2019,63,"Oberstrass",6,"Kreis 6",10,"Paar mit Kind(ern)",170,606
2019,63,"Oberstrass",6,"Kreis 6",11,"Patchwork-Haushalt",12,38
2019,63,"Oberstrass",6,"Kreis 6",12,"Wohngemeinschaft ohne Kinder",225,781
2019,63,"Oberstrass",6,"Kreis 6",13,"Wohngemeinschaft mit Kind(ern)",78,353
2019,63,"Oberstrass",6,"Kreis 6",14,"Generationenhaushalt",13,63
2019,71,"Fluntern",7,"Kreis 7",1,"Einpersonenhaushalt",1495,1495
2019,71,"Fluntern",7,"Kreis 7",4,"Zweipersonenhaushalt",416,832
2019,71,"Fluntern",7,"Kreis 7",5,"Ehepaar ohne Kinder",625,1250
2019,71,"Fluntern",7,"Kreis 7",6,"Eingetragenes Paar ohne Kinder",31,62
2019,71,"Fluntern",7,"Kreis 7",7,"Ein-Elternhaushalt",163,412
2019,71,"Fluntern",7,"Kreis 7",8,"Ehepaar mit Kind(ern)",711,2707
2019,71,"Fluntern",7,"Kreis 7",9,"Eingetragenes Paar mit Kind(ern)",1,3
2019,71,"Fluntern",7,"Kreis 7",10,"Paar mit Kind(ern)",99,348
2019,71,"Fluntern",7,"Kreis 7",11,"Patchwork-Haushalt",22,76
2019,71,"Fluntern",7,"Kreis 7",12,"Wohngemeinschaft ohne Kinder",162,594
2019,71,"Fluntern",7,"Kreis 7",13,"Wohngemeinschaft mit Kind(ern)",84,415
2019,71,"Fluntern",7,"Kreis 7",14,"Generationenhaushalt",14,62
2019,71,"Fluntern",7,"Kreis 7",15,"Familien-Verbund",1,5
2019,72,"Hottingen",7,"Kreis 7",1,"Einpersonenhaushalt",2406,2406
2019,72,"Hottingen",7,"Kreis 7",4,"Zweipersonenhaushalt",721,1442
2019,72,"Hottingen",7,"Kreis 7",5,"Ehepaar ohne Kinder",655,1310
2019,72,"Hottingen",7,"Kreis 7",6,"Eingetragenes Paar ohne Kinder",28,56
2019,72,"Hottingen",7,"Kreis 7",7,"Ein-Elternhaushalt",212,507
2019,72,"Hottingen",7,"Kreis 7",8,"Ehepaar mit Kind(ern)",816,3071
2019,72,"Hottingen",7,"Kreis 7",10,"Paar mit Kind(ern)",164,597
2019,72,"Hottingen",7,"Kreis 7",11,"Patchwork-Haushalt",27,89
2019,72,"Hottingen",7,"Kreis 7",12,"Wohngemeinschaft ohne Kinder",202,702
2019,72,"Hottingen",7,"Kreis 7",13,"Wohngemeinschaft mit Kind(ern)",102,502
2019,72,"Hottingen",7,"Kreis 7",14,"Generationenhaushalt",13,66
2019,73,"Hirslanden",7,"Kreis 7",1,"Einpersonenhaushalt",1750,1750
2019,73,"Hirslanden",7,"Kreis 7",4,"Zweipersonenhaushalt",533,1066
2019,73,"Hirslanden",7,"Kreis 7",5,"Ehepaar ohne Kinder",406,812
2019,73,"Hirslanden",7,"Kreis 7",6,"Eingetragenes Paar ohne Kinder",14,28
2019,73,"Hirslanden",7,"Kreis 7",7,"Ein-Elternhaushalt",142,335
2019,73,"Hirslanden",7,"Kreis 7",8,"Ehepaar mit Kind(ern)",466,1724
2019,73,"Hirslanden",7,"Kreis 7",10,"Paar mit Kind(ern)",112,398
2019,73,"Hirslanden",7,"Kreis 7",11,"Patchwork-Haushalt",18,57
2019,73,"Hirslanden",7,"Kreis 7",12,"Wohngemeinschaft ohne Kinder",161,541
2019,73,"Hirslanden",7,"Kreis 7",13,"Wohngemeinschaft mit Kind(ern)",70,336
2019,73,"Hirslanden",7,"Kreis 7",14,"Generationenhaushalt",9,48
2019,74,"Witikon",7,"Kreis 7",1,"Einpersonenhaushalt",2280,2280
2019,74,"Witikon",7,"Kreis 7",4,"Zweipersonenhaushalt",537,1074
2019,74,"Witikon",7,"Kreis 7",5,"Ehepaar ohne Kinder",921,1842
2019,74,"Witikon",7,"Kreis 7",6,"Eingetragenes Paar ohne Kinder",19,38
2019,74,"Witikon",7,"Kreis 7",7,"Ein-Elternhaushalt",268,642
2019,74,"Witikon",7,"Kreis 7",8,"Ehepaar mit Kind(ern)",892,3401
2019,74,"Witikon",7,"Kreis 7",9,"Eingetragenes Paar mit Kind(ern)",3,11
2019,74,"Witikon",7,"Kreis 7",10,"Paar mit Kind(ern)",108,381
2019,74,"Witikon",7,"Kreis 7",11,"Patchwork-Haushalt",13,46
2019,74,"Witikon",7,"Kreis 7",12,"Wohngemeinschaft ohne Kinder",118,399
2019,74,"Witikon",7,"Kreis 7",13,"Wohngemeinschaft mit Kind(ern)",87,418
2019,74,"Witikon",7,"Kreis 7",14,"Generationenhaushalt",12,62
2019,81,"Seefeld",8,"Kreis 8",1,"Einpersonenhaushalt",1683,1683
2019,81,"Seefeld",8,"Kreis 8",4,"Zweipersonenhaushalt",480,960
2019,81,"Seefeld",8,"Kreis 8",5,"Ehepaar ohne Kinder",302,604
2019,81,"Seefeld",8,"Kreis 8",6,"Eingetragenes Paar ohne Kinder",14,28
2019,81,"Seefeld",8,"Kreis 8",7,"Ein-Elternhaushalt",98,222
2019,81,"Seefeld",8,"Kreis 8",8,"Ehepaar mit Kind(ern)",240,859
2019,81,"Seefeld",8,"Kreis 8",10,"Paar mit Kind(ern)",48,168
2019,81,"Seefeld",8,"Kreis 8",11,"Patchwork-Haushalt",13,44
2019,81,"Seefeld",8,"Kreis 8",12,"Wohngemeinschaft ohne Kinder",120,404
2019,81,"Seefeld",8,"Kreis 8",13,"Wohngemeinschaft mit Kind(ern)",52,256
2019,81,"Seefeld",8,"Kreis 8",14,"Generationenhaushalt",3,14
2019,82,"Mühlebach",8,"Kreis 8",1,"Einpersonenhaushalt",1719,1719
2019,82,"Mühlebach",8,"Kreis 8",4,"Zweipersonenhaushalt",488,976
2019,82,"Mühlebach",8,"Kreis 8",5,"Ehepaar ohne Kinder",320,640
2019,82,"Mühlebach",8,"Kreis 8",6,"Eingetragenes Paar ohne Kinder",13,26
2019,82,"Mühlebach",8,"Kreis 8",7,"Ein-Elternhaushalt",134,316
2019,82,"Mühlebach",8,"Kreis 8",8,"Ehepaar mit Kind(ern)",344,1266
2019,82,"Mühlebach",8,"Kreis 8",10,"Paar mit Kind(ern)",66,226
2019,82,"Mühlebach",8,"Kreis 8",11,"Patchwork-Haushalt",11,35
2019,82,"Mühlebach",8,"Kreis 8",12,"Wohngemeinschaft ohne Kinder",135,456
2019,82,"Mühlebach",8,"Kreis 8",13,"Wohngemeinschaft mit Kind(ern)",69,312
2019,82,"Mühlebach",8,"Kreis 8",14,"Generationenhaushalt",6,31
2019,83,"Weinegg",8,"Kreis 8",1,"Einpersonenhaushalt",1128,1128
2019,83,"Weinegg",8,"Kreis 8",4,"Zweipersonenhaushalt",329,658
2019,83,"Weinegg",8,"Kreis 8",5,"Ehepaar ohne Kinder",285,570
2019,83,"Weinegg",8,"Kreis 8",6,"Eingetragenes Paar ohne Kinder",11,22
2019,83,"Weinegg",8,"Kreis 8",7,"Ein-Elternhaushalt",121,290
2019,83,"Weinegg",8,"Kreis 8",8,"Ehepaar mit Kind(ern)",344,1268
2019,83,"Weinegg",8,"Kreis 8",9,"Eingetragenes Paar mit Kind(ern)",1,3
2019,83,"Weinegg",8,"Kreis 8",10,"Paar mit Kind(ern)",53,178
2019,83,"Weinegg",8,"Kreis 8",11,"Patchwork-Haushalt",21,68
2019,83,"Weinegg",8,"Kreis 8",12,"Wohngemeinschaft ohne Kinder",86,292
2019,83,"Weinegg",8,"Kreis 8",13,"Wohngemeinschaft mit Kind(ern)",60,339
2019,83,"Weinegg",8,"Kreis 8",14,"Generationenhaushalt",7,33
2019,83,"Weinegg",8,"Kreis 8",15,"Familien-Verbund",1,6
2019,91,"Albisrieden",9,"Kreis 9",1,"Einpersonenhaushalt",4706,4706
2019,91,"Albisrieden",9,"Kreis 9",4,"Zweipersonenhaushalt",1495,2990
2019,91,"Albisrieden",9,"Kreis 9",5,"Ehepaar ohne Kinder",1433,2866
2019,91,"Albisrieden",9,"Kreis 9",6,"Eingetragenes Paar ohne Kinder",53,106
2019,91,"Albisrieden",9,"Kreis 9",7,"Ein-Elternhaushalt",498,1173
2019,91,"Albisrieden",9,"Kreis 9",8,"Ehepaar mit Kind(ern)",1711,6332
2019,91,"Albisrieden",9,"Kreis 9",9,"Eingetragenes Paar mit Kind(ern)",1,4
2019,91,"Albisrieden",9,"Kreis 9",10,"Paar mit Kind(ern)",393,1383
2019,91,"Albisrieden",9,"Kreis 9",11,"Patchwork-Haushalt",55,181
2019,91,"Albisrieden",9,"Kreis 9",12,"Wohngemeinschaft ohne Kinder",325,1101
2019,91,"Albisrieden",9,"Kreis 9",13,"Wohngemeinschaft mit Kind(ern)",144,672
2019,91,"Albisrieden",9,"Kreis 9",14,"Generationenhaushalt",41,215
2019,92,"Altstetten",9,"Kreis 9",1,"Einpersonenhaushalt",7475,7475
2019,92,"Altstetten",9,"Kreis 9",4,"Zweipersonenhaushalt",2501,5002
2019,92,"Altstetten",9,"Kreis 9",5,"Ehepaar ohne Kinder",2158,4316
2019,92,"Altstetten",9,"Kreis 9",6,"Eingetragenes Paar ohne Kinder",81,162
2019,92,"Altstetten",9,"Kreis 9",7,"Ein-Elternhaushalt",767,1840
2019,92,"Altstetten",9,"Kreis 9",8,"Ehepaar mit Kind(ern)",2417,9107
2019,92,"Altstetten",9,"Kreis 9",9,"Eingetragenes Paar mit Kind(ern)",2,8
2019,92,"Altstetten",9,"Kreis 9",10,"Paar mit Kind(ern)",326,1104
2019,92,"Altstetten",9,"Kreis 9",11,"Patchwork-Haushalt",92,308
2019,92,"Altstetten",9,"Kreis 9",12,"Wohngemeinschaft ohne Kinder",686,2326
2019,92,"Altstetten",9,"Kreis 9",13,"Wohngemeinschaft mit Kind(ern)",255,1230
2019,92,"Altstetten",9,"Kreis 9",14,"Generationenhaushalt",105,542
2019,101,"Höngg",10,"Kreis 10",1,"Einpersonenhaushalt",4622,4622
2019,101,"Höngg",10,"Kreis 10",4,"Zweipersonenhaushalt",1547,3094
2019,101,"Höngg",10,"Kreis 10",5,"Ehepaar ohne Kinder",1628,3256
2019,101,"Höngg",10,"Kreis 10",6,"Eingetragenes Paar ohne Kinder",43,86
2019,101,"Höngg",10,"Kreis 10",7,"Ein-Elternhaushalt",568,1391
2019,101,"Höngg",10,"Kreis 10",8,"Ehepaar mit Kind(ern)",1846,6922
2019,101,"Höngg",10,"Kreis 10",9,"Eingetragenes Paar mit Kind(ern)",2,8
2019,101,"Höngg",10,"Kreis 10",10,"Paar mit Kind(ern)",343,1218
2019,101,"Höngg",10,"Kreis 10",11,"Patchwork-Haushalt",48,158
2019,101,"Höngg",10,"Kreis 10",12,"Wohngemeinschaft ohne Kinder",339,1167
2019,101,"Höngg",10,"Kreis 10",13,"Wohngemeinschaft mit Kind(ern)",162,772
2019,101,"Höngg",10,"Kreis 10",14,"Generationenhaushalt",41,191
2019,101,"Höngg",10,"Kreis 10",15,"Familien-Verbund",1,4
2019,102,"Wipkingen",10,"Kreis 10",1,"Einpersonenhaushalt",4155,4155
2019,102,"Wipkingen",10,"Kreis 10",4,"Zweipersonenhaushalt",1627,3254
2019,102,"Wipkingen",10,"Kreis 10",5,"Ehepaar ohne Kinder",718,1436
2019,102,"Wipkingen",10,"Kreis 10",6,"Eingetragenes Paar ohne Kinder",47,94
2019,102,"Wipkingen",10,"Kreis 10",7,"Ein-Elternhaushalt",374,873
2019,102,"Wipkingen",10,"Kreis 10",8,"Ehepaar mit Kind(ern)",855,3144
2019,102,"Wipkingen",10,"Kreis 10",10,"Paar mit Kind(ern)",326,1138
2019,102,"Wipkingen",10,"Kreis 10",11,"Patchwork-Haushalt",37,119
2019,102,"Wipkingen",10,"Kreis 10",12,"Wohngemeinschaft ohne Kinder",351,1207
2019,102,"Wipkingen",10,"Kreis 10",13,"Wohngemeinschaft mit Kind(ern)",107,518
2019,102,"Wipkingen",10,"Kreis 10",14,"Generationenhaushalt",16,68
2019,111,"Affoltern",11,"Kreis 11",1,"Einpersonenhaushalt",4202,4202
2019,111,"Affoltern",11,"Kreis 11",4,"Zweipersonenhaushalt",1366,2732
2019,111,"Affoltern",11,"Kreis 11",5,"Ehepaar ohne Kinder",1695,3390
2019,111,"Affoltern",11,"Kreis 11",6,"Eingetragenes Paar ohne Kinder",30,60
2019,111,"Affoltern",11,"Kreis 11",7,"Ein-Elternhaushalt",747,1870
2019,111,"Affoltern",11,"Kreis 11",8,"Ehepaar mit Kind(ern)",2435,9269
2019,111,"Affoltern",11,"Kreis 11",9,"Eingetragenes Paar mit Kind(ern)",4,14
2019,111,"Affoltern",11,"Kreis 11",10,"Paar mit Kind(ern)",246,900
2019,111,"Affoltern",11,"Kreis 11",11,"Patchwork-Haushalt",69,230
2019,111,"Affoltern",11,"Kreis 11",12,"Wohngemeinschaft ohne Kinder",427,1449
2019,111,"Affoltern",11,"Kreis 11",13,"Wohngemeinschaft mit Kind(ern)",249,1123
2019,111,"Affoltern",11,"Kreis 11",14,"Generationenhaushalt",109,580
2019,111,"Affoltern",11,"Kreis 11",15,"Familien-Verbund",2,10
2019,115,"Oerlikon",11,"Kreis 11",1,"Einpersonenhaushalt",4918,4918
2019,115,"Oerlikon",11,"Kreis 11",4,"Zweipersonenhaushalt",1944,3888
2019,115,"Oerlikon",11,"Kreis 11",5,"Ehepaar ohne Kinder",1230,2460
2019,115,"Oerlikon",11,"Kreis 11",6,"Eingetragenes Paar ohne Kinder",55,110
2019,115,"Oerlikon",11,"Kreis 11",7,"Ein-Elternhaushalt",440,1094
2019,115,"Oerlikon",11,"Kreis 11",8,"Ehepaar mit Kind(ern)",1462,5463
2019,115,"Oerlikon",11,"Kreis 11",9,"Eingetragenes Paar mit Kind(ern)",1,4
2019,115,"Oerlikon",11,"Kreis 11",10,"Paar mit Kind(ern)",222,803
2019,115,"Oerlikon",11,"Kreis 11",11,"Patchwork-Haushalt",36,116
2019,115,"Oerlikon",11,"Kreis 11",12,"Wohngemeinschaft ohne Kinder",651,2156
2019,115,"Oerlikon",11,"Kreis 11",13,"Wohngemeinschaft mit Kind(ern)",147,705
2019,115,"Oerlikon",11,"Kreis 11",14,"Generationenhaushalt",39,202
2019,115,"Oerlikon",11,"Kreis 11",15,"Familien-Verbund",1,4
2019,119,"Seebach",11,"Kreis 11",1,"Einpersonenhaushalt",4810,4810
2019,119,"Seebach",11,"Kreis 11",4,"Zweipersonenhaushalt",1463,2926
2019,119,"Seebach",11,"Kreis 11",5,"Ehepaar ohne Kinder",1557,3114
2019,119,"Seebach",11,"Kreis 11",6,"Eingetragenes Paar ohne Kinder",41,82
2019,119,"Seebach",11,"Kreis 11",7,"Ein-Elternhaushalt",623,1590
2019,119,"Seebach",11,"Kreis 11",8,"Ehepaar mit Kind(ern)",2132,8005
2019,119,"Seebach",11,"Kreis 11",10,"Paar mit Kind(ern)",196,703
2019,119,"Seebach",11,"Kreis 11",11,"Patchwork-Haushalt",63,221
2019,119,"Seebach",11,"Kreis 11",12,"Wohngemeinschaft ohne Kinder",575,1955
2019,119,"Seebach",11,"Kreis 11",13,"Wohngemeinschaft mit Kind(ern)",211,1020
2019,119,"Seebach",11,"Kreis 11",14,"Generationenhaushalt",89,491
2019,121,"Saatlen",12,"Kreis 12",1,"Einpersonenhaushalt",1067,1067
2019,121,"Saatlen",12,"Kreis 12",4,"Zweipersonenhaushalt",364,728
2019,121,"Saatlen",12,"Kreis 12",5,"Ehepaar ohne Kinder",453,906
2019,121,"Saatlen",12,"Kreis 12",6,"Eingetragenes Paar ohne Kinder",5,10
2019,121,"Saatlen",12,"Kreis 12",7,"Ein-Elternhaushalt",307,839
2019,121,"Saatlen",12,"Kreis 12",8,"Ehepaar mit Kind(ern)",908,3717
2019,121,"Saatlen",12,"Kreis 12",10,"Paar mit Kind(ern)",104,390
2019,121,"Saatlen",12,"Kreis 12",11,"Patchwork-Haushalt",17,61
2019,121,"Saatlen",12,"Kreis 12",12,"Wohngemeinschaft ohne Kinder",145,563
2019,121,"Saatlen",12,"Kreis 12",13,"Wohngemeinschaft mit Kind(ern)",67,339
2019,121,"Saatlen",12,"Kreis 12",14,"Generationenhaushalt",29,156
2019,122,"Schwamendingen-Mitte",12,"Kreis 12",1,"Einpersonenhaushalt",2512,2512
2019,122,"Schwamendingen-Mitte",12,"Kreis 12",4,"Zweipersonenhaushalt",755,1510
2019,122,"Schwamendingen-Mitte",12,"Kreis 12",5,"Ehepaar ohne Kinder",736,1472
2019,122,"Schwamendingen-Mitte",12,"Kreis 12",6,"Eingetragenes Paar ohne Kinder",14,28
2019,122,"Schwamendingen-Mitte",12,"Kreis 12",7,"Ein-Elternhaushalt",313,744
2019,122,"Schwamendingen-Mitte",12,"Kreis 12",8,"Ehepaar mit Kind(ern)",791,2932
2019,122,"Schwamendingen-Mitte",12,"Kreis 12",9,"Eingetragenes Paar mit Kind(ern)",1,3
2019,122,"Schwamendingen-Mitte",12,"Kreis 12",10,"Paar mit Kind(ern)",87,313
2019,122,"Schwamendingen-Mitte",12,"Kreis 12",11,"Patchwork-Haushalt",24,80
2019,122,"Schwamendingen-Mitte",12,"Kreis 12",12,"Wohngemeinschaft ohne Kinder",275,910
2019,122,"Schwamendingen-Mitte",12,"Kreis 12",13,"Wohngemeinschaft mit Kind(ern)",90,393
2019,122,"Schwamendingen-Mitte",12,"Kreis 12",14,"Generationenhaushalt",42,208
2019,122,"Schwamendingen-Mitte",12,"Kreis 12",15,"Familien-Verbund",1,4
2019,123,"Hirzenbach",12,"Kreis 12",1,"Einpersonenhaushalt",2278,2278
2019,123,"Hirzenbach",12,"Kreis 12",4,"Zweipersonenhaushalt",692,1384
2019,123,"Hirzenbach",12,"Kreis 12",5,"Ehepaar ohne Kinder",754,1508
2019,123,"Hirzenbach",12,"Kreis 12",6,"Eingetragenes Paar ohne Kinder",5,10
2019,123,"Hirzenbach",12,"Kreis 12",7,"Ein-Elternhaushalt",386,971
2019,123,"Hirzenbach",12,"Kreis 12",8,"Ehepaar mit Kind(ern)",1179,4487
2019,123,"Hirzenbach",12,"Kreis 12",9,"Eingetragenes Paar mit Kind(ern)",1,5
2019,123,"Hirzenbach",12,"Kreis 12",10,"Paar mit Kind(ern)",108,399
2019,123,"Hirzenbach",12,"Kreis 12",11,"Patchwork-Haushalt",38,130
2019,123,"Hirzenbach",12,"Kreis 12",12,"Wohngemeinschaft ohne Kinder",245,819
2019,123,"Hirzenbach",12,"Kreis 12",13,"Wohngemeinschaft mit Kind(ern)",105,542
2019,123,"Hirzenbach",12,"Kreis 12",14,"Generationenhaushalt",44,223
2020,11,"Rathaus",1,"Kreis 1",1,"Einpersonenhaushalt",1170,1170
2020,11,"Rathaus",1,"Kreis 1",4,"Zweipersonenhaushalt",283,566
2020,11,"Rathaus",1,"Kreis 1",5,"Ehepaar ohne Kinder",170,340
2020,11,"Rathaus",1,"Kreis 1",6,"Eingetragenes Paar ohne Kinder",13,26
2020,11,"Rathaus",1,"Kreis 1",7,"Ein-Elternhaushalt",65,145
2020,11,"Rathaus",1,"Kreis 1",8,"Ehepaar mit Kind(ern)",109,408
2020,11,"Rathaus",1,"Kreis 1",9,"Eingetragenes Paar mit Kind(ern)",1,3
2020,11,"Rathaus",1,"Kreis 1",10,"Paar mit Kind(ern)",15,59
2020,11,"Rathaus",1,"Kreis 1",11,"Patchwork-Haushalt",5,17
2020,11,"Rathaus",1,"Kreis 1",12,"Wohngemeinschaft ohne Kinder",82,293
2020,11,"Rathaus",1,"Kreis 1",13,"Wohngemeinschaft mit Kind(ern)",20,84
2020,11,"Rathaus",1,"Kreis 1",14,"Generationenhaushalt",3,13
2020,12,"Hochschulen",1,"Kreis 1",1,"Einpersonenhaushalt",140,140
2020,12,"Hochschulen",1,"Kreis 1",4,"Zweipersonenhaushalt",39,78
2020,12,"Hochschulen",1,"Kreis 1",5,"Ehepaar ohne Kinder",21,42
2020,12,"Hochschulen",1,"Kreis 1",6,"Eingetragenes Paar ohne Kinder",3,6
2020,12,"Hochschulen",1,"Kreis 1",7,"Ein-Elternhaushalt",8,18
2020,12,"Hochschulen",1,"Kreis 1",8,"Ehepaar mit Kind(ern)",18,67
2020,12,"Hochschulen",1,"Kreis 1",10,"Paar mit Kind(ern)",6,20
2020,12,"Hochschulen",1,"Kreis 1",12,"Wohngemeinschaft ohne Kinder",12,46
2020,12,"Hochschulen",1,"Kreis 1",13,"Wohngemeinschaft mit Kind(ern)",5,21
2020,13,"Lindenhof",1,"Kreis 1",1,"Einpersonenhaushalt",358,358
2020,13,"Lindenhof",1,"Kreis 1",4,"Zweipersonenhaushalt",105,210
2020,13,"Lindenhof",1,"Kreis 1",5,"Ehepaar ohne Kinder",55,110
2020,13,"Lindenhof",1,"Kreis 1",6,"Eingetragenes Paar ohne Kinder",4,8
2020,13,"Lindenhof",1,"Kreis 1",7,"Ein-Elternhaushalt",22,54
2020,13,"Lindenhof",1,"Kreis 1",8,"Ehepaar mit Kind(ern)",35,133
2020,13,"Lindenhof",1,"Kreis 1",10,"Paar mit Kind(ern)",6,19
2020,13,"Lindenhof",1,"Kreis 1",11,"Patchwork-Haushalt",3,12
2020,13,"Lindenhof",1,"Kreis 1",12,"Wohngemeinschaft ohne Kinder",14,53
2020,13,"Lindenhof",1,"Kreis 1",13,"Wohngemeinschaft mit Kind(ern)",7,31
2020,13,"Lindenhof",1,"Kreis 1",14,"Generationenhaushalt",1,5
2020,14,"City",1,"Kreis 1",1,"Einpersonenhaushalt",117,117
2020,14,"City",1,"Kreis 1",4,"Zweipersonenhaushalt",49,98
2020,14,"City",1,"Kreis 1",5,"Ehepaar ohne Kinder",37,74
2020,14,"City",1,"Kreis 1",6,"Eingetragenes Paar ohne Kinder",3,6
2020,14,"City",1,"Kreis 1",7,"Ein-Elternhaushalt",12,31
2020,14,"City",1,"Kreis 1",8,"Ehepaar mit Kind(ern)",47,173
2020,14,"City",1,"Kreis 1",10,"Paar mit Kind(ern)",9,30
2020,14,"City",1,"Kreis 1",12,"Wohngemeinschaft ohne Kinder",25,103
2020,14,"City",1,"Kreis 1",13,"Wohngemeinschaft mit Kind(ern)",8,50
2020,14,"City",1,"Kreis 1",14,"Generationenhaushalt",3,20
2020,21,"Wollishofen",2,"Kreis 2",1,"Einpersonenhaushalt",4102,4102
2020,21,"Wollishofen",2,"Kreis 2",4,"Zweipersonenhaushalt",1306,2612
2020,21,"Wollishofen",2,"Kreis 2",5,"Ehepaar ohne Kinder",1133,2266
2020,21,"Wollishofen",2,"Kreis 2",6,"Eingetragenes Paar ohne Kinder",30,60
2020,21,"Wollishofen",2,"Kreis 2",7,"Ein-Elternhaushalt",481,1188
2020,21,"Wollishofen",2,"Kreis 2",8,"Ehepaar mit Kind(ern)",1546,5847
2020,21,"Wollishofen",2,"Kreis 2",9,"Eingetragenes Paar mit Kind(ern)",2,7
2020,21,"Wollishofen",2,"Kreis 2",10,"Paar mit Kind(ern)",315,1154
2020,21,"Wollishofen",2,"Kreis 2",11,"Patchwork-Haushalt",44,146
2020,21,"Wollishofen",2,"Kreis 2",12,"Wohngemeinschaft ohne Kinder",257,865
2020,21,"Wollishofen",2,"Kreis 2",13,"Wohngemeinschaft mit Kind(ern)",122,589
2020,21,"Wollishofen",2,"Kreis 2",14,"Generationenhaushalt",39,198
2020,23,"Leimbach",2,"Kreis 2",1,"Einpersonenhaushalt",883,883
2020,23,"Leimbach",2,"Kreis 2",4,"Zweipersonenhaushalt",240,480
2020,23,"Leimbach",2,"Kreis 2",5,"Ehepaar ohne Kinder",358,716
2020,23,"Leimbach",2,"Kreis 2",6,"Eingetragenes Paar ohne Kinder",5,10
2020,23,"Leimbach",2,"Kreis 2",7,"Ein-Elternhaushalt",184,531
2020,23,"Leimbach",2,"Kreis 2",8,"Ehepaar mit Kind(ern)",594,2348
2020,23,"Leimbach",2,"Kreis 2",10,"Paar mit Kind(ern)",68,253
2020,23,"Leimbach",2,"Kreis 2",11,"Patchwork-Haushalt",23,86
2020,23,"Leimbach",2,"Kreis 2",12,"Wohngemeinschaft ohne Kinder",97,319
2020,23,"Leimbach",2,"Kreis 2",13,"Wohngemeinschaft mit Kind(ern)",64,318
2020,23,"Leimbach",2,"Kreis 2",14,"Generationenhaushalt",16,86
2020,24,"Enge",2,"Kreis 2",1,"Einpersonenhaushalt",1992,1992
2020,24,"Enge",2,"Kreis 2",4,"Zweipersonenhaushalt",756,1512
2020,24,"Enge",2,"Kreis 2",5,"Ehepaar ohne Kinder",523,1046
2020,24,"Enge",2,"Kreis 2",6,"Eingetragenes Paar ohne Kinder",22,44
2020,24,"Enge",2,"Kreis 2",7,"Ein-Elternhaushalt",153,377
2020,24,"Enge",2,"Kreis 2",8,"Ehepaar mit Kind(ern)",680,2646
2020,24,"Enge",2,"Kreis 2",9,"Eingetragenes Paar mit Kind(ern)",1,3
2020,24,"Enge",2,"Kreis 2",10,"Paar mit Kind(ern)",143,491
2020,24,"Enge",2,"Kreis 2",11,"Patchwork-Haushalt",20,62
2020,24,"Enge",2,"Kreis 2",12,"Wohngemeinschaft ohne Kinder",218,746
2020,24,"Enge",2,"Kreis 2",13,"Wohngemeinschaft mit Kind(ern)",64,304
2020,24,"Enge",2,"Kreis 2",14,"Generationenhaushalt",14,70
2020,24,"Enge",2,"Kreis 2",15,"Familien-Verbund",1,6
2020,31,"Alt-Wiedikon",3,"Kreis 3",1,"Einpersonenhaushalt",4343,4343
2020,31,"Alt-Wiedikon",3,"Kreis 3",4,"Zweipersonenhaushalt",1615,3230
2020,31,"Alt-Wiedikon",3,"Kreis 3",5,"Ehepaar ohne Kinder",771,1542
2020,31,"Alt-Wiedikon",3,"Kreis 3",6,"Eingetragenes Paar ohne Kinder",48,96
2020,31,"Alt-Wiedikon",3,"Kreis 3",7,"Ein-Elternhaushalt",246,576
2020,31,"Alt-Wiedikon",3,"Kreis 3",8,"Ehepaar mit Kind(ern)",1038,4106
2020,31,"Alt-Wiedikon",3,"Kreis 3",9,"Eingetragenes Paar mit Kind(ern)",3,10
2020,31,"Alt-Wiedikon",3,"Kreis 3",10,"Paar mit Kind(ern)",243,843
2020,31,"Alt-Wiedikon",3,"Kreis 3",11,"Patchwork-Haushalt",46,149
2020,31,"Alt-Wiedikon",3,"Kreis 3",12,"Wohngemeinschaft ohne Kinder",366,1208
2020,31,"Alt-Wiedikon",3,"Kreis 3",13,"Wohngemeinschaft mit Kind(ern)",119,664
2020,31,"Alt-Wiedikon",3,"Kreis 3",14,"Generationenhaushalt",38,245
2020,33,"Friesenberg",3,"Kreis 3",1,"Einpersonenhaushalt",1400,1400
2020,33,"Friesenberg",3,"Kreis 3",4,"Zweipersonenhaushalt",313,626
2020,33,"Friesenberg",3,"Kreis 3",5,"Ehepaar ohne Kinder",647,1294
2020,33,"Friesenberg",3,"Kreis 3",6,"Eingetragenes Paar ohne Kinder",4,8
2020,33,"Friesenberg",3,"Kreis 3",7,"Ein-Elternhaushalt",365,961
2020,33,"Friesenberg",3,"Kreis 3",8,"Ehepaar mit Kind(ern)",1208,4903
2020,33,"Friesenberg",3,"Kreis 3",9,"Eingetragenes Paar mit Kind(ern)",2,8
2020,33,"Friesenberg",3,"Kreis 3",10,"Paar mit Kind(ern)",193,745
2020,33,"Friesenberg",3,"Kreis 3",11,"Patchwork-Haushalt",21,74
2020,33,"Friesenberg",3,"Kreis 3",12,"Wohngemeinschaft ohne Kinder",55,182
2020,33,"Friesenberg",3,"Kreis 3",13,"Wohngemeinschaft mit Kind(ern)",69,320
2020,33,"Friesenberg",3,"Kreis 3",14,"Generationenhaushalt",31,153
2020,34,"Sihlfeld",3,"Kreis 3",1,"Einpersonenhaushalt",5667,5667
2020,34,"Sihlfeld",3,"Kreis 3",4,"Zweipersonenhaushalt",2320,4640
2020,34,"Sihlfeld",3,"Kreis 3",5,"Ehepaar ohne Kinder",887,1774
2020,34,"Sihlfeld",3,"Kreis 3",6,"Eingetragenes Paar ohne Kinder",48,96
2020,34,"Sihlfeld",3,"Kreis 3",7,"Ein-Elternhaushalt",438,1043
2020,34,"Sihlfeld",3,"Kreis 3",8,"Ehepaar mit Kind(ern)",1122,4331
2020,34,"Sihlfeld",3,"Kreis 3",9,"Eingetragenes Paar mit Kind(ern)",2,7
2020,34,"Sihlfeld",3,"Kreis 3",10,"Paar mit Kind(ern)",319,1100
2020,34,"Sihlfeld",3,"Kreis 3",11,"Patchwork-Haushalt",59,187
2020,34,"Sihlfeld",3,"Kreis 3",12,"Wohngemeinschaft ohne Kinder",456,1477
2020,34,"Sihlfeld",3,"Kreis 3",13,"Wohngemeinschaft mit Kind(ern)",128,667
2020,34,"Sihlfeld",3,"Kreis 3",14,"Generationenhaushalt",59,365
2020,41,"Werd",4,"Kreis 4",1,"Einpersonenhaushalt",1054,1054
2020,41,"Werd",4,"Kreis 4",4,"Zweipersonenhaushalt",492,984
2020,41,"Werd",4,"Kreis 4",5,"Ehepaar ohne Kinder",153,306
2020,41,"Werd",4,"Kreis 4",6,"Eingetragenes Paar ohne Kinder",20,40
2020,41,"Werd",4,"Kreis 4",7,"Ein-Elternhaushalt",43,101
2020,41,"Werd",4,"Kreis 4",8,"Ehepaar mit Kind(ern)",185,798
2020,41,"Werd",4,"Kreis 4",10,"Paar mit Kind(ern)",56,185
2020,41,"Werd",4,"Kreis 4",11,"Patchwork-Haushalt",10,30
2020,41,"Werd",4,"Kreis 4",12,"Wohngemeinschaft ohne Kinder",149,517
2020,41,"Werd",4,"Kreis 4",13,"Wohngemeinschaft mit Kind(ern)",28,183
2020,41,"Werd",4,"Kreis 4",14,"Generationenhaushalt",15,136
2020,41,"Werd",4,"Kreis 4",15,"Familien-Verbund",1,4
2020,42,"Langstrasse",4,"Kreis 4",1,"Einpersonenhaushalt",3417,3417
2020,42,"Langstrasse",4,"Kreis 4",4,"Zweipersonenhaushalt",1566,3132
2020,42,"Langstrasse",4,"Kreis 4",5,"Ehepaar ohne Kinder",412,824
2020,42,"Langstrasse",4,"Kreis 4",6,"Eingetragenes Paar ohne Kinder",44,88
2020,42,"Langstrasse",4,"Kreis 4",7,"Ein-Elternhaushalt",117,269
2020,42,"Langstrasse",4,"Kreis 4",8,"Ehepaar mit Kind(ern)",288,1025
2020,42,"Langstrasse",4,"Kreis 4",9,"Eingetragenes Paar mit Kind(ern)",1,3
2020,42,"Langstrasse",4,"Kreis 4",10,"Paar mit Kind(ern)",122,415
2020,42,"Langstrasse",4,"Kreis 4",11,"Patchwork-Haushalt",27,86
2020,42,"Langstrasse",4,"Kreis 4",12,"Wohngemeinschaft ohne Kinder",470,1585
2020,42,"Langstrasse",4,"Kreis 4",13,"Wohngemeinschaft mit Kind(ern)",52,239
2020,42,"Langstrasse",4,"Kreis 4",14,"Generationenhaushalt",22,114
2020,44,"Hard",4,"Kreis 4",1,"Einpersonenhaushalt",3027,3027
2020,44,"Hard",4,"Kreis 4",4,"Zweipersonenhaushalt",1261,2522
2020,44,"Hard",4,"Kreis 4",5,"Ehepaar ohne Kinder",491,982
2020,44,"Hard",4,"Kreis 4",6,"Eingetragenes Paar ohne Kinder",27,54
2020,44,"Hard",4,"Kreis 4",7,"Ein-Elternhaushalt",336,801
2020,44,"Hard",4,"Kreis 4",8,"Ehepaar mit Kind(ern)",669,2494
2020,44,"Hard",4,"Kreis 4",9,"Eingetragenes Paar mit Kind(ern)",1,3
2020,44,"Hard",4,"Kreis 4",10,"Paar mit Kind(ern)",153,540
2020,44,"Hard",4,"Kreis 4",11,"Patchwork-Haushalt",35,115
2020,44,"Hard",4,"Kreis 4",12,"Wohngemeinschaft ohne Kinder",350,1154
2020,44,"Hard",4,"Kreis 4",13,"Wohngemeinschaft mit Kind(ern)",75,328
2020,44,"Hard",4,"Kreis 4",14,"Generationenhaushalt",47,222
2020,44,"Hard",4,"Kreis 4",15,"Familien-Verbund",1,5
2020,51,"Gewerbeschule",5,"Kreis 5",1,"Einpersonenhaushalt",2401,2401
2020,51,"Gewerbeschule",5,"Kreis 5",4,"Zweipersonenhaushalt",1053,2106
2020,51,"Gewerbeschule",5,"Kreis 5",5,"Ehepaar ohne Kinder",344,688
2020,51,"Gewerbeschule",5,"Kreis 5",6,"Eingetragenes Paar ohne Kinder",31,62
2020,51,"Gewerbeschule",5,"Kreis 5",7,"Ein-Elternhaushalt",189,455
2020,51,"Gewerbeschule",5,"Kreis 5",8,"Ehepaar mit Kind(ern)",391,1465
2020,51,"Gewerbeschule",5,"Kreis 5",10,"Paar mit Kind(ern)",135,481
2020,51,"Gewerbeschule",5,"Kreis 5",11,"Patchwork-Haushalt",28,87
2020,51,"Gewerbeschule",5,"Kreis 5",12,"Wohngemeinschaft ohne Kinder",287,952
2020,51,"Gewerbeschule",5,"Kreis 5",13,"Wohngemeinschaft mit Kind(ern)",52,226
2020,51,"Gewerbeschule",5,"Kreis 5",14,"Generationenhaushalt",28,154
2020,52,"Escher Wyss",5,"Kreis 5",1,"Einpersonenhaushalt",1064,1064
2020,52,"Escher Wyss",5,"Kreis 5",4,"Zweipersonenhaushalt",716,1432
2020,52,"Escher Wyss",5,"Kreis 5",5,"Ehepaar ohne Kinder",319,638
2020,52,"Escher Wyss",5,"Kreis 5",6,"Eingetragenes Paar ohne Kinder",50,100
2020,52,"Escher Wyss",5,"Kreis 5",7,"Ein-Elternhaushalt",86,199
2020,52,"Escher Wyss",5,"Kreis 5",8,"Ehepaar mit Kind(ern)",324,1154
2020,52,"Escher Wyss",5,"Kreis 5",9,"Eingetragenes Paar mit Kind(ern)",3,11
2020,52,"Escher Wyss",5,"Kreis 5",10,"Paar mit Kind(ern)",119,408
2020,52,"Escher Wyss",5,"Kreis 5",11,"Patchwork-Haushalt",19,65
2020,52,"Escher Wyss",5,"Kreis 5",12,"Wohngemeinschaft ohne Kinder",243,820
2020,52,"Escher Wyss",5,"Kreis 5",13,"Wohngemeinschaft mit Kind(ern)",51,244
2020,52,"Escher Wyss",5,"Kreis 5",14,"Generationenhaushalt",4,16
2020,61,"Unterstrass",6,"Kreis 6",1,"Einpersonenhaushalt",5070,5070
2020,61,"Unterstrass",6,"Kreis 6",4,"Zweipersonenhaushalt",2039,4078
2020,61,"Unterstrass",6,"Kreis 6",5,"Ehepaar ohne Kinder",1172,2344
2020,61,"Unterstrass",6,"Kreis 6",6,"Eingetragenes Paar ohne Kinder",59,118
2020,61,"Unterstrass",6,"Kreis 6",7,"Ein-Elternhaushalt",567,1378
2020,61,"Unterstrass",6,"Kreis 6",8,"Ehepaar mit Kind(ern)",1720,6589
2020,61,"Unterstrass",6,"Kreis 6",9,"Eingetragenes Paar mit Kind(ern)",3,9
2020,61,"Unterstrass",6,"Kreis 6",10,"Paar mit Kind(ern)",430,1529
2020,61,"Unterstrass",6,"Kreis 6",11,"Patchwork-Haushalt",57,189
2020,61,"Unterstrass",6,"Kreis 6",12,"Wohngemeinschaft ohne Kinder",554,1833
2020,61,"Unterstrass",6,"Kreis 6",13,"Wohngemeinschaft mit Kind(ern)",138,606
2020,61,"Unterstrass",6,"Kreis 6",14,"Generationenhaushalt",18,86
2020,63,"Oberstrass",6,"Kreis 6",1,"Einpersonenhaushalt",2479,2479
2020,63,"Oberstrass",6,"Kreis 6",4,"Zweipersonenhaushalt",726,1452
2020,63,"Oberstrass",6,"Kreis 6",5,"Ehepaar ohne Kinder",623,1246
2020,63,"Oberstrass",6,"Kreis 6",6,"Eingetragenes Paar ohne Kinder",25,50
2020,63,"Oberstrass",6,"Kreis 6",7,"Ein-Elternhaushalt",203,491
2020,63,"Oberstrass",6,"Kreis 6",8,"Ehepaar mit Kind(ern)",725,2732
2020,63,"Oberstrass",6,"Kreis 6",9,"Eingetragenes Paar mit Kind(ern)",1,3
2020,63,"Oberstrass",6,"Kreis 6",10,"Paar mit Kind(ern)",182,643
2020,63,"Oberstrass",6,"Kreis 6",11,"Patchwork-Haushalt",11,35
2020,63,"Oberstrass",6,"Kreis 6",12,"Wohngemeinschaft ohne Kinder",207,718
2020,63,"Oberstrass",6,"Kreis 6",13,"Wohngemeinschaft mit Kind(ern)",63,274
2020,63,"Oberstrass",6,"Kreis 6",14,"Generationenhaushalt",15,78
2020,71,"Fluntern",7,"Kreis 7",1,"Einpersonenhaushalt",1500,1500
2020,71,"Fluntern",7,"Kreis 7",4,"Zweipersonenhaushalt",441,882
2020,71,"Fluntern",7,"Kreis 7",5,"Ehepaar ohne Kinder",630,1260
2020,71,"Fluntern",7,"Kreis 7",6,"Eingetragenes Paar ohne Kinder",29,58
2020,71,"Fluntern",7,"Kreis 7",7,"Ein-Elternhaushalt",174,431
2020,71,"Fluntern",7,"Kreis 7",8,"Ehepaar mit Kind(ern)",718,2728
2020,71,"Fluntern",7,"Kreis 7",9,"Eingetragenes Paar mit Kind(ern)",1,4
2020,71,"Fluntern",7,"Kreis 7",10,"Paar mit Kind(ern)",105,371
2020,71,"Fluntern",7,"Kreis 7",11,"Patchwork-Haushalt",20,74
2020,71,"Fluntern",7,"Kreis 7",12,"Wohngemeinschaft ohne Kinder",139,510
2020,71,"Fluntern",7,"Kreis 7",13,"Wohngemeinschaft mit Kind(ern)",84,385
2020,71,"Fluntern",7,"Kreis 7",14,"Generationenhaushalt",16,69
2020,71,"Fluntern",7,"Kreis 7",15,"Familien-Verbund",1,5
2020,72,"Hottingen",7,"Kreis 7",1,"Einpersonenhaushalt",2453,2453
2020,72,"Hottingen",7,"Kreis 7",4,"Zweipersonenhaushalt",752,1504
2020,72,"Hottingen",7,"Kreis 7",5,"Ehepaar ohne Kinder",665,1330
2020,72,"Hottingen",7,"Kreis 7",6,"Eingetragenes Paar ohne Kinder",31,62
2020,72,"Hottingen",7,"Kreis 7",7,"Ein-Elternhaushalt",208,495
2020,72,"Hottingen",7,"Kreis 7",8,"Ehepaar mit Kind(ern)",797,3014
2020,72,"Hottingen",7,"Kreis 7",10,"Paar mit Kind(ern)",180,645
2020,72,"Hottingen",7,"Kreis 7",11,"Patchwork-Haushalt",26,89
2020,72,"Hottingen",7,"Kreis 7",12,"Wohngemeinschaft ohne Kinder",185,646
2020,72,"Hottingen",7,"Kreis 7",13,"Wohngemeinschaft mit Kind(ern)",96,469
2020,72,"Hottingen",7,"Kreis 7",14,"Generationenhaushalt",14,71
2020,73,"Hirslanden",7,"Kreis 7",1,"Einpersonenhaushalt",1777,1777
2020,73,"Hirslanden",7,"Kreis 7",4,"Zweipersonenhaushalt",509,1018
2020,73,"Hirslanden",7,"Kreis 7",5,"Ehepaar ohne Kinder",405,810
2020,73,"Hirslanden",7,"Kreis 7",6,"Eingetragenes Paar ohne Kinder",14,28
2020,73,"Hirslanden",7,"Kreis 7",7,"Ein-Elternhaushalt",147,348
2020,73,"Hirslanden",7,"Kreis 7",8,"Ehepaar mit Kind(ern)",471,1752
2020,73,"Hirslanden",7,"Kreis 7",10,"Paar mit Kind(ern)",113,392
2020,73,"Hirslanden",7,"Kreis 7",11,"Patchwork-Haushalt",18,58
2020,73,"Hirslanden",7,"Kreis 7",12,"Wohngemeinschaft ohne Kinder",144,480
2020,73,"Hirslanden",7,"Kreis 7",13,"Wohngemeinschaft mit Kind(ern)",53,259
2020,73,"Hirslanden",7,"Kreis 7",14,"Generationenhaushalt",11,57
2020,74,"Witikon",7,"Kreis 7",1,"Einpersonenhaushalt",2281,2281
2020,74,"Witikon",7,"Kreis 7",4,"Zweipersonenhaushalt",555,1110
2020,74,"Witikon",7,"Kreis 7",5,"Ehepaar ohne Kinder",910,1820
2020,74,"Witikon",7,"Kreis 7",6,"Eingetragenes Paar ohne Kinder",20,40
2020,74,"Witikon",7,"Kreis 7",7,"Ein-Elternhaushalt",264,637
2020,74,"Witikon",7,"Kreis 7",8,"Ehepaar mit Kind(ern)",951,3620
2020,74,"Witikon",7,"Kreis 7",9,"Eingetragenes Paar mit Kind(ern)",3,11
2020,74,"Witikon",7,"Kreis 7",10,"Paar mit Kind(ern)",122,430
2020,74,"Witikon",7,"Kreis 7",11,"Patchwork-Haushalt",14,49
2020,74,"Witikon",7,"Kreis 7",12,"Wohngemeinschaft ohne Kinder",108,363
2020,74,"Witikon",7,"Kreis 7",13,"Wohngemeinschaft mit Kind(ern)",84,387
2020,74,"Witikon",7,"Kreis 7",14,"Generationenhaushalt",9,39
2020,81,"Seefeld",8,"Kreis 8",1,"Einpersonenhaushalt",1734,1734
2020,81,"Seefeld",8,"Kreis 8",4,"Zweipersonenhaushalt",517,1034
2020,81,"Seefeld",8,"Kreis 8",5,"Ehepaar ohne Kinder",307,614
2020,81,"Seefeld",8,"Kreis 8",6,"Eingetragenes Paar ohne Kinder",13,26
2020,81,"Seefeld",8,"Kreis 8",7,"Ein-Elternhaushalt",96,222
2020,81,"Seefeld",8,"Kreis 8",8,"Ehepaar mit Kind(ern)",269,965
2020,81,"Seefeld",8,"Kreis 8",10,"Paar mit Kind(ern)",55,191
2020,81,"Seefeld",8,"Kreis 8",11,"Patchwork-Haushalt",9,29
2020,81,"Seefeld",8,"Kreis 8",12,"Wohngemeinschaft ohne Kinder",102,347
2020,81,"Seefeld",8,"Kreis 8",13,"Wohngemeinschaft mit Kind(ern)",46,205
2020,81,"Seefeld",8,"Kreis 8",14,"Generationenhaushalt",3,13
2020,82,"Mühlebach",8,"Kreis 8",1,"Einpersonenhaushalt",1720,1720
2020,82,"Mühlebach",8,"Kreis 8",4,"Zweipersonenhaushalt",511,1022
2020,82,"Mühlebach",8,"Kreis 8",5,"Ehepaar ohne Kinder",319,638
2020,82,"Mühlebach",8,"Kreis 8",6,"Eingetragenes Paar ohne Kinder",14,28
2020,82,"Mühlebach",8,"Kreis 8",7,"Ein-Elternhaushalt",130,311
2020,82,"Mühlebach",8,"Kreis 8",8,"Ehepaar mit Kind(ern)",362,1317
2020,82,"Mühlebach",8,"Kreis 8",10,"Paar mit Kind(ern)",59,206
2020,82,"Mühlebach",8,"Kreis 8",11,"Patchwork-Haushalt",14,43
2020,82,"Mühlebach",8,"Kreis 8",12,"Wohngemeinschaft ohne Kinder",131,462
2020,82,"Mühlebach",8,"Kreis 8",13,"Wohngemeinschaft mit Kind(ern)",66,324
2020,82,"Mühlebach",8,"Kreis 8",14,"Generationenhaushalt",9,44
2020,83,"Weinegg",8,"Kreis 8",1,"Einpersonenhaushalt",1091,1091
2020,83,"Weinegg",8,"Kreis 8",4,"Zweipersonenhaushalt",342,684
2020,83,"Weinegg",8,"Kreis 8",5,"Ehepaar ohne Kinder",300,600
2020,83,"Weinegg",8,"Kreis 8",6,"Eingetragenes Paar ohne Kinder",12,24
2020,83,"Weinegg",8,"Kreis 8",7,"Ein-Elternhaushalt",129,306
2020,83,"Weinegg",8,"Kreis 8",8,"Ehepaar mit Kind(ern)",364,1351
2020,83,"Weinegg",8,"Kreis 8",9,"Eingetragenes Paar mit Kind(ern)",1,3
2020,83,"Weinegg",8,"Kreis 8",10,"Paar mit Kind(ern)",61,206
2020,83,"Weinegg",8,"Kreis 8",11,"Patchwork-Haushalt",16,54
2020,83,"Weinegg",8,"Kreis 8",12,"Wohngemeinschaft ohne Kinder",80,268
2020,83,"Weinegg",8,"Kreis 8",13,"Wohngemeinschaft mit Kind(ern)",58,308
2020,83,"Weinegg",8,"Kreis 8",14,"Generationenhaushalt",7,30
2020,91,"Albisrieden",9,"Kreis 9",1,"Einpersonenhaushalt",4724,4724
2020,91,"Albisrieden",9,"Kreis 9",4,"Zweipersonenhaushalt",1481,2962
2020,91,"Albisrieden",9,"Kreis 9",5,"Ehepaar ohne Kinder",1413,2826
2020,91,"Albisrieden",9,"Kreis 9",6,"Eingetragenes Paar ohne Kinder",46,92
2020,91,"Albisrieden",9,"Kreis 9",7,"Ein-Elternhaushalt",525,1245
2020,91,"Albisrieden",9,"Kreis 9",8,"Ehepaar mit Kind(ern)",1727,6414
2020,91,"Albisrieden",9,"Kreis 9",9,"Eingetragenes Paar mit Kind(ern)",2,8
2020,91,"Albisrieden",9,"Kreis 9",10,"Paar mit Kind(ern)",436,1534
2020,91,"Albisrieden",9,"Kreis 9",11,"Patchwork-Haushalt",48,156
2020,91,"Albisrieden",9,"Kreis 9",12,"Wohngemeinschaft ohne Kinder",300,1013
2020,91,"Albisrieden",9,"Kreis 9",13,"Wohngemeinschaft mit Kind(ern)",136,626
2020,91,"Albisrieden",9,"Kreis 9",14,"Generationenhaushalt",39,203
2020,92,"Altstetten",9,"Kreis 9",1,"Einpersonenhaushalt",7515,7515
2020,92,"Altstetten",9,"Kreis 9",4,"Zweipersonenhaushalt",2537,5074
2020,92,"Altstetten",9,"Kreis 9",5,"Ehepaar ohne Kinder",2099,4199
2020,92,"Altstetten",9,"Kreis 9",6,"Eingetragenes Paar ohne Kinder",81,162
2020,92,"Altstetten",9,"Kreis 9",7,"Ein-Elternhaushalt",786,1900
2020,92,"Altstetten",9,"Kreis 9",8,"Ehepaar mit Kind(ern)",2424,9116
2020,92,"Altstetten",9,"Kreis 9",9,"Eingetragenes Paar mit Kind(ern)",2,9
2020,92,"Altstetten",9,"Kreis 9",10,"Paar mit Kind(ern)",360,1240
2020,92,"Altstetten",9,"Kreis 9",11,"Patchwork-Haushalt",96,329
2020,92,"Altstetten",9,"Kreis 9",12,"Wohngemeinschaft ohne Kinder",617,2087
2020,92,"Altstetten",9,"Kreis 9",13,"Wohngemeinschaft mit Kind(ern)",253,1190
2020,92,"Altstetten",9,"Kreis 9",14,"Generationenhaushalt",99,510
2020,101,"Höngg",10,"Kreis 10",1,"Einpersonenhaushalt",4600,4600
2020,101,"Höngg",10,"Kreis 10",4,"Zweipersonenhaushalt",1574,3148
2020,101,"Höngg",10,"Kreis 10",5,"Ehepaar ohne Kinder",1599,3198
2020,101,"Höngg",10,"Kreis 10",6,"Eingetragenes Paar ohne Kinder",41,82
2020,101,"Höngg",10,"Kreis 10",7,"Ein-Elternhaushalt",598,1464
2020,101,"Höngg",10,"Kreis 10",8,"Ehepaar mit Kind(ern)",1886,7093
2020,101,"Höngg",10,"Kreis 10",9,"Eingetragenes Paar mit Kind(ern)",2,9
2020,101,"Höngg",10,"Kreis 10",10,"Paar mit Kind(ern)",370,1306
2020,101,"Höngg",10,"Kreis 10",11,"Patchwork-Haushalt",34,111
2020,101,"Höngg",10,"Kreis 10",12,"Wohngemeinschaft ohne Kinder",328,1143
2020,101,"Höngg",10,"Kreis 10",13,"Wohngemeinschaft mit Kind(ern)",152,703
2020,101,"Höngg",10,"Kreis 10",14,"Generationenhaushalt",38,180
2020,101,"Höngg",10,"Kreis 10",15,"Familien-Verbund",1,4
2020,102,"Wipkingen",10,"Kreis 10",1,"Einpersonenhaushalt",4207,4207
2020,102,"Wipkingen",10,"Kreis 10",4,"Zweipersonenhaushalt",1638,3276
2020,102,"Wipkingen",10,"Kreis 10",5,"Ehepaar ohne Kinder",695,1390
2020,102,"Wipkingen",10,"Kreis 10",6,"Eingetragenes Paar ohne Kinder",52,104
2020,102,"Wipkingen",10,"Kreis 10",7,"Ein-Elternhaushalt",369,856
2020,102,"Wipkingen",10,"Kreis 10",8,"Ehepaar mit Kind(ern)",868,3204
2020,102,"Wipkingen",10,"Kreis 10",10,"Paar mit Kind(ern)",342,1197
2020,102,"Wipkingen",10,"Kreis 10",11,"Patchwork-Haushalt",30,102
2020,102,"Wipkingen",10,"Kreis 10",12,"Wohngemeinschaft ohne Kinder",343,1175
2020,102,"Wipkingen",10,"Kreis 10",13,"Wohngemeinschaft mit Kind(ern)",90,443
2020,102,"Wipkingen",10,"Kreis 10",14,"Generationenhaushalt",19,81
2020,111,"Affoltern",11,"Kreis 11",1,"Einpersonenhaushalt",4233,4233
2020,111,"Affoltern",11,"Kreis 11",4,"Zweipersonenhaushalt",1377,2754
2020,111,"Affoltern",11,"Kreis 11",5,"Ehepaar ohne Kinder",1658,3316
2020,111,"Affoltern",11,"Kreis 11",6,"Eingetragenes Paar ohne Kinder",28,56
2020,111,"Affoltern",11,"Kreis 11",7,"Ein-Elternhaushalt",753,1883
2020,111,"Affoltern",11,"Kreis 11",8,"Ehepaar mit Kind(ern)",2440,9326
2020,111,"Affoltern",11,"Kreis 11",9,"Eingetragenes Paar mit Kind(ern)",4,14
2020,111,"Affoltern",11,"Kreis 11",10,"Paar mit Kind(ern)",265,962
2020,111,"Affoltern",11,"Kreis 11",11,"Patchwork-Haushalt",76,251
2020,111,"Affoltern",11,"Kreis 11",12,"Wohngemeinschaft ohne Kinder",390,1314
2020,111,"Affoltern",11,"Kreis 11",13,"Wohngemeinschaft mit Kind(ern)",216,968
2020,111,"Affoltern",11,"Kreis 11",14,"Generationenhaushalt",109,581
2020,115,"Oerlikon",11,"Kreis 11",1,"Einpersonenhaushalt",5035,5035
2020,115,"Oerlikon",11,"Kreis 11",4,"Zweipersonenhaushalt",2034,4068
2020,115,"Oerlikon",11,"Kreis 11",5,"Ehepaar ohne Kinder",1193,2386
2020,115,"Oerlikon",11,"Kreis 11",6,"Eingetragenes Paar ohne Kinder",54,108
2020,115,"Oerlikon",11,"Kreis 11",7,"Ein-Elternhaushalt",437,1084
2020,115,"Oerlikon",11,"Kreis 11",8,"Ehepaar mit Kind(ern)",1479,5510
2020,115,"Oerlikon",11,"Kreis 11",9,"Eingetragenes Paar mit Kind(ern)",2,7
2020,115,"Oerlikon",11,"Kreis 11",10,"Paar mit Kind(ern)",240,852
2020,115,"Oerlikon",11,"Kreis 11",11,"Patchwork-Haushalt",36,119
2020,115,"Oerlikon",11,"Kreis 11",12,"Wohngemeinschaft ohne Kinder",646,2160
2020,115,"Oerlikon",11,"Kreis 11",13,"Wohngemeinschaft mit Kind(ern)",142,683
2020,115,"Oerlikon",11,"Kreis 11",14,"Generationenhaushalt",38,204
2020,119,"Seebach",11,"Kreis 11",1,"Einpersonenhaushalt",4866,4866
2020,119,"Seebach",11,"Kreis 11",4,"Zweipersonenhaushalt",1491,2982
2020,119,"Seebach",11,"Kreis 11",5,"Ehepaar ohne Kinder",1548,3096
2020,119,"Seebach",11,"Kreis 11",6,"Eingetragenes Paar ohne Kinder",46,92
2020,119,"Seebach",11,"Kreis 11",7,"Ein-Elternhaushalt",640,1622
2020,119,"Seebach",11,"Kreis 11",8,"Ehepaar mit Kind(ern)",2141,8056
2020,119,"Seebach",11,"Kreis 11",10,"Paar mit Kind(ern)",217,773
2020,119,"Seebach",11,"Kreis 11",11,"Patchwork-Haushalt",81,274
2020,119,"Seebach",11,"Kreis 11",12,"Wohngemeinschaft ohne Kinder",594,1983
2020,119,"Seebach",11,"Kreis 11",13,"Wohngemeinschaft mit Kind(ern)",205,967
2020,119,"Seebach",11,"Kreis 11",14,"Generationenhaushalt",86,450
2020,121,"Saatlen",12,"Kreis 12",1,"Einpersonenhaushalt",1077,1077
2020,121,"Saatlen",12,"Kreis 12",4,"Zweipersonenhaushalt",385,770
2020,121,"Saatlen",12,"Kreis 12",5,"Ehepaar ohne Kinder",443,886
2020,121,"Saatlen",12,"Kreis 12",6,"Eingetragenes Paar ohne Kinder",4,8
2020,121,"Saatlen",12,"Kreis 12",7,"Ein-Elternhaushalt",311,841
2020,121,"Saatlen",12,"Kreis 12",8,"Ehepaar mit Kind(ern)",900,3676
2020,121,"Saatlen",12,"Kreis 12",9,"Eingetragenes Paar mit Kind(ern)",1,4
2020,121,"Saatlen",12,"Kreis 12",10,"Paar mit Kind(ern)",106,399
2020,121,"Saatlen",12,"Kreis 12",11,"Patchwork-Haushalt",15,50
2020,121,"Saatlen",12,"Kreis 12",12,"Wohngemeinschaft ohne Kinder",130,509
2020,121,"Saatlen",12,"Kreis 12",13,"Wohngemeinschaft mit Kind(ern)",68,366
2020,121,"Saatlen",12,"Kreis 12",14,"Generationenhaushalt",30,162
2020,122,"Schwamendingen-Mitte",12,"Kreis 12",1,"Einpersonenhaushalt",2539,2539
2020,122,"Schwamendingen-Mitte",12,"Kreis 12",4,"Zweipersonenhaushalt",729,1458
2020,122,"Schwamendingen-Mitte",12,"Kreis 12",5,"Ehepaar ohne Kinder",708,1416
2020,122,"Schwamendingen-Mitte",12,"Kreis 12",6,"Eingetragenes Paar ohne Kinder",17,34
2020,122,"Schwamendingen-Mitte",12,"Kreis 12",7,"Ein-Elternhaushalt",316,743
2020,122,"Schwamendingen-Mitte",12,"Kreis 12",8,"Ehepaar mit Kind(ern)",773,2885
2020,122,"Schwamendingen-Mitte",12,"Kreis 12",9,"Eingetragenes Paar mit Kind(ern)",1,3
2020,122,"Schwamendingen-Mitte",12,"Kreis 12",10,"Paar mit Kind(ern)",92,334
2020,122,"Schwamendingen-Mitte",12,"Kreis 12",11,"Patchwork-Haushalt",19,62
2020,122,"Schwamendingen-Mitte",12,"Kreis 12",12,"Wohngemeinschaft ohne Kinder",260,893
2020,122,"Schwamendingen-Mitte",12,"Kreis 12",13,"Wohngemeinschaft mit Kind(ern)",78,344
2020,122,"Schwamendingen-Mitte",12,"Kreis 12",14,"Generationenhaushalt",47,225
2020,122,"Schwamendingen-Mitte",12,"Kreis 12",15,"Familien-Verbund",1,4
2020,123,"Hirzenbach",12,"Kreis 12",1,"Einpersonenhaushalt",2314,2314
2020,123,"Hirzenbach",12,"Kreis 12",4,"Zweipersonenhaushalt",690,1380
2020,123,"Hirzenbach",12,"Kreis 12",5,"Ehepaar ohne Kinder",748,1496
2020,123,"Hirzenbach",12,"Kreis 12",6,"Eingetragenes Paar ohne Kinder",8,16
2020,123,"Hirzenbach",12,"Kreis 12",7,"Ein-Elternhaushalt",393,987
2020,123,"Hirzenbach",12,"Kreis 12",8,"Ehepaar mit Kind(ern)",1182,4498
2020,123,"Hirzenbach",12,"Kreis 12",9,"Eingetragenes Paar mit Kind(ern)",1,4
2020,123,"Hirzenbach",12,"Kreis 12",10,"Paar mit Kind(ern)",120,442
2020,123,"Hirzenbach",12,"Kreis 12",11,"Patchwork-Haushalt",31,108
2020,123,"Hirzenbach",12,"Kreis 12",12,"Wohngemeinschaft ohne Kinder",237,767
2020,123,"Hirzenbach",12,"Kreis 12",13,"Wohngemeinschaft mit Kind(ern)",93,451
2020,123,"Hirzenbach",12,"Kreis 12",14,"Generationenhaushalt",33,148
2021,11,"Rathaus",1,"Kreis 1",1,"Einpersonenhaushalt",1180,1180
2021,11,"Rathaus",1,"Kreis 1",4,"Zweipersonenhaushalt",272,544
2021,11,"Rathaus",1,"Kreis 1",5,"Ehepaar ohne Kinder",183,366
2021,11,"Rathaus",1,"Kreis 1",6,"Eingetragenes Paar ohne Kinder",13,26
2021,11,"Rathaus",1,"Kreis 1",7,"Ein-Elternhaushalt",58,128
2021,11,"Rathaus",1,"Kreis 1",8,"Ehepaar mit Kind(ern)",112,422
2021,11,"Rathaus",1,"Kreis 1",9,"Eingetragenes Paar mit Kind(ern)",1,3
2021,11,"Rathaus",1,"Kreis 1",10,"Paar mit Kind(ern)",17,64
2021,11,"Rathaus",1,"Kreis 1",11,"Patchwork-Haushalt",10,33
2021,11,"Rathaus",1,"Kreis 1",12,"Wohngemeinschaft ohne Kinder",72,261
2021,11,"Rathaus",1,"Kreis 1",13,"Wohngemeinschaft mit Kind(ern)",11,44
2021,11,"Rathaus",1,"Kreis 1",14,"Generationenhaushalt",3,12
2021,12,"Hochschulen",1,"Kreis 1",1,"Einpersonenhaushalt",144,144
2021,12,"Hochschulen",1,"Kreis 1",4,"Zweipersonenhaushalt",44,88
2021,12,"Hochschulen",1,"Kreis 1",5,"Ehepaar ohne Kinder",28,56
2021,12,"Hochschulen",1,"Kreis 1",6,"Eingetragenes Paar ohne Kinder",2,4
2021,12,"Hochschulen",1,"Kreis 1",7,"Ein-Elternhaushalt",8,19
2021,12,"Hochschulen",1,"Kreis 1",8,"Ehepaar mit Kind(ern)",17,62
2021,12,"Hochschulen",1,"Kreis 1",10,"Paar mit Kind(ern)",5,17
2021,12,"Hochschulen",1,"Kreis 1",11,"Patchwork-Haushalt",1,4
2021,12,"Hochschulen",1,"Kreis 1",12,"Wohngemeinschaft ohne Kinder",10,41
2021,12,"Hochschulen",1,"Kreis 1",13,"Wohngemeinschaft mit Kind(ern)",4,18
2021,13,"Lindenhof",1,"Kreis 1",1,"Einpersonenhaushalt",370,370
2021,13,"Lindenhof",1,"Kreis 1",4,"Zweipersonenhaushalt",104,208
2021,13,"Lindenhof",1,"Kreis 1",5,"Ehepaar ohne Kinder",52,104
2021,13,"Lindenhof",1,"Kreis 1",6,"Eingetragenes Paar ohne Kinder",5,10
2021,13,"Lindenhof",1,"Kreis 1",7,"Ein-Elternhaushalt",29,71
2021,13,"Lindenhof",1,"Kreis 1",8,"Ehepaar mit Kind(ern)",38,143
2021,13,"Lindenhof",1,"Kreis 1",10,"Paar mit Kind(ern)",3,9
2021,13,"Lindenhof",1,"Kreis 1",11,"Patchwork-Haushalt",2,9
2021,13,"Lindenhof",1,"Kreis 1",12,"Wohngemeinschaft ohne Kinder",16,60
2021,13,"Lindenhof",1,"Kreis 1",13,"Wohngemeinschaft mit Kind(ern)",6,26
2021,14,"City",1,"Kreis 1",1,"Einpersonenhaushalt",114,114
2021,14,"City",1,"Kreis 1",4,"Zweipersonenhaushalt",51,102
2021,14,"City",1,"Kreis 1",5,"Ehepaar ohne Kinder",34,68
2021,14,"City",1,"Kreis 1",6,"Eingetragenes Paar ohne Kinder",3,6
2021,14,"City",1,"Kreis 1",7,"Ein-Elternhaushalt",11,28
2021,14,"City",1,"Kreis 1",8,"Ehepaar mit Kind(ern)",46,167
2021,14,"City",1,"Kreis 1",10,"Paar mit Kind(ern)",11,37
2021,14,"City",1,"Kreis 1",11,"Patchwork-Haushalt",3,11
2021,14,"City",1,"Kreis 1",12,"Wohngemeinschaft ohne Kinder",25,97
2021,14,"City",1,"Kreis 1",13,"Wohngemeinschaft mit Kind(ern)",8,50
2021,14,"City",1,"Kreis 1",14,"Generationenhaushalt",3,19
2021,21,"Wollishofen",2,"Kreis 2",1,"Einpersonenhaushalt",4077,4077
2021,21,"Wollishofen",2,"Kreis 2",4,"Zweipersonenhaushalt",1317,2634
2021,21,"Wollishofen",2,"Kreis 2",5,"Ehepaar ohne Kinder",1112,2224
2021,21,"Wollishofen",2,"Kreis 2",6,"Eingetragenes Paar ohne Kinder",34,68
2021,21,"Wollishofen",2,"Kreis 2",7,"Ein-Elternhaushalt",486,1186
2021,21,"Wollishofen",2,"Kreis 2",8,"Ehepaar mit Kind(ern)",1577,5973
2021,21,"Wollishofen",2,"Kreis 2",9,"Eingetragenes Paar mit Kind(ern)",3,10
2021,21,"Wollishofen",2,"Kreis 2",10,"Paar mit Kind(ern)",365,1304
2021,21,"Wollishofen",2,"Kreis 2",11,"Patchwork-Haushalt",41,138
2021,21,"Wollishofen",2,"Kreis 2",12,"Wohngemeinschaft ohne Kinder",256,859
2021,21,"Wollishofen",2,"Kreis 2",13,"Wohngemeinschaft mit Kind(ern)",139,666
2021,21,"Wollishofen",2,"Kreis 2",14,"Generationenhaushalt",37,180
2021,23,"Leimbach",2,"Kreis 2",1,"Einpersonenhaushalt",904,904
2021,23,"Leimbach",2,"Kreis 2",4,"Zweipersonenhaushalt",247,494
2021,23,"Leimbach",2,"Kreis 2",5,"Ehepaar ohne Kinder",362,724
2021,23,"Leimbach",2,"Kreis 2",6,"Eingetragenes Paar ohne Kinder",5,10
2021,23,"Leimbach",2,"Kreis 2",7,"Ein-Elternhaushalt",176,521
2021,23,"Leimbach",2,"Kreis 2",8,"Ehepaar mit Kind(ern)",588,2336
2021,23,"Leimbach",2,"Kreis 2",10,"Paar mit Kind(ern)",76,285
2021,23,"Leimbach",2,"Kreis 2",11,"Patchwork-Haushalt",23,83
2021,23,"Leimbach",2,"Kreis 2",12,"Wohngemeinschaft ohne Kinder",102,358
2021,23,"Leimbach",2,"Kreis 2",13,"Wohngemeinschaft mit Kind(ern)",81,415
2021,23,"Leimbach",2,"Kreis 2",14,"Generationenhaushalt",16,91
2021,24,"Enge",2,"Kreis 2",1,"Einpersonenhaushalt",2007,2007
2021,24,"Enge",2,"Kreis 2",4,"Zweipersonenhaushalt",761,1522
2021,24,"Enge",2,"Kreis 2",5,"Ehepaar ohne Kinder",509,1018
2021,24,"Enge",2,"Kreis 2",6,"Eingetragenes Paar ohne Kinder",24,48
2021,24,"Enge",2,"Kreis 2",7,"Ein-Elternhaushalt",149,357
2021,24,"Enge",2,"Kreis 2",8,"Ehepaar mit Kind(ern)",680,2656
2021,24,"Enge",2,"Kreis 2",9,"Eingetragenes Paar mit Kind(ern)",1,3
2021,24,"Enge",2,"Kreis 2",10,"Paar mit Kind(ern)",150,520
2021,24,"Enge",2,"Kreis 2",11,"Patchwork-Haushalt",25,82
2021,24,"Enge",2,"Kreis 2",12,"Wohngemeinschaft ohne Kinder",202,688
2021,24,"Enge",2,"Kreis 2",13,"Wohngemeinschaft mit Kind(ern)",71,343
2021,24,"Enge",2,"Kreis 2",14,"Generationenhaushalt",16,100
2021,31,"Alt-Wiedikon",3,"Kreis 3",1,"Einpersonenhaushalt",4384,4384
2021,31,"Alt-Wiedikon",3,"Kreis 3",4,"Zweipersonenhaushalt",1657,3314
2021,31,"Alt-Wiedikon",3,"Kreis 3",5,"Ehepaar ohne Kinder",743,1486
2021,31,"Alt-Wiedikon",3,"Kreis 3",6,"Eingetragenes Paar ohne Kinder",48,96
2021,31,"Alt-Wiedikon",3,"Kreis 3",7,"Ein-Elternhaushalt",241,581
2021,31,"Alt-Wiedikon",3,"Kreis 3",8,"Ehepaar mit Kind(ern)",1024,4065
2021,31,"Alt-Wiedikon",3,"Kreis 3",9,"Eingetragenes Paar mit Kind(ern)",2,7
2021,31,"Alt-Wiedikon",3,"Kreis 3",10,"Paar mit Kind(ern)",248,857
2021,31,"Alt-Wiedikon",3,"Kreis 3",11,"Patchwork-Haushalt",40,133
2021,31,"Alt-Wiedikon",3,"Kreis 3",12,"Wohngemeinschaft ohne Kinder",357,1194
2021,31,"Alt-Wiedikon",3,"Kreis 3",13,"Wohngemeinschaft mit Kind(ern)",111,577
2021,31,"Alt-Wiedikon",3,"Kreis 3",14,"Generationenhaushalt",30,212
2021,33,"Friesenberg",3,"Kreis 3",1,"Einpersonenhaushalt",1406,1406
2021,33,"Friesenberg",3,"Kreis 3",4,"Zweipersonenhaushalt",321,642
2021,33,"Friesenberg",3,"Kreis 3",5,"Ehepaar ohne Kinder",665,1330
2021,33,"Friesenberg",3,"Kreis 3",6,"Eingetragenes Paar ohne Kinder",4,8
2021,33,"Friesenberg",3,"Kreis 3",7,"Ein-Elternhaushalt",370,972
2021,33,"Friesenberg",3,"Kreis 3",8,"Ehepaar mit Kind(ern)",1181,4807
2021,33,"Friesenberg",3,"Kreis 3",9,"Eingetragenes Paar mit Kind(ern)",2,8
2021,33,"Friesenberg",3,"Kreis 3",10,"Paar mit Kind(ern)",192,750
2021,33,"Friesenberg",3,"Kreis 3",11,"Patchwork-Haushalt",17,59
2021,33,"Friesenberg",3,"Kreis 3",12,"Wohngemeinschaft ohne Kinder",60,197
2021,33,"Friesenberg",3,"Kreis 3",13,"Wohngemeinschaft mit Kind(ern)",65,300
2021,33,"Friesenberg",3,"Kreis 3",14,"Generationenhaushalt",28,139
2021,33,"Friesenberg",3,"Kreis 3",15,"Familien-Verbund",1,5
2021,34,"Sihlfeld",3,"Kreis 3",1,"Einpersonenhaushalt",5765,5765
2021,34,"Sihlfeld",3,"Kreis 3",4,"Zweipersonenhaushalt",2230,4460
2021,34,"Sihlfeld",3,"Kreis 3",5,"Ehepaar ohne Kinder",859,1718
2021,34,"Sihlfeld",3,"Kreis 3",6,"Eingetragenes Paar ohne Kinder",48,96
2021,34,"Sihlfeld",3,"Kreis 3",7,"Ein-Elternhaushalt",474,1118
2021,34,"Sihlfeld",3,"Kreis 3",8,"Ehepaar mit Kind(ern)",1079,4205
2021,34,"Sihlfeld",3,"Kreis 3",9,"Eingetragenes Paar mit Kind(ern)",4,13
2021,34,"Sihlfeld",3,"Kreis 3",10,"Paar mit Kind(ern)",327,1130
2021,34,"Sihlfeld",3,"Kreis 3",11,"Patchwork-Haushalt",42,135
2021,34,"Sihlfeld",3,"Kreis 3",12,"Wohngemeinschaft ohne Kinder",444,1446
2021,34,"Sihlfeld",3,"Kreis 3",13,"Wohngemeinschaft mit Kind(ern)",127,668
2021,34,"Sihlfeld",3,"Kreis 3",14,"Generationenhaushalt",52,331
2021,41,"Werd",4,"Kreis 4",1,"Einpersonenhaushalt",1073,1073
2021,41,"Werd",4,"Kreis 4",4,"Zweipersonenhaushalt",532,1064
2021,41,"Werd",4,"Kreis 4",5,"Ehepaar ohne Kinder",147,294
2021,41,"Werd",4,"Kreis 4",6,"Eingetragenes Paar ohne Kinder",14,28
2021,41,"Werd",4,"Kreis 4",7,"Ein-Elternhaushalt",43,101
2021,41,"Werd",4,"Kreis 4",8,"Ehepaar mit Kind(ern)",187,803
2021,41,"Werd",4,"Kreis 4",10,"Paar mit Kind(ern)",66,215
2021,41,"Werd",4,"Kreis 4",11,"Patchwork-Haushalt",10,30
2021,41,"Werd",4,"Kreis 4",12,"Wohngemeinschaft ohne Kinder",126,432
2021,41,"Werd",4,"Kreis 4",13,"Wohngemeinschaft mit Kind(ern)",30,188
2021,41,"Werd",4,"Kreis 4",14,"Generationenhaushalt",13,118
2021,41,"Werd",4,"Kreis 4",15,"Familien-Verbund",1,4
2021,42,"Langstrasse",4,"Kreis 4",1,"Einpersonenhaushalt",3586,3586
2021,42,"Langstrasse",4,"Kreis 4",4,"Zweipersonenhaushalt",1517,3034
2021,42,"Langstrasse",4,"Kreis 4",5,"Ehepaar ohne Kinder",383,766
2021,42,"Langstrasse",4,"Kreis 4",6,"Eingetragenes Paar ohne Kinder",52,104
2021,42,"Langstrasse",4,"Kreis 4",7,"Ein-Elternhaushalt",119,273
2021,42,"Langstrasse",4,"Kreis 4",8,"Ehepaar mit Kind(ern)",284,1016
2021,42,"Langstrasse",4,"Kreis 4",10,"Paar mit Kind(ern)",120,409
2021,42,"Langstrasse",4,"Kreis 4",11,"Patchwork-Haushalt",35,111
2021,42,"Langstrasse",4,"Kreis 4",12,"Wohngemeinschaft ohne Kinder",453,1543
2021,42,"Langstrasse",4,"Kreis 4",13,"Wohngemeinschaft mit Kind(ern)",56,258
2021,42,"Langstrasse",4,"Kreis 4",14,"Generationenhaushalt",20,103
2021,44,"Hard",4,"Kreis 4",1,"Einpersonenhaushalt",3057,3057
2021,44,"Hard",4,"Kreis 4",4,"Zweipersonenhaushalt",1292,2584
2021,44,"Hard",4,"Kreis 4",5,"Ehepaar ohne Kinder",468,936
2021,44,"Hard",4,"Kreis 4",6,"Eingetragenes Paar ohne Kinder",26,52
2021,44,"Hard",4,"Kreis 4",7,"Ein-Elternhaushalt",346,834
2021,44,"Hard",4,"Kreis 4",8,"Ehepaar mit Kind(ern)",661,2490
2021,44,"Hard",4,"Kreis 4",9,"Eingetragenes Paar mit Kind(ern)",1,3
2021,44,"Hard",4,"Kreis 4",10,"Paar mit Kind(ern)",158,563
2021,44,"Hard",4,"Kreis 4",11,"Patchwork-Haushalt",40,125
2021,44,"Hard",4,"Kreis 4",12,"Wohngemeinschaft ohne Kinder",350,1137
2021,44,"Hard",4,"Kreis 4",13,"Wohngemeinschaft mit Kind(ern)",75,340
2021,44,"Hard",4,"Kreis 4",14,"Generationenhaushalt",42,206
2021,44,"Hard",4,"Kreis 4",15,"Familien-Verbund",1,5
2021,51,"Gewerbeschule",5,"Kreis 5",1,"Einpersonenhaushalt",2420,2420
2021,51,"Gewerbeschule",5,"Kreis 5",4,"Zweipersonenhaushalt",1102,2204
2021,51,"Gewerbeschule",5,"Kreis 5",5,"Ehepaar ohne Kinder",331,662
2021,51,"Gewerbeschule",5,"Kreis 5",6,"Eingetragenes Paar ohne Kinder",32,64
2021,51,"Gewerbeschule",5,"Kreis 5",7,"Ein-Elternhaushalt",197,489
2021,51,"Gewerbeschule",5,"Kreis 5",8,"Ehepaar mit Kind(ern)",386,1460
2021,51,"Gewerbeschule",5,"Kreis 5",10,"Paar mit Kind(ern)",131,467
2021,51,"Gewerbeschule",5,"Kreis 5",11,"Patchwork-Haushalt",30,95
2021,51,"Gewerbeschule",5,"Kreis 5",12,"Wohngemeinschaft ohne Kinder",280,953
2021,51,"Gewerbeschule",5,"Kreis 5",13,"Wohngemeinschaft mit Kind(ern)",61,281
2021,51,"Gewerbeschule",5,"Kreis 5",14,"Generationenhaushalt",28,153
2021,52,"Escher Wyss",5,"Kreis 5",1,"Einpersonenhaushalt",1099,1099
2021,52,"Escher Wyss",5,"Kreis 5",4,"Zweipersonenhaushalt",704,1408
2021,52,"Escher Wyss",5,"Kreis 5",5,"Ehepaar ohne Kinder",294,588
2021,52,"Escher Wyss",5,"Kreis 5",6,"Eingetragenes Paar ohne Kinder",50,100
2021,52,"Escher Wyss",5,"Kreis 5",7,"Ein-Elternhaushalt",87,199
2021,52,"Escher Wyss",5,"Kreis 5",8,"Ehepaar mit Kind(ern)",335,1205
2021,52,"Escher Wyss",5,"Kreis 5",9,"Eingetragenes Paar mit Kind(ern)",3,11
2021,52,"Escher Wyss",5,"Kreis 5",10,"Paar mit Kind(ern)",125,431
2021,52,"Escher Wyss",5,"Kreis 5",11,"Patchwork-Haushalt",22,77
2021,52,"Escher Wyss",5,"Kreis 5",12,"Wohngemeinschaft ohne Kinder",242,807
2021,52,"Escher Wyss",5,"Kreis 5",13,"Wohngemeinschaft mit Kind(ern)",40,201
2021,52,"Escher Wyss",5,"Kreis 5",14,"Generationenhaushalt",6,29
2021,61,"Unterstrass",6,"Kreis 6",1,"Einpersonenhaushalt",5001,5001
2021,61,"Unterstrass",6,"Kreis 6",4,"Zweipersonenhaushalt",2133,4266
2021,61,"Unterstrass",6,"Kreis 6",5,"Ehepaar ohne Kinder",1154,2308
2021,61,"Unterstrass",6,"Kreis 6",6,"Eingetragenes Paar ohne Kinder",62,124
2021,61,"Unterstrass",6,"Kreis 6",7,"Ein-Elternhaushalt",545,1328
2021,61,"Unterstrass",6,"Kreis 6",8,"Ehepaar mit Kind(ern)",1708,6544
2021,61,"Unterstrass",6,"Kreis 6",9,"Eingetragenes Paar mit Kind(ern)",4,13
2021,61,"Unterstrass",6,"Kreis 6",10,"Paar mit Kind(ern)",455,1624
2021,61,"Unterstrass",6,"Kreis 6",11,"Patchwork-Haushalt",42,140
2021,61,"Unterstrass",6,"Kreis 6",12,"Wohngemeinschaft ohne Kinder",556,1874
2021,61,"Unterstrass",6,"Kreis 6",13,"Wohngemeinschaft mit Kind(ern)",134,590
2021,61,"Unterstrass",6,"Kreis 6",14,"Generationenhaushalt",23,103
2021,63,"Oberstrass",6,"Kreis 6",1,"Einpersonenhaushalt",2516,2516
2021,63,"Oberstrass",6,"Kreis 6",4,"Zweipersonenhaushalt",746,1492
2021,63,"Oberstrass",6,"Kreis 6",5,"Ehepaar ohne Kinder",601,1202
2021,63,"Oberstrass",6,"Kreis 6",6,"Eingetragenes Paar ohne Kinder",22,44
2021,63,"Oberstrass",6,"Kreis 6",7,"Ein-Elternhaushalt",199,474
2021,63,"Oberstrass",6,"Kreis 6",8,"Ehepaar mit Kind(ern)",722,2703
2021,63,"Oberstrass",6,"Kreis 6",9,"Eingetragenes Paar mit Kind(ern)",1,3
2021,63,"Oberstrass",6,"Kreis 6",10,"Paar mit Kind(ern)",185,659
2021,63,"Oberstrass",6,"Kreis 6",11,"Patchwork-Haushalt",12,41
2021,63,"Oberstrass",6,"Kreis 6",12,"Wohngemeinschaft ohne Kinder",233,833
2021,63,"Oberstrass",6,"Kreis 6",13,"Wohngemeinschaft mit Kind(ern)",64,283
2021,63,"Oberstrass",6,"Kreis 6",14,"Generationenhaushalt",10,56
2021,71,"Fluntern",7,"Kreis 7",1,"Einpersonenhaushalt",1521,1521
2021,71,"Fluntern",7,"Kreis 7",4,"Zweipersonenhaushalt",423,846
2021,71,"Fluntern",7,"Kreis 7",5,"Ehepaar ohne Kinder",613,1226
2021,71,"Fluntern",7,"Kreis 7",6,"Eingetragenes Paar ohne Kinder",28,56
2021,71,"Fluntern",7,"Kreis 7",7,"Ein-Elternhaushalt",173,435
2021,71,"Fluntern",7,"Kreis 7",8,"Ehepaar mit Kind(ern)",734,2777
2021,71,"Fluntern",7,"Kreis 7",9,"Eingetragenes Paar mit Kind(ern)",1,4
2021,71,"Fluntern",7,"Kreis 7",10,"Paar mit Kind(ern)",119,417
2021,71,"Fluntern",7,"Kreis 7",11,"Patchwork-Haushalt",22,84
2021,71,"Fluntern",7,"Kreis 7",12,"Wohngemeinschaft ohne Kinder",164,584
2021,71,"Fluntern",7,"Kreis 7",13,"Wohngemeinschaft mit Kind(ern)",77,346
2021,71,"Fluntern",7,"Kreis 7",14,"Generationenhaushalt",13,62
2021,71,"Fluntern",7,"Kreis 7",15,"Familien-Verbund",1,5
2021,72,"Hottingen",7,"Kreis 7",1,"Einpersonenhaushalt",2429,2429
2021,72,"Hottingen",7,"Kreis 7",4,"Zweipersonenhaushalt",744,1488
2021,72,"Hottingen",7,"Kreis 7",5,"Ehepaar ohne Kinder",632,1264
2021,72,"Hottingen",7,"Kreis 7",6,"Eingetragenes Paar ohne Kinder",30,60
2021,72,"Hottingen",7,"Kreis 7",7,"Ein-Elternhaushalt",215,517
2021,72,"Hottingen",7,"Kreis 7",8,"Ehepaar mit Kind(ern)",822,3102
2021,72,"Hottingen",7,"Kreis 7",10,"Paar mit Kind(ern)",183,652
2021,72,"Hottingen",7,"Kreis 7",11,"Patchwork-Haushalt",26,87
2021,72,"Hottingen",7,"Kreis 7",12,"Wohngemeinschaft ohne Kinder",189,661
2021,72,"Hottingen",7,"Kreis 7",13,"Wohngemeinschaft mit Kind(ern)",95,450
2021,72,"Hottingen",7,"Kreis 7",14,"Generationenhaushalt",15,74
2021,73,"Hirslanden",7,"Kreis 7",1,"Einpersonenhaushalt",1782,1782
2021,73,"Hirslanden",7,"Kreis 7",4,"Zweipersonenhaushalt",515,1030
2021,73,"Hirslanden",7,"Kreis 7",5,"Ehepaar ohne Kinder",413,826
2021,73,"Hirslanden",7,"Kreis 7",6,"Eingetragenes Paar ohne Kinder",14,28
2021,73,"Hirslanden",7,"Kreis 7",7,"Ein-Elternhaushalt",153,352
2021,73,"Hirslanden",7,"Kreis 7",8,"Ehepaar mit Kind(ern)",463,1716
2021,73,"Hirslanden",7,"Kreis 7",10,"Paar mit Kind(ern)",109,384
2021,73,"Hirslanden",7,"Kreis 7",11,"Patchwork-Haushalt",15,48
2021,73,"Hirslanden",7,"Kreis 7",12,"Wohngemeinschaft ohne Kinder",131,435
2021,73,"Hirslanden",7,"Kreis 7",13,"Wohngemeinschaft mit Kind(ern)",52,264
2021,73,"Hirslanden",7,"Kreis 7",14,"Generationenhaushalt",12,64
2021,74,"Witikon",7,"Kreis 7",1,"Einpersonenhaushalt",2289,2289
2021,74,"Witikon",7,"Kreis 7",4,"Zweipersonenhaushalt",550,1100
2021,74,"Witikon",7,"Kreis 7",5,"Ehepaar ohne Kinder",876,1752
2021,74,"Witikon",7,"Kreis 7",6,"Eingetragenes Paar ohne Kinder",18,36
2021,74,"Witikon",7,"Kreis 7",7,"Ein-Elternhaushalt",274,661
2021,74,"Witikon",7,"Kreis 7",8,"Ehepaar mit Kind(ern)",925,3532
2021,74,"Witikon",7,"Kreis 7",9,"Eingetragenes Paar mit Kind(ern)",2,6
2021,74,"Witikon",7,"Kreis 7",10,"Paar mit Kind(ern)",135,480
2021,74,"Witikon",7,"Kreis 7",11,"Patchwork-Haushalt",17,58
2021,74,"Witikon",7,"Kreis 7",12,"Wohngemeinschaft ohne Kinder",136,457
2021,74,"Witikon",7,"Kreis 7",13,"Wohngemeinschaft mit Kind(ern)",83,380
2021,74,"Witikon",7,"Kreis 7",14,"Generationenhaushalt",14,68
2021,81,"Seefeld",8,"Kreis 8",1,"Einpersonenhaushalt",1768,1768
2021,81,"Seefeld",8,"Kreis 8",4,"Zweipersonenhaushalt",521,1042
2021,81,"Seefeld",8,"Kreis 8",5,"Ehepaar ohne Kinder",307,614
2021,81,"Seefeld",8,"Kreis 8",6,"Eingetragenes Paar ohne Kinder",15,30
2021,81,"Seefeld",8,"Kreis 8",7,"Ein-Elternhaushalt",128,310
2021,81,"Seefeld",8,"Kreis 8",8,"Ehepaar mit Kind(ern)",312,1134
2021,81,"Seefeld",8,"Kreis 8",9,"Eingetragenes Paar mit Kind(ern)",1,4
2021,81,"Seefeld",8,"Kreis 8",10,"Paar mit Kind(ern)",82,283
2021,81,"Seefeld",8,"Kreis 8",11,"Patchwork-Haushalt",11,35
2021,81,"Seefeld",8,"Kreis 8",12,"Wohngemeinschaft ohne Kinder",106,352
2021,81,"Seefeld",8,"Kreis 8",13,"Wohngemeinschaft mit Kind(ern)",43,194
2021,81,"Seefeld",8,"Kreis 8",14,"Generationenhaushalt",5,27
2021,82,"Mühlebach",8,"Kreis 8",1,"Einpersonenhaushalt",1790,1790
2021,82,"Mühlebach",8,"Kreis 8",4,"Zweipersonenhaushalt",508,1016
2021,82,"Mühlebach",8,"Kreis 8",5,"Ehepaar ohne Kinder",329,658
2021,82,"Mühlebach",8,"Kreis 8",6,"Eingetragenes Paar ohne Kinder",13,26
2021,82,"Mühlebach",8,"Kreis 8",7,"Ein-Elternhaushalt",124,293
2021,82,"Mühlebach",8,"Kreis 8",8,"Ehepaar mit Kind(ern)",357,1313
2021,82,"Mühlebach",8,"Kreis 8",10,"Paar mit Kind(ern)",65,228
2021,82,"Mühlebach",8,"Kreis 8",11,"Patchwork-Haushalt",14,48
2021,82,"Mühlebach",8,"Kreis 8",12,"Wohngemeinschaft ohne Kinder",117,401
2021,82,"Mühlebach",8,"Kreis 8",13,"Wohngemeinschaft mit Kind(ern)",58,275
2021,82,"Mühlebach",8,"Kreis 8",14,"Generationenhaushalt",11,51
2021,83,"Weinegg",8,"Kreis 8",1,"Einpersonenhaushalt",1089,1089
2021,83,"Weinegg",8,"Kreis 8",4,"Zweipersonenhaushalt",347,694
2021,83,"Weinegg",8,"Kreis 8",5,"Ehepaar ohne Kinder",301,602
2021,83,"Weinegg",8,"Kreis 8",6,"Eingetragenes Paar ohne Kinder",14,28
2021,83,"Weinegg",8,"Kreis 8",7,"Ein-Elternhaushalt",119,282
2021,83,"Weinegg",8,"Kreis 8",8,"Ehepaar mit Kind(ern)",361,1346
2021,83,"Weinegg",8,"Kreis 8",9,"Eingetragenes Paar mit Kind(ern)",1,3
2021,83,"Weinegg",8,"Kreis 8",10,"Paar mit Kind(ern)",58,199
2021,83,"Weinegg",8,"Kreis 8",11,"Patchwork-Haushalt",12,38
2021,83,"Weinegg",8,"Kreis 8",12,"Wohngemeinschaft ohne Kinder",82,262
2021,83,"Weinegg",8,"Kreis 8",13,"Wohngemeinschaft mit Kind(ern)",59,303
2021,83,"Weinegg",8,"Kreis 8",14,"Generationenhaushalt",10,50
2021,91,"Albisrieden",9,"Kreis 9",1,"Einpersonenhaushalt",4776,4776
2021,91,"Albisrieden",9,"Kreis 9",4,"Zweipersonenhaushalt",1512,3024
2021,91,"Albisrieden",9,"Kreis 9",5,"Ehepaar ohne Kinder",1363,2726
2021,91,"Albisrieden",9,"Kreis 9",6,"Eingetragenes Paar ohne Kinder",49,98
2021,91,"Albisrieden",9,"Kreis 9",7,"Ein-Elternhaushalt",521,1237
2021,91,"Albisrieden",9,"Kreis 9",8,"Ehepaar mit Kind(ern)",1722,6405
2021,91,"Albisrieden",9,"Kreis 9",9,"Eingetragenes Paar mit Kind(ern)",2,8
2021,91,"Albisrieden",9,"Kreis 9",10,"Paar mit Kind(ern)",452,1613
2021,91,"Albisrieden",9,"Kreis 9",11,"Patchwork-Haushalt",42,135
2021,91,"Albisrieden",9,"Kreis 9",12,"Wohngemeinschaft ohne Kinder",281,955
2021,91,"Albisrieden",9,"Kreis 9",13,"Wohngemeinschaft mit Kind(ern)",133,640
2021,91,"Albisrieden",9,"Kreis 9",14,"Generationenhaushalt",47,239
2021,91,"Albisrieden",9,"Kreis 9",15,"Familien-Verbund",1,5
2021,92,"Altstetten",9,"Kreis 9",1,"Einpersonenhaushalt",7893,7893
2021,92,"Altstetten",9,"Kreis 9",4,"Zweipersonenhaushalt",2562,5124
2021,92,"Altstetten",9,"Kreis 9",5,"Ehepaar ohne Kinder",2038,4076
2021,92,"Altstetten",9,"Kreis 9",6,"Eingetragenes Paar ohne Kinder",81,162
2021,92,"Altstetten",9,"Kreis 9",7,"Ein-Elternhaushalt",772,1890
2021,92,"Altstetten",9,"Kreis 9",8,"Ehepaar mit Kind(ern)",2457,9202
2021,92,"Altstetten",9,"Kreis 9",9,"Eingetragenes Paar mit Kind(ern)",3,13
2021,92,"Altstetten",9,"Kreis 9",10,"Paar mit Kind(ern)",416,1433
2021,92,"Altstetten",9,"Kreis 9",11,"Patchwork-Haushalt",97,326
2021,92,"Altstetten",9,"Kreis 9",12,"Wohngemeinschaft ohne Kinder",637,2161
2021,92,"Altstetten",9,"Kreis 9",13,"Wohngemeinschaft mit Kind(ern)",228,1107
2021,92,"Altstetten",9,"Kreis 9",14,"Generationenhaushalt",91,453
2021,101,"Höngg",10,"Kreis 10",1,"Einpersonenhaushalt",4629,4629
2021,101,"Höngg",10,"Kreis 10",4,"Zweipersonenhaushalt",1525,3050
2021,101,"Höngg",10,"Kreis 10",5,"Ehepaar ohne Kinder",1566,3132
2021,101,"Höngg",10,"Kreis 10",6,"Eingetragenes Paar ohne Kinder",45,90
2021,101,"Höngg",10,"Kreis 10",7,"Ein-Elternhaushalt",610,1490
2021,101,"Höngg",10,"Kreis 10",8,"Ehepaar mit Kind(ern)",1882,7068
2021,101,"Höngg",10,"Kreis 10",9,"Eingetragenes Paar mit Kind(ern)",3,13
2021,101,"Höngg",10,"Kreis 10",10,"Paar mit Kind(ern)",385,1370
2021,101,"Höngg",10,"Kreis 10",11,"Patchwork-Haushalt",43,141
2021,101,"Höngg",10,"Kreis 10",12,"Wohngemeinschaft ohne Kinder",342,1170
2021,101,"Höngg",10,"Kreis 10",13,"Wohngemeinschaft mit Kind(ern)",149,717
2021,101,"Höngg",10,"Kreis 10",14,"Generationenhaushalt",32,163
2021,101,"Höngg",10,"Kreis 10",15,"Familien-Verbund",1,4
2021,102,"Wipkingen",10,"Kreis 10",1,"Einpersonenhaushalt",4285,4285
2021,102,"Wipkingen",10,"Kreis 10",4,"Zweipersonenhaushalt",1623,3246
2021,102,"Wipkingen",10,"Kreis 10",5,"Ehepaar ohne Kinder",676,1352
2021,102,"Wipkingen",10,"Kreis 10",6,"Eingetragenes Paar ohne Kinder",55,110
2021,102,"Wipkingen",10,"Kreis 10",7,"Ein-Elternhaushalt",363,840
2021,102,"Wipkingen",10,"Kreis 10",8,"Ehepaar mit Kind(ern)",857,3176
2021,102,"Wipkingen",10,"Kreis 10",9,"Eingetragenes Paar mit Kind(ern)",1,3
2021,102,"Wipkingen",10,"Kreis 10",10,"Paar mit Kind(ern)",354,1254
2021,102,"Wipkingen",10,"Kreis 10",11,"Patchwork-Haushalt",27,91
2021,102,"Wipkingen",10,"Kreis 10",12,"Wohngemeinschaft ohne Kinder",319,1088
2021,102,"Wipkingen",10,"Kreis 10",13,"Wohngemeinschaft mit Kind(ern)",95,466
2021,102,"Wipkingen",10,"Kreis 10",14,"Generationenhaushalt",20,90
2021,111,"Affoltern",11,"Kreis 11",1,"Einpersonenhaushalt",4310,4310
2021,111,"Affoltern",11,"Kreis 11",4,"Zweipersonenhaushalt",1315,2630
2021,111,"Affoltern",11,"Kreis 11",5,"Ehepaar ohne Kinder",1602,3204
2021,111,"Affoltern",11,"Kreis 11",6,"Eingetragenes Paar ohne Kinder",28,56
2021,111,"Affoltern",11,"Kreis 11",7,"Ein-Elternhaushalt",791,2002
2021,111,"Affoltern",11,"Kreis 11",8,"Ehepaar mit Kind(ern)",2404,9162
2021,111,"Affoltern",11,"Kreis 11",9,"Eingetragenes Paar mit Kind(ern)",3,11
2021,111,"Affoltern",11,"Kreis 11",10,"Paar mit Kind(ern)",292,1049
2021,111,"Affoltern",11,"Kreis 11",11,"Patchwork-Haushalt",69,235
2021,111,"Affoltern",11,"Kreis 11",12,"Wohngemeinschaft ohne Kinder",418,1403
2021,111,"Affoltern",11,"Kreis 11",13,"Wohngemeinschaft mit Kind(ern)",214,947
2021,111,"Affoltern",11,"Kreis 11",14,"Generationenhaushalt",113,584
2021,115,"Oerlikon",11,"Kreis 11",1,"Einpersonenhaushalt",5210,5210
2021,115,"Oerlikon",11,"Kreis 11",4,"Zweipersonenhaushalt",2066,4132
2021,115,"Oerlikon",11,"Kreis 11",5,"Ehepaar ohne Kinder",1178,2356
2021,115,"Oerlikon",11,"Kreis 11",6,"Eingetragenes Paar ohne Kinder",62,124
2021,115,"Oerlikon",11,"Kreis 11",7,"Ein-Elternhaushalt",452,1147
2021,115,"Oerlikon",11,"Kreis 11",8,"Ehepaar mit Kind(ern)",1450,5400
2021,115,"Oerlikon",11,"Kreis 11",9,"Eingetragenes Paar mit Kind(ern)",2,7
2021,115,"Oerlikon",11,"Kreis 11",10,"Paar mit Kind(ern)",269,947
2021,115,"Oerlikon",11,"Kreis 11",11,"Patchwork-Haushalt",44,147
2021,115,"Oerlikon",11,"Kreis 11",12,"Wohngemeinschaft ohne Kinder",678,2263
2021,115,"Oerlikon",11,"Kreis 11",13,"Wohngemeinschaft mit Kind(ern)",127,613
2021,115,"Oerlikon",11,"Kreis 11",14,"Generationenhaushalt",31,157
2021,119,"Seebach",11,"Kreis 11",1,"Einpersonenhaushalt",5063,5063
2021,119,"Seebach",11,"Kreis 11",4,"Zweipersonenhaushalt",1627,3254
2021,119,"Seebach",11,"Kreis 11",5,"Ehepaar ohne Kinder",1592,3184
2021,119,"Seebach",11,"Kreis 11",6,"Eingetragenes Paar ohne Kinder",54,108
2021,119,"Seebach",11,"Kreis 11",7,"Ein-Elternhaushalt",641,1606
2021,119,"Seebach",11,"Kreis 11",8,"Ehepaar mit Kind(ern)",2177,8248
2021,119,"Seebach",11,"Kreis 11",10,"Paar mit Kind(ern)",246,861
2021,119,"Seebach",11,"Kreis 11",11,"Patchwork-Haushalt",69,228
2021,119,"Seebach",11,"Kreis 11",12,"Wohngemeinschaft ohne Kinder",570,1949
2021,119,"Seebach",11,"Kreis 11",13,"Wohngemeinschaft mit Kind(ern)",208,920
2021,119,"Seebach",11,"Kreis 11",14,"Generationenhaushalt",80,426
2021,119,"Seebach",11,"Kreis 11",15,"Familien-Verbund",1,5
2021,121,"Saatlen",12,"Kreis 12",1,"Einpersonenhaushalt",1050,1050
2021,121,"Saatlen",12,"Kreis 12",4,"Zweipersonenhaushalt",372,744
2021,121,"Saatlen",12,"Kreis 12",5,"Ehepaar ohne Kinder",420,840
2021,121,"Saatlen",12,"Kreis 12",6,"Eingetragenes Paar ohne Kinder",7,14
2021,121,"Saatlen",12,"Kreis 12",7,"Ein-Elternhaushalt",315,856
2021,121,"Saatlen",12,"Kreis 12",8,"Ehepaar mit Kind(ern)",900,3668
2021,121,"Saatlen",12,"Kreis 12",9,"Eingetragenes Paar mit Kind(ern)",1,4
2021,121,"Saatlen",12,"Kreis 12",10,"Paar mit Kind(ern)",111,414
2021,121,"Saatlen",12,"Kreis 12",11,"Patchwork-Haushalt",29,102
2021,121,"Saatlen",12,"Kreis 12",12,"Wohngemeinschaft ohne Kinder",156,595
2021,121,"Saatlen",12,"Kreis 12",13,"Wohngemeinschaft mit Kind(ern)",65,337
2021,121,"Saatlen",12,"Kreis 12",14,"Generationenhaushalt",25,134
2021,122,"Schwamendingen-Mitte",12,"Kreis 12",1,"Einpersonenhaushalt",2528,2528
2021,122,"Schwamendingen-Mitte",12,"Kreis 12",4,"Zweipersonenhaushalt",731,1462
2021,122,"Schwamendingen-Mitte",12,"Kreis 12",5,"Ehepaar ohne Kinder",691,1382
2021,122,"Schwamendingen-Mitte",12,"Kreis 12",6,"Eingetragenes Paar ohne Kinder",17,34
2021,122,"Schwamendingen-Mitte",12,"Kreis 12",7,"Ein-Elternhaushalt",315,758
2021,122,"Schwamendingen-Mitte",12,"Kreis 12",8,"Ehepaar mit Kind(ern)",765,2846
2021,122,"Schwamendingen-Mitte",12,"Kreis 12",10,"Paar mit Kind(ern)",99,366
2021,122,"Schwamendingen-Mitte",12,"Kreis 12",11,"Patchwork-Haushalt",19,65
2021,122,"Schwamendingen-Mitte",12,"Kreis 12",12,"Wohngemeinschaft ohne Kinder",275,917
2021,122,"Schwamendingen-Mitte",12,"Kreis 12",13,"Wohngemeinschaft mit Kind(ern)",71,311
2021,122,"Schwamendingen-Mitte",12,"Kreis 12",14,"Generationenhaushalt",37,180
2021,123,"Hirzenbach",12,"Kreis 12",1,"Einpersonenhaushalt",2316,2316
2021,123,"Hirzenbach",12,"Kreis 12",4,"Zweipersonenhaushalt",702,1404
2021,123,"Hirzenbach",12,"Kreis 12",5,"Ehepaar ohne Kinder",731,1462
2021,123,"Hirzenbach",12,"Kreis 12",6,"Eingetragenes Paar ohne Kinder",8,16
2021,123,"Hirzenbach",12,"Kreis 12",7,"Ein-Elternhaushalt",404,1032
2021,123,"Hirzenbach",12,"Kreis 12",8,"Ehepaar mit Kind(ern)",1170,4474
2021,123,"Hirzenbach",12,"Kreis 12",9,"Eingetragenes Paar mit Kind(ern)",1,4
2021,123,"Hirzenbach",12,"Kreis 12",10,"Paar mit Kind(ern)",117,434
2021,123,"Hirzenbach",12,"Kreis 12",11,"Patchwork-Haushalt",32,106
2021,123,"Hirzenbach",12,"Kreis 12",12,"Wohngemeinschaft ohne Kinder",202,666
2021,123,"Hirzenbach",12,"Kreis 12",13,"Wohngemeinschaft mit Kind(ern)",95,444
2021,123,"Hirzenbach",12,"Kreis 12",14,"Generationenhaushalt",34,163
2021,123,"Hirzenbach",12,"Kreis 12",15,"Familien-Verbund",1,6
2022,11,"Rathaus",1,"Kreis 1",1,"Einpersonenhaushalt",1150,1150
2022,11,"Rathaus",1,"Kreis 1",4,"Zweipersonenhaushalt",304,608
2022,11,"Rathaus",1,"Kreis 1",5,"Ehepaar ohne Kinder",184,368
2022,11,"Rathaus",1,"Kreis 1",6,"Eingetragenes Paar ohne Kinder",14,28
2022,11,"Rathaus",1,"Kreis 1",7,"Ein-Elternhaushalt",60,132
2022,11,"Rathaus",1,"Kreis 1",8,"Ehepaar mit Kind(ern)",105,393
2022,11,"Rathaus",1,"Kreis 1",10,"Paar mit Kind(ern)",19,69
2022,11,"Rathaus",1,"Kreis 1",11,"Patchwork-Haushalt",8,26
2022,11,"Rathaus",1,"Kreis 1",12,"Wohngemeinschaft ohne Kinder",78,287
2022,11,"Rathaus",1,"Kreis 1",13,"Wohngemeinschaft mit Kind(ern)",15,68
2022,11,"Rathaus",1,"Kreis 1",14,"Generationenhaushalt",3,11
2022,12,"Hochschulen",1,"Kreis 1",1,"Einpersonenhaushalt",148,148
2022,12,"Hochschulen",1,"Kreis 1",4,"Zweipersonenhaushalt",39,78
2022,12,"Hochschulen",1,"Kreis 1",5,"Ehepaar ohne Kinder",28,56
2022,12,"Hochschulen",1,"Kreis 1",6,"Eingetragenes Paar ohne Kinder",1,2
2022,12,"Hochschulen",1,"Kreis 1",7,"Ein-Elternhaushalt",6,13
2022,12,"Hochschulen",1,"Kreis 1",8,"Ehepaar mit Kind(ern)",17,64
2022,12,"Hochschulen",1,"Kreis 1",10,"Paar mit Kind(ern)",7,23
2022,12,"Hochschulen",1,"Kreis 1",11,"Patchwork-Haushalt",2,8
2022,12,"Hochschulen",1,"Kreis 1",12,"Wohngemeinschaft ohne Kinder",10,40
2022,12,"Hochschulen",1,"Kreis 1",13,"Wohngemeinschaft mit Kind(ern)",4,17
2022,13,"Lindenhof",1,"Kreis 1",1,"Einpersonenhaushalt",365,365
2022,13,"Lindenhof",1,"Kreis 1",4,"Zweipersonenhaushalt",104,208
2022,13,"Lindenhof",1,"Kreis 1",5,"Ehepaar ohne Kinder",54,108
2022,13,"Lindenhof",1,"Kreis 1",6,"Eingetragenes Paar ohne Kinder",2,4
2022,13,"Lindenhof",1,"Kreis 1",7,"Ein-Elternhaushalt",23,54
2022,13,"Lindenhof",1,"Kreis 1",8,"Ehepaar mit Kind(ern)",38,142
2022,13,"Lindenhof",1,"Kreis 1",10,"Paar mit Kind(ern)",5,16
2022,13,"Lindenhof",1,"Kreis 1",11,"Patchwork-Haushalt",3,13
2022,13,"Lindenhof",1,"Kreis 1",12,"Wohngemeinschaft ohne Kinder",20,76
2022,13,"Lindenhof",1,"Kreis 1",13,"Wohngemeinschaft mit Kind(ern)",8,34
2022,14,"City",1,"Kreis 1",1,"Einpersonenhaushalt",133,133
2022,14,"City",1,"Kreis 1",4,"Zweipersonenhaushalt",55,110
2022,14,"City",1,"Kreis 1",5,"Ehepaar ohne Kinder",29,58
2022,14,"City",1,"Kreis 1",6,"Eingetragenes Paar ohne Kinder",2,4
2022,14,"City",1,"Kreis 1",7,"Ein-Elternhaushalt",13,33
2022,14,"City",1,"Kreis 1",8,"Ehepaar mit Kind(ern)",42,157
2022,14,"City",1,"Kreis 1",10,"Paar mit Kind(ern)",9,31
2022,14,"City",1,"Kreis 1",11,"Patchwork-Haushalt",3,11
2022,14,"City",1,"Kreis 1",12,"Wohngemeinschaft ohne Kinder",23,94
2022,14,"City",1,"Kreis 1",13,"Wohngemeinschaft mit Kind(ern)",10,57
2022,14,"City",1,"Kreis 1",14,"Generationenhaushalt",3,17
2022,21,"Wollishofen",2,"Kreis 2",1,"Einpersonenhaushalt",4079,4079
2022,21,"Wollishofen",2,"Kreis 2",4,"Zweipersonenhaushalt",1368,2736
2022,21,"Wollishofen",2,"Kreis 2",5,"Ehepaar ohne Kinder",1127,2254
2022,21,"Wollishofen",2,"Kreis 2",6,"Eingetragenes Paar ohne Kinder",27,54
2022,21,"Wollishofen",2,"Kreis 2",7,"Ein-Elternhaushalt",520,1260
2022,21,"Wollishofen",2,"Kreis 2",8,"Ehepaar mit Kind(ern)",1630,6184
2022,21,"Wollishofen",2,"Kreis 2",9,"Eingetragenes Paar mit Kind(ern)",1,4
2022,21,"Wollishofen",2,"Kreis 2",10,"Paar mit Kind(ern)",375,1344
2022,21,"Wollishofen",2,"Kreis 2",11,"Patchwork-Haushalt",47,152
2022,21,"Wollishofen",2,"Kreis 2",12,"Wohngemeinschaft ohne Kinder",266,907
2022,21,"Wollishofen",2,"Kreis 2",13,"Wohngemeinschaft mit Kind(ern)",174,848
2022,21,"Wollishofen",2,"Kreis 2",14,"Generationenhaushalt",32,154
2022,23,"Leimbach",2,"Kreis 2",1,"Einpersonenhaushalt",951,951
2022,23,"Leimbach",2,"Kreis 2",4,"Zweipersonenhaushalt",282,564
2022,23,"Leimbach",2,"Kreis 2",5,"Ehepaar ohne Kinder",382,764
2022,23,"Leimbach",2,"Kreis 2",6,"Eingetragenes Paar ohne Kinder",6,12
2022,23,"Leimbach",2,"Kreis 2",7,"Ein-Elternhaushalt",180,528
2022,23,"Leimbach",2,"Kreis 2",8,"Ehepaar mit Kind(ern)",624,2487
2022,23,"Leimbach",2,"Kreis 2",10,"Paar mit Kind(ern)",85,324
2022,23,"Leimbach",2,"Kreis 2",11,"Patchwork-Haushalt",15,59
2022,23,"Leimbach",2,"Kreis 2",12,"Wohngemeinschaft ohne Kinder",75,257
2022,23,"Leimbach",2,"Kreis 2",13,"Wohngemeinschaft mit Kind(ern)",67,307
2022,23,"Leimbach",2,"Kreis 2",14,"Generationenhaushalt",18,92
2022,24,"Enge",2,"Kreis 2",1,"Einpersonenhaushalt",1994,1994
2022,24,"Enge",2,"Kreis 2",4,"Zweipersonenhaushalt",810,1620
2022,24,"Enge",2,"Kreis 2",5,"Ehepaar ohne Kinder",504,1008
2022,24,"Enge",2,"Kreis 2",6,"Eingetragenes Paar ohne Kinder",19,38
2022,24,"Enge",2,"Kreis 2",7,"Ein-Elternhaushalt",156,381
2022,24,"Enge",2,"Kreis 2",8,"Ehepaar mit Kind(ern)",684,2669
2022,24,"Enge",2,"Kreis 2",9,"Eingetragenes Paar mit Kind(ern)",1,3
2022,24,"Enge",2,"Kreis 2",10,"Paar mit Kind(ern)",170,578
2022,24,"Enge",2,"Kreis 2",11,"Patchwork-Haushalt",26,84
2022,24,"Enge",2,"Kreis 2",12,"Wohngemeinschaft ohne Kinder",221,770
2022,24,"Enge",2,"Kreis 2",13,"Wohngemeinschaft mit Kind(ern)",76,371
2022,24,"Enge",2,"Kreis 2",14,"Generationenhaushalt",19,107
2022,31,"Alt-Wiedikon",3,"Kreis 3",1,"Einpersonenhaushalt",4472,4472
2022,31,"Alt-Wiedikon",3,"Kreis 3",4,"Zweipersonenhaushalt",1660,3320
2022,31,"Alt-Wiedikon",3,"Kreis 3",5,"Ehepaar ohne Kinder",737,1474
2022,31,"Alt-Wiedikon",3,"Kreis 3",6,"Eingetragenes Paar ohne Kinder",30,60
2022,31,"Alt-Wiedikon",3,"Kreis 3",7,"Ein-Elternhaushalt",258,624
2022,31,"Alt-Wiedikon",3,"Kreis 3",8,"Ehepaar mit Kind(ern)",1028,4104
2022,31,"Alt-Wiedikon",3,"Kreis 3",9,"Eingetragenes Paar mit Kind(ern)",1,4
2022,31,"Alt-Wiedikon",3,"Kreis 3",10,"Paar mit Kind(ern)",256,888
2022,31,"Alt-Wiedikon",3,"Kreis 3",11,"Patchwork-Haushalt",33,109
2022,31,"Alt-Wiedikon",3,"Kreis 3",12,"Wohngemeinschaft ohne Kinder",409,1395
2022,31,"Alt-Wiedikon",3,"Kreis 3",13,"Wohngemeinschaft mit Kind(ern)",132,690
2022,31,"Alt-Wiedikon",3,"Kreis 3",14,"Generationenhaushalt",27,188
2022,33,"Friesenberg",3,"Kreis 3",1,"Einpersonenhaushalt",1430,1430
2022,33,"Friesenberg",3,"Kreis 3",4,"Zweipersonenhaushalt",357,714
2022,33,"Friesenberg",3,"Kreis 3",5,"Ehepaar ohne Kinder",656,1312
2022,33,"Friesenberg",3,"Kreis 3",6,"Eingetragenes Paar ohne Kinder",2,4
2022,33,"Friesenberg",3,"Kreis 3",7,"Ein-Elternhaushalt",374,991
2022,33,"Friesenberg",3,"Kreis 3",8,"Ehepaar mit Kind(ern)",1125,4606
2022,33,"Friesenberg",3,"Kreis 3",9,"Eingetragenes Paar mit Kind(ern)",1,4
2022,33,"Friesenberg",3,"Kreis 3",10,"Paar mit Kind(ern)",192,745
2022,33,"Friesenberg",3,"Kreis 3",11,"Patchwork-Haushalt",19,73
2022,33,"Friesenberg",3,"Kreis 3",12,"Wohngemeinschaft ohne Kinder",69,224
2022,33,"Friesenberg",3,"Kreis 3",13,"Wohngemeinschaft mit Kind(ern)",63,295
2022,33,"Friesenberg",3,"Kreis 3",14,"Generationenhaushalt",27,151
2022,33,"Friesenberg",3,"Kreis 3",15,"Familien-Verbund",1,4
2022,34,"Sihlfeld",3,"Kreis 3",1,"Einpersonenhaushalt",5768,5768
2022,34,"Sihlfeld",3,"Kreis 3",4,"Zweipersonenhaushalt",2186,4372
2022,34,"Sihlfeld",3,"Kreis 3",5,"Ehepaar ohne Kinder",833,1666
2022,34,"Sihlfeld",3,"Kreis 3",6,"Eingetragenes Paar ohne Kinder",35,70
2022,34,"Sihlfeld",3,"Kreis 3",7,"Ein-Elternhaushalt",487,1169
2022,34,"Sihlfeld",3,"Kreis 3",8,"Ehepaar mit Kind(ern)",1062,4146
2022,34,"Sihlfeld",3,"Kreis 3",9,"Eingetragenes Paar mit Kind(ern)",3,11
2022,34,"Sihlfeld",3,"Kreis 3",10,"Paar mit Kind(ern)",334,1158
2022,34,"Sihlfeld",3,"Kreis 3",11,"Patchwork-Haushalt",50,165
2022,34,"Sihlfeld",3,"Kreis 3",12,"Wohngemeinschaft ohne Kinder",508,1654
2022,34,"Sihlfeld",3,"Kreis 3",13,"Wohngemeinschaft mit Kind(ern)",125,663
2022,34,"Sihlfeld",3,"Kreis 3",14,"Generationenhaushalt",53,336
2022,34,"Sihlfeld",3,"Kreis 3",15,"Familien-Verbund",1,8
2022,41,"Werd",4,"Kreis 4",1,"Einpersonenhaushalt",1082,1082
2022,41,"Werd",4,"Kreis 4",4,"Zweipersonenhaushalt",502,1004
2022,41,"Werd",4,"Kreis 4",5,"Ehepaar ohne Kinder",139,278
2022,41,"Werd",4,"Kreis 4",6,"Eingetragenes Paar ohne Kinder",9,18
2022,41,"Werd",4,"Kreis 4",7,"Ein-Elternhaushalt",46,109
2022,41,"Werd",4,"Kreis 4",8,"Ehepaar mit Kind(ern)",185,797
2022,41,"Werd",4,"Kreis 4",10,"Paar mit Kind(ern)",68,221
2022,41,"Werd",4,"Kreis 4",11,"Patchwork-Haushalt",12,36
2022,41,"Werd",4,"Kreis 4",12,"Wohngemeinschaft ohne Kinder",136,476
2022,41,"Werd",4,"Kreis 4",13,"Wohngemeinschaft mit Kind(ern)",39,233
2022,41,"Werd",4,"Kreis 4",14,"Generationenhaushalt",15,122
2022,41,"Werd",4,"Kreis 4",15,"Familien-Verbund",1,4
2022,42,"Langstrasse",4,"Kreis 4",1,"Einpersonenhaushalt",3640,3640
2022,42,"Langstrasse",4,"Kreis 4",4,"Zweipersonenhaushalt",1535,3070
2022,42,"Langstrasse",4,"Kreis 4",5,"Ehepaar ohne Kinder",388,776
2022,42,"Langstrasse",4,"Kreis 4",6,"Eingetragenes Paar ohne Kinder",36,72
2022,42,"Langstrasse",4,"Kreis 4",7,"Ein-Elternhaushalt",118,271
2022,42,"Langstrasse",4,"Kreis 4",8,"Ehepaar mit Kind(ern)",273,958
2022,42,"Langstrasse",4,"Kreis 4",10,"Paar mit Kind(ern)",124,420
2022,42,"Langstrasse",4,"Kreis 4",11,"Patchwork-Haushalt",26,81
2022,42,"Langstrasse",4,"Kreis 4",12,"Wohngemeinschaft ohne Kinder",472,1627
2022,42,"Langstrasse",4,"Kreis 4",13,"Wohngemeinschaft mit Kind(ern)",56,263
2022,42,"Langstrasse",4,"Kreis 4",14,"Generationenhaushalt",24,122
2022,44,"Hard",4,"Kreis 4",1,"Einpersonenhaushalt",3163,3163
2022,44,"Hard",4,"Kreis 4",4,"Zweipersonenhaushalt",1366,2732
2022,44,"Hard",4,"Kreis 4",5,"Ehepaar ohne Kinder",464,928
2022,44,"Hard",4,"Kreis 4",6,"Eingetragenes Paar ohne Kinder",22,44
2022,44,"Hard",4,"Kreis 4",7,"Ein-Elternhaushalt",373,905
2022,44,"Hard",4,"Kreis 4",8,"Ehepaar mit Kind(ern)",652,2469
2022,44,"Hard",4,"Kreis 4",9,"Eingetragenes Paar mit Kind(ern)",1,3
2022,44,"Hard",4,"Kreis 4",10,"Paar mit Kind(ern)",185,659
2022,44,"Hard",4,"Kreis 4",11,"Patchwork-Haushalt",49,156
2022,44,"Hard",4,"Kreis 4",12,"Wohngemeinschaft ohne Kinder",355,1168
2022,44,"Hard",4,"Kreis 4",13,"Wohngemeinschaft mit Kind(ern)",78,364
2022,44,"Hard",4,"Kreis 4",14,"Generationenhaushalt",39,190
2022,44,"Hard",4,"Kreis 4",15,"Familien-Verbund",1,5
2022,51,"Gewerbeschule",5,"Kreis 5",1,"Einpersonenhaushalt",2464,2464
2022,51,"Gewerbeschule",5,"Kreis 5",4,"Zweipersonenhaushalt",1103,2206
2022,51,"Gewerbeschule",5,"Kreis 5",5,"Ehepaar ohne Kinder",303,606
2022,51,"Gewerbeschule",5,"Kreis 5",6,"Eingetragenes Paar ohne Kinder",22,44
2022,51,"Gewerbeschule",5,"Kreis 5",7,"Ein-Elternhaushalt",211,514
2022,51,"Gewerbeschule",5,"Kreis 5",8,"Ehepaar mit Kind(ern)",393,1486
2022,51,"Gewerbeschule",5,"Kreis 5",10,"Paar mit Kind(ern)",137,483
2022,51,"Gewerbeschule",5,"Kreis 5",11,"Patchwork-Haushalt",25,78
2022,51,"Gewerbeschule",5,"Kreis 5",12,"Wohngemeinschaft ohne Kinder",298,1005
2022,51,"Gewerbeschule",5,"Kreis 5",13,"Wohngemeinschaft mit Kind(ern)",64,299
2022,51,"Gewerbeschule",5,"Kreis 5",14,"Generationenhaushalt",24,139
2022,52,"Escher Wyss",5,"Kreis 5",1,"Einpersonenhaushalt",1068,1068
2022,52,"Escher Wyss",5,"Kreis 5",4,"Zweipersonenhaushalt",749,1498
2022,52,"Escher Wyss",5,"Kreis 5",5,"Ehepaar ohne Kinder",293,586
2022,52,"Escher Wyss",5,"Kreis 5",6,"Eingetragenes Paar ohne Kinder",35,70
2022,52,"Escher Wyss",5,"Kreis 5",7,"Ein-Elternhaushalt",80,184
2022,52,"Escher Wyss",5,"Kreis 5",8,"Ehepaar mit Kind(ern)",325,1164
2022,52,"Escher Wyss",5,"Kreis 5",9,"Eingetragenes Paar mit Kind(ern)",3,11
2022,52,"Escher Wyss",5,"Kreis 5",10,"Paar mit Kind(ern)",124,427
2022,52,"Escher Wyss",5,"Kreis 5",11,"Patchwork-Haushalt",22,73
2022,52,"Escher Wyss",5,"Kreis 5",12,"Wohngemeinschaft ohne Kinder",227,772
2022,52,"Escher Wyss",5,"Kreis 5",13,"Wohngemeinschaft mit Kind(ern)",58,291
2022,52,"Escher Wyss",5,"Kreis 5",14,"Generationenhaushalt",4,18
2022,61,"Unterstrass",6,"Kreis 6",1,"Einpersonenhaushalt",5080,5080
2022,61,"Unterstrass",6,"Kreis 6",4,"Zweipersonenhaushalt",2139,4278
2022,61,"Unterstrass",6,"Kreis 6",5,"Ehepaar ohne Kinder",1178,2356
2022,61,"Unterstrass",6,"Kreis 6",6,"Eingetragenes Paar ohne Kinder",40,80
2022,61,"Unterstrass",6,"Kreis 6",7,"Ein-Elternhaushalt",555,1361
2022,61,"Unterstrass",6,"Kreis 6",8,"Ehepaar mit Kind(ern)",1691,6480
2022,61,"Unterstrass",6,"Kreis 6",9,"Eingetragenes Paar mit Kind(ern)",3,9
2022,61,"Unterstrass",6,"Kreis 6",10,"Paar mit Kind(ern)",486,1744
2022,61,"Unterstrass",6,"Kreis 6",11,"Patchwork-Haushalt",54,178
2022,61,"Unterstrass",6,"Kreis 6",12,"Wohngemeinschaft ohne Kinder",605,2036
2022,61,"Unterstrass",6,"Kreis 6",13,"Wohngemeinschaft mit Kind(ern)",145,647
2022,61,"Unterstrass",6,"Kreis 6",14,"Generationenhaushalt",32,171
2022,63,"Oberstrass",6,"Kreis 6",1,"Einpersonenhaushalt",2472,2472
2022,63,"Oberstrass",6,"Kreis 6",4,"Zweipersonenhaushalt",749,1498
2022,63,"Oberstrass",6,"Kreis 6",5,"Ehepaar ohne Kinder",586,1172
2022,63,"Oberstrass",6,"Kreis 6",6,"Eingetragenes Paar ohne Kinder",15,30
2022,63,"Oberstrass",6,"Kreis 6",7,"Ein-Elternhaushalt",201,480
2022,63,"Oberstrass",6,"Kreis 6",8,"Ehepaar mit Kind(ern)",706,2631
2022,63,"Oberstrass",6,"Kreis 6",10,"Paar mit Kind(ern)",192,688
2022,63,"Oberstrass",6,"Kreis 6",11,"Patchwork-Haushalt",15,50
2022,63,"Oberstrass",6,"Kreis 6",12,"Wohngemeinschaft ohne Kinder",251,892
2022,63,"Oberstrass",6,"Kreis 6",13,"Wohngemeinschaft mit Kind(ern)",82,373
2022,63,"Oberstrass",6,"Kreis 6",14,"Generationenhaushalt",10,55
2022,71,"Fluntern",7,"Kreis 7",1,"Einpersonenhaushalt",1491,1491
2022,71,"Fluntern",7,"Kreis 7",4,"Zweipersonenhaushalt",453,906
2022,71,"Fluntern",7,"Kreis 7",5,"Ehepaar ohne Kinder",618,1236
2022,71,"Fluntern",7,"Kreis 7",6,"Eingetragenes Paar ohne Kinder",18,36
2022,71,"Fluntern",7,"Kreis 7",7,"Ein-Elternhaushalt",172,430
2022,71,"Fluntern",7,"Kreis 7",8,"Ehepaar mit Kind(ern)",720,2728
2022,71,"Fluntern",7,"Kreis 7",9,"Eingetragenes Paar mit Kind(ern)",1,4
2022,71,"Fluntern",7,"Kreis 7",10,"Paar mit Kind(ern)",126,443
2022,71,"Fluntern",7,"Kreis 7",11,"Patchwork-Haushalt",23,82
2022,71,"Fluntern",7,"Kreis 7",12,"Wohngemeinschaft ohne Kinder",151,569
2022,71,"Fluntern",7,"Kreis 7",13,"Wohngemeinschaft mit Kind(ern)",100,469
2022,71,"Fluntern",7,"Kreis 7",14,"Generationenhaushalt",14,74
2022,72,"Hottingen",7,"Kreis 7",1,"Einpersonenhaushalt",2436,2436
2022,72,"Hottingen",7,"Kreis 7",4,"Zweipersonenhaushalt",751,1502
2022,72,"Hottingen",7,"Kreis 7",5,"Ehepaar ohne Kinder",606,1212
2022,72,"Hottingen",7,"Kreis 7",6,"Eingetragenes Paar ohne Kinder",25,50
2022,72,"Hottingen",7,"Kreis 7",7,"Ein-Elternhaushalt",206,506
2022,72,"Hottingen",7,"Kreis 7",8,"Ehepaar mit Kind(ern)",804,3043
2022,72,"Hottingen",7,"Kreis 7",10,"Paar mit Kind(ern)",185,673
2022,72,"Hottingen",7,"Kreis 7",11,"Patchwork-Haushalt",36,121
2022,72,"Hottingen",7,"Kreis 7",12,"Wohngemeinschaft ohne Kinder",220,769
2022,72,"Hottingen",7,"Kreis 7",13,"Wohngemeinschaft mit Kind(ern)",94,440
2022,72,"Hottingen",7,"Kreis 7",14,"Generationenhaushalt",16,68
2022,73,"Hirslanden",7,"Kreis 7",1,"Einpersonenhaushalt",1767,1767
2022,73,"Hirslanden",7,"Kreis 7",4,"Zweipersonenhaushalt",566,1132
2022,73,"Hirslanden",7,"Kreis 7",5,"Ehepaar ohne Kinder",382,764
2022,73,"Hirslanden",7,"Kreis 7",6,"Eingetragenes Paar ohne Kinder",9,18
2022,73,"Hirslanden",7,"Kreis 7",7,"Ein-Elternhaushalt",149,351
2022,73,"Hirslanden",7,"Kreis 7",8,"Ehepaar mit Kind(ern)",466,1736
2022,73,"Hirslanden",7,"Kreis 7",10,"Paar mit Kind(ern)",103,364
2022,73,"Hirslanden",7,"Kreis 7",11,"Patchwork-Haushalt",16,51
2022,73,"Hirslanden",7,"Kreis 7",12,"Wohngemeinschaft ohne Kinder",161,534
2022,73,"Hirslanden",7,"Kreis 7",13,"Wohngemeinschaft mit Kind(ern)",65,326
2022,73,"Hirslanden",7,"Kreis 7",14,"Generationenhaushalt",12,63
2022,74,"Witikon",7,"Kreis 7",1,"Einpersonenhaushalt",2297,2297
2022,74,"Witikon",7,"Kreis 7",4,"Zweipersonenhaushalt",554,1108
2022,74,"Witikon",7,"Kreis 7",5,"Ehepaar ohne Kinder",865,1730
2022,74,"Witikon",7,"Kreis 7",6,"Eingetragenes Paar ohne Kinder",12,24
2022,74,"Witikon",7,"Kreis 7",7,"Ein-Elternhaushalt",270,669
2022,74,"Witikon",7,"Kreis 7",8,"Ehepaar mit Kind(ern)",932,3541
2022,74,"Witikon",7,"Kreis 7",9,"Eingetragenes Paar mit Kind(ern)",1,3
2022,74,"Witikon",7,"Kreis 7",10,"Paar mit Kind(ern)",147,520
2022,74,"Witikon",7,"Kreis 7",11,"Patchwork-Haushalt",20,66
2022,74,"Witikon",7,"Kreis 7",12,"Wohngemeinschaft ohne Kinder",141,472
2022,74,"Witikon",7,"Kreis 7",13,"Wohngemeinschaft mit Kind(ern)",99,472
2022,74,"Witikon",7,"Kreis 7",14,"Generationenhaushalt",13,57
2022,81,"Seefeld",8,"Kreis 8",1,"Einpersonenhaushalt",1776,1776
2022,81,"Seefeld",8,"Kreis 8",4,"Zweipersonenhaushalt",522,1044
2022,81,"Seefeld",8,"Kreis 8",5,"Ehepaar ohne Kinder",302,604
2022,81,"Seefeld",8,"Kreis 8",6,"Eingetragenes Paar ohne Kinder",3,6
2022,81,"Seefeld",8,"Kreis 8",7,"Ein-Elternhaushalt",124,294
2022,81,"Seefeld",8,"Kreis 8",8,"Ehepaar mit Kind(ern)",297,1079
2022,81,"Seefeld",8,"Kreis 8",9,"Eingetragenes Paar mit Kind(ern)",1,4
2022,81,"Seefeld",8,"Kreis 8",10,"Paar mit Kind(ern)",81,278
2022,81,"Seefeld",8,"Kreis 8",11,"Patchwork-Haushalt",23,77
2022,81,"Seefeld",8,"Kreis 8",12,"Wohngemeinschaft ohne Kinder",91,309
2022,81,"Seefeld",8,"Kreis 8",13,"Wohngemeinschaft mit Kind(ern)",51,259
2022,81,"Seefeld",8,"Kreis 8",14,"Generationenhaushalt",3,16
2022,82,"Mühlebach",8,"Kreis 8",1,"Einpersonenhaushalt",1794,1794
2022,82,"Mühlebach",8,"Kreis 8",4,"Zweipersonenhaushalt",522,1044
2022,82,"Mühlebach",8,"Kreis 8",5,"Ehepaar ohne Kinder",336,672
2022,82,"Mühlebach",8,"Kreis 8",6,"Eingetragenes Paar ohne Kinder",17,34
2022,82,"Mühlebach",8,"Kreis 8",7,"Ein-Elternhaushalt",127,306
2022,82,"Mühlebach",8,"Kreis 8",8,"Ehepaar mit Kind(ern)",361,1337
2022,82,"Mühlebach",8,"Kreis 8",10,"Paar mit Kind(ern)",65,227
2022,82,"Mühlebach",8,"Kreis 8",11,"Patchwork-Haushalt",14,49
2022,82,"Mühlebach",8,"Kreis 8",12,"Wohngemeinschaft ohne Kinder",117,408
2022,82,"Mühlebach",8,"Kreis 8",13,"Wohngemeinschaft mit Kind(ern)",57,251
2022,82,"Mühlebach",8,"Kreis 8",14,"Generationenhaushalt",9,41
2022,83,"Weinegg",8,"Kreis 8",1,"Einpersonenhaushalt",1093,1093
2022,83,"Weinegg",8,"Kreis 8",4,"Zweipersonenhaushalt",349,698
2022,83,"Weinegg",8,"Kreis 8",5,"Ehepaar ohne Kinder",299,598
2022,83,"Weinegg",8,"Kreis 8",6,"Eingetragenes Paar ohne Kinder",7,14
2022,83,"Weinegg",8,"Kreis 8",7,"Ein-Elternhaushalt",113,267
2022,83,"Weinegg",8,"Kreis 8",8,"Ehepaar mit Kind(ern)",367,1369
2022,83,"Weinegg",8,"Kreis 8",9,"Eingetragenes Paar mit Kind(ern)",1,3
2022,83,"Weinegg",8,"Kreis 8",10,"Paar mit Kind(ern)",61,206
2022,83,"Weinegg",8,"Kreis 8",11,"Patchwork-Haushalt",15,46
2022,83,"Weinegg",8,"Kreis 8",12,"Wohngemeinschaft ohne Kinder",85,281
2022,83,"Weinegg",8,"Kreis 8",13,"Wohngemeinschaft mit Kind(ern)",58,281
2022,83,"Weinegg",8,"Kreis 8",14,"Generationenhaushalt",14,70
2022,91,"Albisrieden",9,"Kreis 9",1,"Einpersonenhaushalt",4775,4775
2022,91,"Albisrieden",9,"Kreis 9",4,"Zweipersonenhaushalt",1572,3144
2022,91,"Albisrieden",9,"Kreis 9",5,"Ehepaar ohne Kinder",1343,2686
2022,91,"Albisrieden",9,"Kreis 9",6,"Eingetragenes Paar ohne Kinder",27,54
2022,91,"Albisrieden",9,"Kreis 9",7,"Ein-Elternhaushalt",556,1325
2022,91,"Albisrieden",9,"Kreis 9",8,"Ehepaar mit Kind(ern)",1754,6562
2022,91,"Albisrieden",9,"Kreis 9",9,"Eingetragenes Paar mit Kind(ern)",1,3
2022,91,"Albisrieden",9,"Kreis 9",10,"Paar mit Kind(ern)",459,1634
2022,91,"Albisrieden",9,"Kreis 9",11,"Patchwork-Haushalt",45,146
2022,91,"Albisrieden",9,"Kreis 9",12,"Wohngemeinschaft ohne Kinder",269,899
2022,91,"Albisrieden",9,"Kreis 9",13,"Wohngemeinschaft mit Kind(ern)",136,636
2022,91,"Albisrieden",9,"Kreis 9",14,"Generationenhaushalt",51,261
2022,91,"Albisrieden",9,"Kreis 9",15,"Familien-Verbund",1,5
2022,92,"Altstetten",9,"Kreis 9",1,"Einpersonenhaushalt",8067,8067
2022,92,"Altstetten",9,"Kreis 9",4,"Zweipersonenhaushalt",2745,5490
2022,92,"Altstetten",9,"Kreis 9",5,"Ehepaar ohne Kinder",2016,4032
2022,92,"Altstetten",9,"Kreis 9",6,"Eingetragenes Paar ohne Kinder",50,100
2022,92,"Altstetten",9,"Kreis 9",7,"Ein-Elternhaushalt",794,1935
2022,92,"Altstetten",9,"Kreis 9",8,"Ehepaar mit Kind(ern)",2462,9237
2022,92,"Altstetten",9,"Kreis 9",9,"Eingetragenes Paar mit Kind(ern)",2,10
2022,92,"Altstetten",9,"Kreis 9",10,"Paar mit Kind(ern)",450,1560
2022,92,"Altstetten",9,"Kreis 9",11,"Patchwork-Haushalt",92,307
2022,92,"Altstetten",9,"Kreis 9",12,"Wohngemeinschaft ohne Kinder",689,2355
2022,92,"Altstetten",9,"Kreis 9",13,"Wohngemeinschaft mit Kind(ern)",265,1266
2022,92,"Altstetten",9,"Kreis 9",14,"Generationenhaushalt",85,431
2022,101,"Höngg",10,"Kreis 10",1,"Einpersonenhaushalt",4649,4649
2022,101,"Höngg",10,"Kreis 10",4,"Zweipersonenhaushalt",1588,3176
2022,101,"Höngg",10,"Kreis 10",5,"Ehepaar ohne Kinder",1516,3032
2022,101,"Höngg",10,"Kreis 10",6,"Eingetragenes Paar ohne Kinder",34,68
2022,101,"Höngg",10,"Kreis 10",7,"Ein-Elternhaushalt",637,1553
2022,101,"Höngg",10,"Kreis 10",8,"Ehepaar mit Kind(ern)",1899,7150
2022,101,"Höngg",10,"Kreis 10",9,"Eingetragenes Paar mit Kind(ern)",1,4
2022,101,"Höngg",10,"Kreis 10",10,"Paar mit Kind(ern)",401,1422
2022,101,"Höngg",10,"Kreis 10",11,"Patchwork-Haushalt",46,161
2022,101,"Höngg",10,"Kreis 10",12,"Wohngemeinschaft ohne Kinder",326,1125
2022,101,"Höngg",10,"Kreis 10",13,"Wohngemeinschaft mit Kind(ern)",172,825
2022,101,"Höngg",10,"Kreis 10",14,"Generationenhaushalt",32,157
2022,101,"Höngg",10,"Kreis 10",15,"Familien-Verbund",1,4
2022,102,"Wipkingen",10,"Kreis 10",1,"Einpersonenhaushalt",4252,4252
2022,102,"Wipkingen",10,"Kreis 10",4,"Zweipersonenhaushalt",1614,3228
2022,102,"Wipkingen",10,"Kreis 10",5,"Ehepaar ohne Kinder",701,1402
2022,102,"Wipkingen",10,"Kreis 10",6,"Eingetragenes Paar ohne Kinder",38,76
2022,102,"Wipkingen",10,"Kreis 10",7,"Ein-Elternhaushalt",374,867
2022,102,"Wipkingen",10,"Kreis 10",8,"Ehepaar mit Kind(ern)",855,3177
2022,102,"Wipkingen",10,"Kreis 10",9,"Eingetragenes Paar mit Kind(ern)",1,3
2022,102,"Wipkingen",10,"Kreis 10",10,"Paar mit Kind(ern)",380,1335
2022,102,"Wipkingen",10,"Kreis 10",11,"Patchwork-Haushalt",30,98
2022,102,"Wipkingen",10,"Kreis 10",12,"Wohngemeinschaft ohne Kinder",359,1227
2022,102,"Wipkingen",10,"Kreis 10",13,"Wohngemeinschaft mit Kind(ern)",87,417
2022,102,"Wipkingen",10,"Kreis 10",14,"Generationenhaushalt",22,99
2022,111,"Affoltern",11,"Kreis 11",1,"Einpersonenhaushalt",4332,4332
2022,111,"Affoltern",11,"Kreis 11",4,"Zweipersonenhaushalt",1370,2740
2022,111,"Affoltern",11,"Kreis 11",5,"Ehepaar ohne Kinder",1588,3176
2022,111,"Affoltern",11,"Kreis 11",6,"Eingetragenes Paar ohne Kinder",17,34
2022,111,"Affoltern",11,"Kreis 11",7,"Ein-Elternhaushalt",804,2045
2022,111,"Affoltern",11,"Kreis 11",8,"Ehepaar mit Kind(ern)",2417,9231
2022,111,"Affoltern",11,"Kreis 11",9,"Eingetragenes Paar mit Kind(ern)",1,3
2022,111,"Affoltern",11,"Kreis 11",10,"Paar mit Kind(ern)",293,1046
2022,111,"Affoltern",11,"Kreis 11",11,"Patchwork-Haushalt",60,201
2022,111,"Affoltern",11,"Kreis 11",12,"Wohngemeinschaft ohne Kinder",462,1548
2022,111,"Affoltern",11,"Kreis 11",13,"Wohngemeinschaft mit Kind(ern)",230,1051
2022,111,"Affoltern",11,"Kreis 11",14,"Generationenhaushalt",111,575
2022,115,"Oerlikon",11,"Kreis 11",1,"Einpersonenhaushalt",5314,5314
2022,115,"Oerlikon",11,"Kreis 11",4,"Zweipersonenhaushalt",2134,4268
2022,115,"Oerlikon",11,"Kreis 11",5,"Ehepaar ohne Kinder",1191,2382
2022,115,"Oerlikon",11,"Kreis 11",6,"Eingetragenes Paar ohne Kinder",44,88
2022,115,"Oerlikon",11,"Kreis 11",7,"Ein-Elternhaushalt",472,1178
2022,115,"Oerlikon",11,"Kreis 11",8,"Ehepaar mit Kind(ern)",1471,5480
2022,115,"Oerlikon",11,"Kreis 11",9,"Eingetragenes Paar mit Kind(ern)",2,7
2022,115,"Oerlikon",11,"Kreis 11",10,"Paar mit Kind(ern)",275,975
2022,115,"Oerlikon",11,"Kreis 11",11,"Patchwork-Haushalt",42,136
2022,115,"Oerlikon",11,"Kreis 11",12,"Wohngemeinschaft ohne Kinder",681,2280
2022,115,"Oerlikon",11,"Kreis 11",13,"Wohngemeinschaft mit Kind(ern)",139,640
2022,115,"Oerlikon",11,"Kreis 11",14,"Generationenhaushalt",26,132
2022,119,"Seebach",11,"Kreis 11",1,"Einpersonenhaushalt",5223,5223
2022,119,"Seebach",11,"Kreis 11",4,"Zweipersonenhaushalt",1720,3440
2022,119,"Seebach",11,"Kreis 11",5,"Ehepaar ohne Kinder",1573,3146
2022,119,"Seebach",11,"Kreis 11",6,"Eingetragenes Paar ohne Kinder",38,76
2022,119,"Seebach",11,"Kreis 11",7,"Ein-Elternhaushalt",669,1669
2022,119,"Seebach",11,"Kreis 11",8,"Ehepaar mit Kind(ern)",2152,8146
2022,119,"Seebach",11,"Kreis 11",9,"Eingetragenes Paar mit Kind(ern)",1,3
2022,119,"Seebach",11,"Kreis 11",10,"Paar mit Kind(ern)",256,888
2022,119,"Seebach",11,"Kreis 11",11,"Patchwork-Haushalt",79,267
2022,119,"Seebach",11,"Kreis 11",12,"Wohngemeinschaft ohne Kinder",593,2019
2022,119,"Seebach",11,"Kreis 11",13,"Wohngemeinschaft mit Kind(ern)",249,1143
2022,119,"Seebach",11,"Kreis 11",14,"Generationenhaushalt",76,407
2022,121,"Saatlen",12,"Kreis 12",1,"Einpersonenhaushalt",1048,1048
2022,121,"Saatlen",12,"Kreis 12",4,"Zweipersonenhaushalt",362,724
2022,121,"Saatlen",12,"Kreis 12",5,"Ehepaar ohne Kinder",410,820
2022,121,"Saatlen",12,"Kreis 12",6,"Eingetragenes Paar ohne Kinder",5,10
2022,121,"Saatlen",12,"Kreis 12",7,"Ein-Elternhaushalt",329,899
2022,121,"Saatlen",12,"Kreis 12",8,"Ehepaar mit Kind(ern)",876,3579
2022,121,"Saatlen",12,"Kreis 12",10,"Paar mit Kind(ern)",121,449
2022,121,"Saatlen",12,"Kreis 12",11,"Patchwork-Haushalt",24,83
2022,121,"Saatlen",12,"Kreis 12",12,"Wohngemeinschaft ohne Kinder",165,624
2022,121,"Saatlen",12,"Kreis 12",13,"Wohngemeinschaft mit Kind(ern)",75,396
2022,121,"Saatlen",12,"Kreis 12",14,"Generationenhaushalt",29,149
2022,122,"Schwamendingen-Mitte",12,"Kreis 12",1,"Einpersonenhaushalt",2564,2564
2022,122,"Schwamendingen-Mitte",12,"Kreis 12",4,"Zweipersonenhaushalt",763,1526
2022,122,"Schwamendingen-Mitte",12,"Kreis 12",5,"Ehepaar ohne Kinder",656,1312
2022,122,"Schwamendingen-Mitte",12,"Kreis 12",6,"Eingetragenes Paar ohne Kinder",13,26
2022,122,"Schwamendingen-Mitte",12,"Kreis 12",7,"Ein-Elternhaushalt",320,788
2022,122,"Schwamendingen-Mitte",12,"Kreis 12",8,"Ehepaar mit Kind(ern)",738,2749
2022,122,"Schwamendingen-Mitte",12,"Kreis 12",10,"Paar mit Kind(ern)",104,385
2022,122,"Schwamendingen-Mitte",12,"Kreis 12",11,"Patchwork-Haushalt",23,77
2022,122,"Schwamendingen-Mitte",12,"Kreis 12",12,"Wohngemeinschaft ohne Kinder",311,1023
2022,122,"Schwamendingen-Mitte",12,"Kreis 12",13,"Wohngemeinschaft mit Kind(ern)",85,393
2022,122,"Schwamendingen-Mitte",12,"Kreis 12",14,"Generationenhaushalt",47,217
2022,123,"Hirzenbach",12,"Kreis 12",1,"Einpersonenhaushalt",2357,2357
2022,123,"Hirzenbach",12,"Kreis 12",4,"Zweipersonenhaushalt",690,1380
2022,123,"Hirzenbach",12,"Kreis 12",5,"Ehepaar ohne Kinder",722,1444
2022,123,"Hirzenbach",12,"Kreis 12",6,"Eingetragenes Paar ohne Kinder",4,8
2022,123,"Hirzenbach",12,"Kreis 12",7,"Ein-Elternhaushalt",400,1031
2022,123,"Hirzenbach",12,"Kreis 12",8,"Ehepaar mit Kind(ern)",1135,4371
2022,123,"Hirzenbach",12,"Kreis 12",9,"Eingetragenes Paar mit Kind(ern)",1,4
2022,123,"Hirzenbach",12,"Kreis 12",10,"Paar mit Kind(ern)",126,454
2022,123,"Hirzenbach",12,"Kreis 12",11,"Patchwork-Haushalt",34,113
2022,123,"Hirzenbach",12,"Kreis 12",12,"Wohngemeinschaft ohne Kinder",217,717
2022,123,"Hirzenbach",12,"Kreis 12",13,"Wohngemeinschaft mit Kind(ern)",109,508
2022,123,"Hirzenbach",12,"Kreis 12",14,"Generationenhaushalt",38,177
2023,11,"Rathaus",1,"Kreis 1",1,"Einpersonenhaushalt",1148,1148
2023,11,"Rathaus",1,"Kreis 1",4,"Zweipersonenhaushalt",307,614
2023,11,"Rathaus",1,"Kreis 1",5,"Ehepaar ohne Kinder",187,374
2023,11,"Rathaus",1,"Kreis 1",6,"Eingetragenes Paar ohne Kinder",11,22
2023,11,"Rathaus",1,"Kreis 1",7,"Ein-Elternhaushalt",59,134
2023,11,"Rathaus",1,"Kreis 1",8,"Ehepaar mit Kind(ern)",109,408
2023,11,"Rathaus",1,"Kreis 1",10,"Paar mit Kind(ern)",23,82
2023,11,"Rathaus",1,"Kreis 1",11,"Patchwork-Haushalt",9,28
2023,11,"Rathaus",1,"Kreis 1",12,"Wohngemeinschaft ohne Kinder",82,299
2023,11,"Rathaus",1,"Kreis 1",13,"Wohngemeinschaft mit Kind(ern)",14,62
2023,11,"Rathaus",1,"Kreis 1",14,"Generationenhaushalt",1,3
2023,12,"Hochschulen",1,"Kreis 1",1,"Einpersonenhaushalt",126,126
2023,12,"Hochschulen",1,"Kreis 1",4,"Zweipersonenhaushalt",48,96
2023,12,"Hochschulen",1,"Kreis 1",5,"Ehepaar ohne Kinder",22,44
2023,12,"Hochschulen",1,"Kreis 1",6,"Eingetragenes Paar ohne Kinder",1,2
2023,12,"Hochschulen",1,"Kreis 1",7,"Ein-Elternhaushalt",7,16
2023,12,"Hochschulen",1,"Kreis 1",8,"Ehepaar mit Kind(ern)",22,80
2023,12,"Hochschulen",1,"Kreis 1",10,"Paar mit Kind(ern)",5,17
2023,12,"Hochschulen",1,"Kreis 1",11,"Patchwork-Haushalt",1,4
2023,12,"Hochschulen",1,"Kreis 1",12,"Wohngemeinschaft ohne Kinder",16,64
2023,12,"Hochschulen",1,"Kreis 1",13,"Wohngemeinschaft mit Kind(ern)",3,13
2023,12,"Hochschulen",1,"Kreis 1",14,"Generationenhaushalt",1,3
2023,13,"Lindenhof",1,"Kreis 1",1,"Einpersonenhaushalt",364,364
2023,13,"Lindenhof",1,"Kreis 1",4,"Zweipersonenhaushalt",106,212
2023,13,"Lindenhof",1,"Kreis 1",5,"Ehepaar ohne Kinder",55,110
2023,13,"Lindenhof",1,"Kreis 1",6,"Eingetragenes Paar ohne Kinder",4,8
2023,13,"Lindenhof",1,"Kreis 1",7,"Ein-Elternhaushalt",30,72
2023,13,"Lindenhof",1,"Kreis 1",8,"Ehepaar mit Kind(ern)",36,138
2023,13,"Lindenhof",1,"Kreis 1",10,"Paar mit Kind(ern)",5,16
2023,13,"Lindenhof",1,"Kreis 1",11,"Patchwork-Haushalt",1,5
2023,13,"Lindenhof",1,"Kreis 1",12,"Wohngemeinschaft ohne Kinder",20,67
2023,13,"Lindenhof",1,"Kreis 1",13,"Wohngemeinschaft mit Kind(ern)",9,38
2023,13,"Lindenhof",1,"Kreis 1",14,"Generationenhaushalt",1,3
2023,14,"City",1,"Kreis 1",1,"Einpersonenhaushalt",116,116
2023,14,"City",1,"Kreis 1",4,"Zweipersonenhaushalt",54,108
2023,14,"City",1,"Kreis 1",5,"Ehepaar ohne Kinder",31,62
2023,14,"City",1,"Kreis 1",6,"Eingetragenes Paar ohne Kinder",2,4
2023,14,"City",1,"Kreis 1",7,"Ein-Elternhaushalt",13,34
2023,14,"City",1,"Kreis 1",8,"Ehepaar mit Kind(ern)",42,158
2023,14,"City",1,"Kreis 1",10,"Paar mit Kind(ern)",8,28
2023,14,"City",1,"Kreis 1",11,"Patchwork-Haushalt",1,5
2023,14,"City",1,"Kreis 1",12,"Wohngemeinschaft ohne Kinder",25,101
2023,14,"City",1,"Kreis 1",13,"Wohngemeinschaft mit Kind(ern)",10,55
2023,14,"City",1,"Kreis 1",14,"Generationenhaushalt",3,17
2023,21,"Wollishofen",2,"Kreis 2",1,"Einpersonenhaushalt",4177,4177
2023,21,"Wollishofen",2,"Kreis 2",4,"Zweipersonenhaushalt",1400,2800
2023,21,"Wollishofen",2,"Kreis 2",5,"Ehepaar ohne Kinder",1157,2314
2023,21,"Wollishofen",2,"Kreis 2",6,"Eingetragenes Paar ohne Kinder",23,46
2023,21,"Wollishofen",2,"Kreis 2",7,"Ein-Elternhaushalt",549,1329
2023,21,"Wollishofen",2,"Kreis 2",8,"Ehepaar mit Kind(ern)",1671,6343
2023,21,"Wollishofen",2,"Kreis 2",10,"Paar mit Kind(ern)",400,1427
2023,21,"Wollishofen",2,"Kreis 2",11,"Patchwork-Haushalt",45,147
2023,21,"Wollishofen",2,"Kreis 2",12,"Wohngemeinschaft ohne Kinder",284,971
2023,21,"Wollishofen",2,"Kreis 2",13,"Wohngemeinschaft mit Kind(ern)",176,826
2023,21,"Wollishofen",2,"Kreis 2",14,"Generationenhaushalt",41,211
2023,23,"Leimbach",2,"Kreis 2",1,"Einpersonenhaushalt",944,944
2023,23,"Leimbach",2,"Kreis 2",4,"Zweipersonenhaushalt",280,560
2023,23,"Leimbach",2,"Kreis 2",5,"Ehepaar ohne Kinder",366,732
2023,23,"Leimbach",2,"Kreis 2",6,"Eingetragenes Paar ohne Kinder",4,8
2023,23,"Leimbach",2,"Kreis 2",7,"Ein-Elternhaushalt",178,498
2023,23,"Leimbach",2,"Kreis 2",8,"Ehepaar mit Kind(ern)",618,2447
2023,23,"Leimbach",2,"Kreis 2",10,"Paar mit Kind(ern)",93,356
2023,23,"Leimbach",2,"Kreis 2",11,"Patchwork-Haushalt",20,75
2023,23,"Leimbach",2,"Kreis 2",12,"Wohngemeinschaft ohne Kinder",88,303
2023,23,"Leimbach",2,"Kreis 2",13,"Wohngemeinschaft mit Kind(ern)",57,288
2023,23,"Leimbach",2,"Kreis 2",14,"Generationenhaushalt",18,92
2023,24,"Enge",2,"Kreis 2",1,"Einpersonenhaushalt",2019,2019
2023,24,"Enge",2,"Kreis 2",4,"Zweipersonenhaushalt",817,1634
2023,24,"Enge",2,"Kreis 2",5,"Ehepaar ohne Kinder",494,988
2023,24,"Enge",2,"Kreis 2",6,"Eingetragenes Paar ohne Kinder",13,26
2023,24,"Enge",2,"Kreis 2",7,"Ein-Elternhaushalt",157,377
2023,24,"Enge",2,"Kreis 2",8,"Ehepaar mit Kind(ern)",691,2684
2023,24,"Enge",2,"Kreis 2",9,"Eingetragenes Paar mit Kind(ern)",2,6
2023,24,"Enge",2,"Kreis 2",10,"Paar mit Kind(ern)",173,593
2023,24,"Enge",2,"Kreis 2",11,"Patchwork-Haushalt",26,86
2023,24,"Enge",2,"Kreis 2",12,"Wohngemeinschaft ohne Kinder",221,765
2023,24,"Enge",2,"Kreis 2",13,"Wohngemeinschaft mit Kind(ern)",73,363
2023,24,"Enge",2,"Kreis 2",14,"Generationenhaushalt",20,111
2023,31,"Alt-Wiedikon",3,"Kreis 3",1,"Einpersonenhaushalt",4456,4456
2023,31,"Alt-Wiedikon",3,"Kreis 3",4,"Zweipersonenhaushalt",1657,3314
2023,31,"Alt-Wiedikon",3,"Kreis 3",5,"Ehepaar ohne Kinder",747,1494
2023,31,"Alt-Wiedikon",3,"Kreis 3",6,"Eingetragenes Paar ohne Kinder",20,40
2023,31,"Alt-Wiedikon",3,"Kreis 3",7,"Ein-Elternhaushalt",274,666
2023,31,"Alt-Wiedikon",3,"Kreis 3",8,"Ehepaar mit Kind(ern)",1025,4129
2023,31,"Alt-Wiedikon",3,"Kreis 3",9,"Eingetragenes Paar mit Kind(ern)",1,4
2023,31,"Alt-Wiedikon",3,"Kreis 3",10,"Paar mit Kind(ern)",259,907
2023,31,"Alt-Wiedikon",3,"Kreis 3",11,"Patchwork-Haushalt",39,124
2023,31,"Alt-Wiedikon",3,"Kreis 3",12,"Wohngemeinschaft ohne Kinder",425,1420
2023,31,"Alt-Wiedikon",3,"Kreis 3",13,"Wohngemeinschaft mit Kind(ern)",133,714
2023,31,"Alt-Wiedikon",3,"Kreis 3",14,"Generationenhaushalt",29,198
2023,31,"Alt-Wiedikon",3,"Kreis 3",15,"Familien-Verbund",1,5
2023,33,"Friesenberg",3,"Kreis 3",1,"Einpersonenhaushalt",1422,1422
2023,33,"Friesenberg",3,"Kreis 3",4,"Zweipersonenhaushalt",350,700
2023,33,"Friesenberg",3,"Kreis 3",5,"Ehepaar ohne Kinder",640,1280
2023,33,"Friesenberg",3,"Kreis 3",6,"Eingetragenes Paar ohne Kinder",2,4
2023,33,"Friesenberg",3,"Kreis 3",7,"Ein-Elternhaushalt",384,1026
2023,33,"Friesenberg",3,"Kreis 3",8,"Ehepaar mit Kind(ern)",1111,4520
2023,33,"Friesenberg",3,"Kreis 3",9,"Eingetragenes Paar mit Kind(ern)",1,4
2023,33,"Friesenberg",3,"Kreis 3",10,"Paar mit Kind(ern)",195,747
2023,33,"Friesenberg",3,"Kreis 3",11,"Patchwork-Haushalt",22,84
2023,33,"Friesenberg",3,"Kreis 3",12,"Wohngemeinschaft ohne Kinder",69,237
2023,33,"Friesenberg",3,"Kreis 3",13,"Wohngemeinschaft mit Kind(ern)",69,321
2023,33,"Friesenberg",3,"Kreis 3",14,"Generationenhaushalt",25,147
2023,34,"Sihlfeld",3,"Kreis 3",1,"Einpersonenhaushalt",5738,5738
2023,34,"Sihlfeld",3,"Kreis 3",4,"Zweipersonenhaushalt",2285,4570
2023,34,"Sihlfeld",3,"Kreis 3",5,"Ehepaar ohne Kinder",834,1668
2023,34,"Sihlfeld",3,"Kreis 3",6,"Eingetragenes Paar ohne Kinder",27,54
2023,34,"Sihlfeld",3,"Kreis 3",7,"Ein-Elternhaushalt",476,1148
2023,34,"Sihlfeld",3,"Kreis 3",8,"Ehepaar mit Kind(ern)",1046,4090
2023,34,"Sihlfeld",3,"Kreis 3",9,"Eingetragenes Paar mit Kind(ern)",2,7
2023,34,"Sihlfeld",3,"Kreis 3",10,"Paar mit Kind(ern)",339,1176
2023,34,"Sihlfeld",3,"Kreis 3",11,"Patchwork-Haushalt",49,155
2023,34,"Sihlfeld",3,"Kreis 3",12,"Wohngemeinschaft ohne Kinder",485,1585
2023,34,"Sihlfeld",3,"Kreis 3",13,"Wohngemeinschaft mit Kind(ern)",143,736
2023,34,"Sihlfeld",3,"Kreis 3",14,"Generationenhaushalt",51,352
2023,41,"Werd",4,"Kreis 4",1,"Einpersonenhaushalt",1063,1063
2023,41,"Werd",4,"Kreis 4",4,"Zweipersonenhaushalt",510,1020
2023,41,"Werd",4,"Kreis 4",5,"Ehepaar ohne Kinder",143,286
2023,41,"Werd",4,"Kreis 4",6,"Eingetragenes Paar ohne Kinder",8,16
2023,41,"Werd",4,"Kreis 4",7,"Ein-Elternhaushalt",42,101
2023,41,"Werd",4,"Kreis 4",8,"Ehepaar mit Kind(ern)",191,808
2023,41,"Werd",4,"Kreis 4",10,"Paar mit Kind(ern)",74,242
2023,41,"Werd",4,"Kreis 4",11,"Patchwork-Haushalt",8,25
2023,41,"Werd",4,"Kreis 4",12,"Wohngemeinschaft ohne Kinder",143,493
2023,41,"Werd",4,"Kreis 4",13,"Wohngemeinschaft mit Kind(ern)",37,231
2023,41,"Werd",4,"Kreis 4",14,"Generationenhaushalt",15,107
2023,41,"Werd",4,"Kreis 4",15,"Familien-Verbund",1,4
2023,42,"Langstrasse",4,"Kreis 4",1,"Einpersonenhaushalt",3569,3569
2023,42,"Langstrasse",4,"Kreis 4",4,"Zweipersonenhaushalt",1589,3178
2023,42,"Langstrasse",4,"Kreis 4",5,"Ehepaar ohne Kinder",401,802
2023,42,"Langstrasse",4,"Kreis 4",6,"Eingetragenes Paar ohne Kinder",29,58
2023,42,"Langstrasse",4,"Kreis 4",7,"Ein-Elternhaushalt",110,250
2023,42,"Langstrasse",4,"Kreis 4",8,"Ehepaar mit Kind(ern)",286,1010
2023,42,"Langstrasse",4,"Kreis 4",10,"Paar mit Kind(ern)",124,423
2023,42,"Langstrasse",4,"Kreis 4",11,"Patchwork-Haushalt",24,74
2023,42,"Langstrasse",4,"Kreis 4",12,"Wohngemeinschaft ohne Kinder",472,1615
2023,42,"Langstrasse",4,"Kreis 4",13,"Wohngemeinschaft mit Kind(ern)",66,307
2023,42,"Langstrasse",4,"Kreis 4",14,"Generationenhaushalt",20,93
2023,44,"Hard",4,"Kreis 4",1,"Einpersonenhaushalt",3190,3190
2023,44,"Hard",4,"Kreis 4",4,"Zweipersonenhaushalt",1395,2790
2023,44,"Hard",4,"Kreis 4",5,"Ehepaar ohne Kinder",488,976
2023,44,"Hard",4,"Kreis 4",6,"Eingetragenes Paar ohne Kinder",17,34
2023,44,"Hard",4,"Kreis 4",7,"Ein-Elternhaushalt",394,958
2023,44,"Hard",4,"Kreis 4",8,"Ehepaar mit Kind(ern)",633,2398
2023,44,"Hard",4,"Kreis 4",9,"Eingetragenes Paar mit Kind(ern)",1,3
2023,44,"Hard",4,"Kreis 4",10,"Paar mit Kind(ern)",203,708
2023,44,"Hard",4,"Kreis 4",11,"Patchwork-Haushalt",43,139
2023,44,"Hard",4,"Kreis 4",12,"Wohngemeinschaft ohne Kinder",384,1283
2023,44,"Hard",4,"Kreis 4",13,"Wohngemeinschaft mit Kind(ern)",87,399
2023,44,"Hard",4,"Kreis 4",14,"Generationenhaushalt",31,154
2023,51,"Gewerbeschule",5,"Kreis 5",1,"Einpersonenhaushalt",2521,2521
2023,51,"Gewerbeschule",5,"Kreis 5",4,"Zweipersonenhaushalt",1102,2204
2023,51,"Gewerbeschule",5,"Kreis 5",5,"Ehepaar ohne Kinder",327,654
2023,51,"Gewerbeschule",5,"Kreis 5",6,"Eingetragenes Paar ohne Kinder",15,30
2023,51,"Gewerbeschule",5,"Kreis 5",7,"Ein-Elternhaushalt",202,493
2023,51,"Gewerbeschule",5,"Kreis 5",8,"Ehepaar mit Kind(ern)",393,1482
2023,51,"Gewerbeschule",5,"Kreis 5",9,"Eingetragenes Paar mit Kind(ern)",1,3
2023,51,"Gewerbeschule",5,"Kreis 5",10,"Paar mit Kind(ern)",139,485
2023,51,"Gewerbeschule",5,"Kreis 5",11,"Patchwork-Haushalt",25,78
2023,51,"Gewerbeschule",5,"Kreis 5",12,"Wohngemeinschaft ohne Kinder",297,1010
2023,51,"Gewerbeschule",5,"Kreis 5",13,"Wohngemeinschaft mit Kind(ern)",69,326
2023,51,"Gewerbeschule",5,"Kreis 5",14,"Generationenhaushalt",23,135
2023,52,"Escher Wyss",5,"Kreis 5",1,"Einpersonenhaushalt",1061,1061
2023,52,"Escher Wyss",5,"Kreis 5",4,"Zweipersonenhaushalt",739,1478
2023,52,"Escher Wyss",5,"Kreis 5",5,"Ehepaar ohne Kinder",302,604
2023,52,"Escher Wyss",5,"Kreis 5",6,"Eingetragenes Paar ohne Kinder",29,58
2023,52,"Escher Wyss",5,"Kreis 5",7,"Ein-Elternhaushalt",83,194
2023,52,"Escher Wyss",5,"Kreis 5",8,"Ehepaar mit Kind(ern)",331,1188
2023,52,"Escher Wyss",5,"Kreis 5",9,"Eingetragenes Paar mit Kind(ern)",1,4
2023,52,"Escher Wyss",5,"Kreis 5",10,"Paar mit Kind(ern)",135,467
2023,52,"Escher Wyss",5,"Kreis 5",11,"Patchwork-Haushalt",19,66
2023,52,"Escher Wyss",5,"Kreis 5",12,"Wohngemeinschaft ohne Kinder",227,760
2023,52,"Escher Wyss",5,"Kreis 5",13,"Wohngemeinschaft mit Kind(ern)",52,255
2023,52,"Escher Wyss",5,"Kreis 5",14,"Generationenhaushalt",2,8
2023,61,"Unterstrass",6,"Kreis 6",1,"Einpersonenhaushalt",5163,5163
2023,61,"Unterstrass",6,"Kreis 6",4,"Zweipersonenhaushalt",2117,4234
2023,61,"Unterstrass",6,"Kreis 6",5,"Ehepaar ohne Kinder",1196,2392
2023,61,"Unterstrass",6,"Kreis 6",6,"Eingetragenes Paar ohne Kinder",29,58
2023,61,"Unterstrass",6,"Kreis 6",7,"Ein-Elternhaushalt",591,1446
2023,61,"Unterstrass",6,"Kreis 6",8,"Ehepaar mit Kind(ern)",1688,6473
2023,61,"Unterstrass",6,"Kreis 6",9,"Eingetragenes Paar mit Kind(ern)",2,6
2023,61,"Unterstrass",6,"Kreis 6",10,"Paar mit Kind(ern)",495,1775
2023,61,"Unterstrass",6,"Kreis 6",11,"Patchwork-Haushalt",51,167
2023,61,"Unterstrass",6,"Kreis 6",12,"Wohngemeinschaft ohne Kinder",582,1995
2023,61,"Unterstrass",6,"Kreis 6",13,"Wohngemeinschaft mit Kind(ern)",124,569
2023,61,"Unterstrass",6,"Kreis 6",14,"Generationenhaushalt",27,136
2023,63,"Oberstrass",6,"Kreis 6",1,"Einpersonenhaushalt",2465,2465
2023,63,"Oberstrass",6,"Kreis 6",4,"Zweipersonenhaushalt",741,1482
2023,63,"Oberstrass",6,"Kreis 6",5,"Ehepaar ohne Kinder",598,1196
2023,63,"Oberstrass",6,"Kreis 6",6,"Eingetragenes Paar ohne Kinder",13,26
2023,63,"Oberstrass",6,"Kreis 6",7,"Ein-Elternhaushalt",199,475
2023,63,"Oberstrass",6,"Kreis 6",8,"Ehepaar mit Kind(ern)",706,2657
2023,63,"Oberstrass",6,"Kreis 6",10,"Paar mit Kind(ern)",201,718
2023,63,"Oberstrass",6,"Kreis 6",11,"Patchwork-Haushalt",20,70
2023,63,"Oberstrass",6,"Kreis 6",12,"Wohngemeinschaft ohne Kinder",261,910
2023,63,"Oberstrass",6,"Kreis 6",13,"Wohngemeinschaft mit Kind(ern)",80,374
2023,63,"Oberstrass",6,"Kreis 6",14,"Generationenhaushalt",12,64
2023,71,"Fluntern",7,"Kreis 7",1,"Einpersonenhaushalt",1497,1497
2023,71,"Fluntern",7,"Kreis 7",4,"Zweipersonenhaushalt",454,908
2023,71,"Fluntern",7,"Kreis 7",5,"Ehepaar ohne Kinder",646,1292
2023,71,"Fluntern",7,"Kreis 7",6,"Eingetragenes Paar ohne Kinder",16,32
2023,71,"Fluntern",7,"Kreis 7",7,"Ein-Elternhaushalt",184,461
2023,71,"Fluntern",7,"Kreis 7",8,"Ehepaar mit Kind(ern)",699,2647
2023,71,"Fluntern",7,"Kreis 7",9,"Eingetragenes Paar mit Kind(ern)",1,4
2023,71,"Fluntern",7,"Kreis 7",10,"Paar mit Kind(ern)",126,445
2023,71,"Fluntern",7,"Kreis 7",11,"Patchwork-Haushalt",16,59
2023,71,"Fluntern",7,"Kreis 7",12,"Wohngemeinschaft ohne Kinder",140,527
2023,71,"Fluntern",7,"Kreis 7",13,"Wohngemeinschaft mit Kind(ern)",93,451
2023,71,"Fluntern",7,"Kreis 7",14,"Generationenhaushalt",15,69
2023,72,"Hottingen",7,"Kreis 7",1,"Einpersonenhaushalt",2486,2486
2023,72,"Hottingen",7,"Kreis 7",4,"Zweipersonenhaushalt",763,1526
2023,72,"Hottingen",7,"Kreis 7",5,"Ehepaar ohne Kinder",603,1206
2023,72,"Hottingen",7,"Kreis 7",6,"Eingetragenes Paar ohne Kinder",21,42
2023,72,"Hottingen",7,"Kreis 7",7,"Ein-Elternhaushalt",206,496
2023,72,"Hottingen",7,"Kreis 7",8,"Ehepaar mit Kind(ern)",827,3133
2023,72,"Hottingen",7,"Kreis 7",10,"Paar mit Kind(ern)",189,688
2023,72,"Hottingen",7,"Kreis 7",11,"Patchwork-Haushalt",35,123
2023,72,"Hottingen",7,"Kreis 7",12,"Wohngemeinschaft ohne Kinder",205,759
2023,72,"Hottingen",7,"Kreis 7",13,"Wohngemeinschaft mit Kind(ern)",99,450
2023,72,"Hottingen",7,"Kreis 7",14,"Generationenhaushalt",14,57
2023,73,"Hirslanden",7,"Kreis 7",1,"Einpersonenhaushalt",1776,1776
2023,73,"Hirslanden",7,"Kreis 7",4,"Zweipersonenhaushalt",572,1144
2023,73,"Hirslanden",7,"Kreis 7",5,"Ehepaar ohne Kinder",402,804
2023,73,"Hirslanden",7,"Kreis 7",6,"Eingetragenes Paar ohne Kinder",7,14
2023,73,"Hirslanden",7,"Kreis 7",7,"Ein-Elternhaushalt",154,361
2023,73,"Hirslanden",7,"Kreis 7",8,"Ehepaar mit Kind(ern)",470,1760
2023,73,"Hirslanden",7,"Kreis 7",10,"Paar mit Kind(ern)",117,417
2023,73,"Hirslanden",7,"Kreis 7",11,"Patchwork-Haushalt",19,62
2023,73,"Hirslanden",7,"Kreis 7",12,"Wohngemeinschaft ohne Kinder",160,558
2023,73,"Hirslanden",7,"Kreis 7",13,"Wohngemeinschaft mit Kind(ern)",66,325
2023,73,"Hirslanden",7,"Kreis 7",14,"Generationenhaushalt",13,65
2023,74,"Witikon",7,"Kreis 7",1,"Einpersonenhaushalt",2346,2346
2023,74,"Witikon",7,"Kreis 7",4,"Zweipersonenhaushalt",603,1206
2023,74,"Witikon",7,"Kreis 7",5,"Ehepaar ohne Kinder",868,1736
2023,74,"Witikon",7,"Kreis 7",6,"Eingetragenes Paar ohne Kinder",10,20
2023,74,"Witikon",7,"Kreis 7",7,"Ein-Elternhaushalt",269,661
2023,74,"Witikon",7,"Kreis 7",8,"Ehepaar mit Kind(ern)",967,3663
2023,74,"Witikon",7,"Kreis 7",9,"Eingetragenes Paar mit Kind(ern)",1,3
2023,74,"Witikon",7,"Kreis 7",10,"Paar mit Kind(ern)",156,554
2023,74,"Witikon",7,"Kreis 7",11,"Patchwork-Haushalt",20,71
2023,74,"Witikon",7,"Kreis 7",12,"Wohngemeinschaft ohne Kinder",168,569
2023,74,"Witikon",7,"Kreis 7",13,"Wohngemeinschaft mit Kind(ern)",82,394
2023,74,"Witikon",7,"Kreis 7",14,"Generationenhaushalt",14,67
2023,81,"Seefeld",8,"Kreis 8",1,"Einpersonenhaushalt",1725,1725
2023,81,"Seefeld",8,"Kreis 8",4,"Zweipersonenhaushalt",513,1026
2023,81,"Seefeld",8,"Kreis 8",5,"Ehepaar ohne Kinder",298,596
2023,81,"Seefeld",8,"Kreis 8",6,"Eingetragenes Paar ohne Kinder",3,6
2023,81,"Seefeld",8,"Kreis 8",7,"Ein-Elternhaushalt",134,321
2023,81,"Seefeld",8,"Kreis 8",8,"Ehepaar mit Kind(ern)",315,1148
2023,81,"Seefeld",8,"Kreis 8",10,"Paar mit Kind(ern)",73,250
2023,81,"Seefeld",8,"Kreis 8",11,"Patchwork-Haushalt",22,72
2023,81,"Seefeld",8,"Kreis 8",12,"Wohngemeinschaft ohne Kinder",101,337
2023,81,"Seefeld",8,"Kreis 8",13,"Wohngemeinschaft mit Kind(ern)",46,230
2023,81,"Seefeld",8,"Kreis 8",14,"Generationenhaushalt",2,9
2023,82,"Mühlebach",8,"Kreis 8",1,"Einpersonenhaushalt",1772,1772
2023,82,"Mühlebach",8,"Kreis 8",4,"Zweipersonenhaushalt",530,1060
2023,82,"Mühlebach",8,"Kreis 8",5,"Ehepaar ohne Kinder",337,674
2023,82,"Mühlebach",8,"Kreis 8",6,"Eingetragenes Paar ohne Kinder",14,28
2023,82,"Mühlebach",8,"Kreis 8",7,"Ein-Elternhaushalt",133,318
2023,82,"Mühlebach",8,"Kreis 8",8,"Ehepaar mit Kind(ern)",372,1365
2023,82,"Mühlebach",8,"Kreis 8",10,"Paar mit Kind(ern)",66,233
2023,82,"Mühlebach",8,"Kreis 8",11,"Patchwork-Haushalt",9,31
2023,82,"Mühlebach",8,"Kreis 8",12,"Wohngemeinschaft ohne Kinder",130,431
2023,82,"Mühlebach",8,"Kreis 8",13,"Wohngemeinschaft mit Kind(ern)",57,268
2023,82,"Mühlebach",8,"Kreis 8",14,"Generationenhaushalt",9,44
2023,83,"Weinegg",8,"Kreis 8",1,"Einpersonenhaushalt",1166,1166
2023,83,"Weinegg",8,"Kreis 8",4,"Zweipersonenhaushalt",348,696
2023,83,"Weinegg",8,"Kreis 8",5,"Ehepaar ohne Kinder",312,624
2023,83,"Weinegg",8,"Kreis 8",6,"Eingetragenes Paar ohne Kinder",8,16
2023,83,"Weinegg",8,"Kreis 8",7,"Ein-Elternhaushalt",127,294
2023,83,"Weinegg",8,"Kreis 8",8,"Ehepaar mit Kind(ern)",371,1395
2023,83,"Weinegg",8,"Kreis 8",10,"Paar mit Kind(ern)",68,230
2023,83,"Weinegg",8,"Kreis 8",11,"Patchwork-Haushalt",12,39
2023,83,"Weinegg",8,"Kreis 8",12,"Wohngemeinschaft ohne Kinder",90,312
2023,83,"Weinegg",8,"Kreis 8",13,"Wohngemeinschaft mit Kind(ern)",61,300
2023,83,"Weinegg",8,"Kreis 8",14,"Generationenhaushalt",9,43
2023,91,"Albisrieden",9,"Kreis 9",1,"Einpersonenhaushalt",4789,4789
2023,91,"Albisrieden",9,"Kreis 9",4,"Zweipersonenhaushalt",1690,3380
2023,91,"Albisrieden",9,"Kreis 9",5,"Ehepaar ohne Kinder",1345,2690
2023,91,"Albisrieden",9,"Kreis 9",6,"Eingetragenes Paar ohne Kinder",23,46
2023,91,"Albisrieden",9,"Kreis 9",7,"Ein-Elternhaushalt",592,1420
2023,91,"Albisrieden",9,"Kreis 9",8,"Ehepaar mit Kind(ern)",1788,6689
2023,91,"Albisrieden",9,"Kreis 9",9,"Eingetragenes Paar mit Kind(ern)",2,6
2023,91,"Albisrieden",9,"Kreis 9",10,"Paar mit Kind(ern)",489,1755
2023,91,"Albisrieden",9,"Kreis 9",11,"Patchwork-Haushalt",55,180
2023,91,"Albisrieden",9,"Kreis 9",12,"Wohngemeinschaft ohne Kinder",301,1002
2023,91,"Albisrieden",9,"Kreis 9",13,"Wohngemeinschaft mit Kind(ern)",138,636
2023,91,"Albisrieden",9,"Kreis 9",14,"Generationenhaushalt",43,215
2023,92,"Altstetten",9,"Kreis 9",1,"Einpersonenhaushalt",8158,8158
2023,92,"Altstetten",9,"Kreis 9",4,"Zweipersonenhaushalt",2882,5764
2023,92,"Altstetten",9,"Kreis 9",5,"Ehepaar ohne Kinder",2066,4132
2023,92,"Altstetten",9,"Kreis 9",6,"Eingetragenes Paar ohne Kinder",39,78
2023,92,"Altstetten",9,"Kreis 9",7,"Ein-Elternhaushalt",815,1990
2023,92,"Altstetten",9,"Kreis 9",8,"Ehepaar mit Kind(ern)",2447,9201
2023,92,"Altstetten",9,"Kreis 9",9,"Eingetragenes Paar mit Kind(ern)",2,10
2023,92,"Altstetten",9,"Kreis 9",10,"Paar mit Kind(ern)",508,1773
2023,92,"Altstetten",9,"Kreis 9",11,"Patchwork-Haushalt",94,318
2023,92,"Altstetten",9,"Kreis 9",12,"Wohngemeinschaft ohne Kinder",732,2502
2023,92,"Altstetten",9,"Kreis 9",13,"Wohngemeinschaft mit Kind(ern)",249,1155
2023,92,"Altstetten",9,"Kreis 9",14,"Generationenhaushalt",95,478
2023,101,"Höngg",10,"Kreis 10",1,"Einpersonenhaushalt",4563,4563
2023,101,"Höngg",10,"Kreis 10",4,"Zweipersonenhaushalt",1578,3156
2023,101,"Höngg",10,"Kreis 10",5,"Ehepaar ohne Kinder",1528,3056
2023,101,"Höngg",10,"Kreis 10",6,"Eingetragenes Paar ohne Kinder",26,52
2023,101,"Höngg",10,"Kreis 10",7,"Ein-Elternhaushalt",636,1537
2023,101,"Höngg",10,"Kreis 10",8,"Ehepaar mit Kind(ern)",1864,7044
2023,101,"Höngg",10,"Kreis 10",10,"Paar mit Kind(ern)",416,1473
2023,101,"Höngg",10,"Kreis 10",11,"Patchwork-Haushalt",41,134
2023,101,"Höngg",10,"Kreis 10",12,"Wohngemeinschaft ohne Kinder",337,1181
2023,101,"Höngg",10,"Kreis 10",13,"Wohngemeinschaft mit Kind(ern)",178,862
2023,101,"Höngg",10,"Kreis 10",14,"Generationenhaushalt",35,171
2023,101,"Höngg",10,"Kreis 10",15,"Familien-Verbund",1,4
2023,102,"Wipkingen",10,"Kreis 10",1,"Einpersonenhaushalt",4123,4123
2023,102,"Wipkingen",10,"Kreis 10",4,"Zweipersonenhaushalt",1625,3250
2023,102,"Wipkingen",10,"Kreis 10",5,"Ehepaar ohne Kinder",727,1454
2023,102,"Wipkingen",10,"Kreis 10",6,"Eingetragenes Paar ohne Kinder",29,58
2023,102,"Wipkingen",10,"Kreis 10",7,"Ein-Elternhaushalt",381,890
2023,102,"Wipkingen",10,"Kreis 10",8,"Ehepaar mit Kind(ern)",862,3203
2023,102,"Wipkingen",10,"Kreis 10",9,"Eingetragenes Paar mit Kind(ern)",1,3
2023,102,"Wipkingen",10,"Kreis 10",10,"Paar mit Kind(ern)",380,1332
2023,102,"Wipkingen",10,"Kreis 10",11,"Patchwork-Haushalt",35,112
2023,102,"Wipkingen",10,"Kreis 10",12,"Wohngemeinschaft ohne Kinder",372,1275
2023,102,"Wipkingen",10,"Kreis 10",13,"Wohngemeinschaft mit Kind(ern)",90,444
2023,102,"Wipkingen",10,"Kreis 10",14,"Generationenhaushalt",19,81
2023,111,"Affoltern",11,"Kreis 11",1,"Einpersonenhaushalt",4312,4312
2023,111,"Affoltern",11,"Kreis 11",4,"Zweipersonenhaushalt",1375,2750
2023,111,"Affoltern",11,"Kreis 11",5,"Ehepaar ohne Kinder",1581,3162
2023,111,"Affoltern",11,"Kreis 11",6,"Eingetragenes Paar ohne Kinder",11,22
2023,111,"Affoltern",11,"Kreis 11",7,"Ein-Elternhaushalt",802,2045
2023,111,"Affoltern",11,"Kreis 11",8,"Ehepaar mit Kind(ern)",2438,9352
2023,111,"Affoltern",11,"Kreis 11",9,"Eingetragenes Paar mit Kind(ern)",1,3
2023,111,"Affoltern",11,"Kreis 11",10,"Paar mit Kind(ern)",297,1068
2023,111,"Affoltern",11,"Kreis 11",11,"Patchwork-Haushalt",79,268
2023,111,"Affoltern",11,"Kreis 11",12,"Wohngemeinschaft ohne Kinder",479,1609
2023,111,"Affoltern",11,"Kreis 11",13,"Wohngemeinschaft mit Kind(ern)",223,1030
2023,111,"Affoltern",11,"Kreis 11",14,"Generationenhaushalt",110,573
2023,115,"Oerlikon",11,"Kreis 11",1,"Einpersonenhaushalt",5334,5334
2023,115,"Oerlikon",11,"Kreis 11",4,"Zweipersonenhaushalt",2101,4202
2023,115,"Oerlikon",11,"Kreis 11",5,"Ehepaar ohne Kinder",1199,2398
2023,115,"Oerlikon",11,"Kreis 11",6,"Eingetragenes Paar ohne Kinder",30,60
2023,115,"Oerlikon",11,"Kreis 11",7,"Ein-Elternhaushalt",470,1160
2023,115,"Oerlikon",11,"Kreis 11",8,"Ehepaar mit Kind(ern)",1419,5302
2023,115,"Oerlikon",11,"Kreis 11",9,"Eingetragenes Paar mit Kind(ern)",2,7
2023,115,"Oerlikon",11,"Kreis 11",10,"Paar mit Kind(ern)",276,977
2023,115,"Oerlikon",11,"Kreis 11",11,"Patchwork-Haushalt",51,170
2023,115,"Oerlikon",11,"Kreis 11",12,"Wohngemeinschaft ohne Kinder",713,2405
2023,115,"Oerlikon",11,"Kreis 11",13,"Wohngemeinschaft mit Kind(ern)",141,657
2023,115,"Oerlikon",11,"Kreis 11",14,"Generationenhaushalt",26,123
2023,119,"Seebach",11,"Kreis 11",1,"Einpersonenhaushalt",5387,5387
2023,119,"Seebach",11,"Kreis 11",4,"Zweipersonenhaushalt",1734,3468
2023,119,"Seebach",11,"Kreis 11",5,"Ehepaar ohne Kinder",1622,3244
2023,119,"Seebach",11,"Kreis 11",6,"Eingetragenes Paar ohne Kinder",34,68
2023,119,"Seebach",11,"Kreis 11",7,"Ein-Elternhaushalt",697,1746
2023,119,"Seebach",11,"Kreis 11",8,"Ehepaar mit Kind(ern)",2147,8156
2023,119,"Seebach",11,"Kreis 11",9,"Eingetragenes Paar mit Kind(ern)",1,4
2023,119,"Seebach",11,"Kreis 11",10,"Paar mit Kind(ern)",279,990
2023,119,"Seebach",11,"Kreis 11",11,"Patchwork-Haushalt",72,239
2023,119,"Seebach",11,"Kreis 11",12,"Wohngemeinschaft ohne Kinder",628,2148
2023,119,"Seebach",11,"Kreis 11",13,"Wohngemeinschaft mit Kind(ern)",262,1203
2023,119,"Seebach",11,"Kreis 11",14,"Generationenhaushalt",81,426
2023,121,"Saatlen",12,"Kreis 12",1,"Einpersonenhaushalt",1061,1061
2023,121,"Saatlen",12,"Kreis 12",4,"Zweipersonenhaushalt",367,734
2023,121,"Saatlen",12,"Kreis 12",5,"Ehepaar ohne Kinder",391,782
2023,121,"Saatlen",12,"Kreis 12",6,"Eingetragenes Paar ohne Kinder",4,8
2023,121,"Saatlen",12,"Kreis 12",7,"Ein-Elternhaushalt",328,903
2023,121,"Saatlen",12,"Kreis 12",8,"Ehepaar mit Kind(ern)",880,3571
2023,121,"Saatlen",12,"Kreis 12",10,"Paar mit Kind(ern)",125,466
2023,121,"Saatlen",12,"Kreis 12",11,"Patchwork-Haushalt",22,74
2023,121,"Saatlen",12,"Kreis 12",12,"Wohngemeinschaft ohne Kinder",170,657
2023,121,"Saatlen",12,"Kreis 12",13,"Wohngemeinschaft mit Kind(ern)",68,344
2023,121,"Saatlen",12,"Kreis 12",14,"Generationenhaushalt",34,175
2023,122,"Schwamendingen-Mitte",12,"Kreis 12",1,"Einpersonenhaushalt",2573,2573
2023,122,"Schwamendingen-Mitte",12,"Kreis 12",4,"Zweipersonenhaushalt",800,1600
2023,122,"Schwamendingen-Mitte",12,"Kreis 12",5,"Ehepaar ohne Kinder",672,1344
2023,122,"Schwamendingen-Mitte",12,"Kreis 12",6,"Eingetragenes Paar ohne Kinder",16,32
2023,122,"Schwamendingen-Mitte",12,"Kreis 12",7,"Ein-Elternhaushalt",314,777
2023,122,"Schwamendingen-Mitte",12,"Kreis 12",8,"Ehepaar mit Kind(ern)",739,2737
2023,122,"Schwamendingen-Mitte",12,"Kreis 12",10,"Paar mit Kind(ern)",111,405
2023,122,"Schwamendingen-Mitte",12,"Kreis 12",11,"Patchwork-Haushalt",34,110
2023,122,"Schwamendingen-Mitte",12,"Kreis 12",12,"Wohngemeinschaft ohne Kinder",337,1130
2023,122,"Schwamendingen-Mitte",12,"Kreis 12",13,"Wohngemeinschaft mit Kind(ern)",84,376
2023,122,"Schwamendingen-Mitte",12,"Kreis 12",14,"Generationenhaushalt",38,170
2023,122,"Schwamendingen-Mitte",12,"Kreis 12",15,"Familien-Verbund",1,5
2023,123,"Hirzenbach",12,"Kreis 12",1,"Einpersonenhaushalt",2321,2321
2023,123,"Hirzenbach",12,"Kreis 12",4,"Zweipersonenhaushalt",714,1428
2023,123,"Hirzenbach",12,"Kreis 12",5,"Ehepaar ohne Kinder",731,1462
2023,123,"Hirzenbach",12,"Kreis 12",6,"Eingetragenes Paar ohne Kinder",5,10
2023,123,"Hirzenbach",12,"Kreis 12",7,"Ein-Elternhaushalt",411,1060
2023,123,"Hirzenbach",12,"Kreis 12",8,"Ehepaar mit Kind(ern)",1145,4428
2023,123,"Hirzenbach",12,"Kreis 12",9,"Eingetragenes Paar mit Kind(ern)",1,4
2023,123,"Hirzenbach",12,"Kreis 12",10,"Paar mit Kind(ern)",146,529
2023,123,"Hirzenbach",12,"Kreis 12",11,"Patchwork-Haushalt",31,102
2023,123,"Hirzenbach",12,"Kreis 12",12,"Wohngemeinschaft ohne Kinder",243,806
2023,123,"Hirzenbach",12,"Kreis 12",13,"Wohngemeinschaft mit Kind(ern)",132,617
2023,123,"Hirzenbach",12,"Kreis 12",14,"Generationenhaushalt",34,158
2023,123,"Hirzenbach",12,"Kreis 12",15,"Familien-Verbund",1,5
2024,11,"Rathaus",1,"Kreis 1",1,"Einpersonenhaushalt",1123,1123
2024,11,"Rathaus",1,"Kreis 1",4,"Zweipersonenhaushalt",285,570
2024,11,"Rathaus",1,"Kreis 1",5,"Ehepaar ohne Kinder",188,376
2024,11,"Rathaus",1,"Kreis 1",6,"Eingetragenes Paar ohne Kinder",9,18
2024,11,"Rathaus",1,"Kreis 1",7,"Ein-Elternhaushalt",52,121
2024,11,"Rathaus",1,"Kreis 1",8,"Ehepaar mit Kind(ern)",112,414
2024,11,"Rathaus",1,"Kreis 1",10,"Paar mit Kind(ern)",23,83
2024,11,"Rathaus",1,"Kreis 1",11,"Patchwork-Haushalt",6,18
2024,11,"Rathaus",1,"Kreis 1",12,"Wohngemeinschaft ohne Kinder",89,320
2024,11,"Rathaus",1,"Kreis 1",13,"Wohngemeinschaft mit Kind(ern)",11,43
2024,11,"Rathaus",1,"Kreis 1",14,"Generationenhaushalt",3,14
2024,12,"Hochschulen",1,"Kreis 1",1,"Einpersonenhaushalt",133,133
2024,12,"Hochschulen",1,"Kreis 1",4,"Zweipersonenhaushalt",39,78
2024,12,"Hochschulen",1,"Kreis 1",5,"Ehepaar ohne Kinder",23,46
2024,12,"Hochschulen",1,"Kreis 1",6,"Eingetragenes Paar ohne Kinder",1,2
2024,12,"Hochschulen",1,"Kreis 1",7,"Ein-Elternhaushalt",9,22
2024,12,"Hochschulen",1,"Kreis 1",8,"Ehepaar mit Kind(ern)",18,68
2024,12,"Hochschulen",1,"Kreis 1",10,"Paar mit Kind(ern)",9,31
2024,12,"Hochschulen",1,"Kreis 1",11,"Patchwork-Haushalt",3,10
2024,12,"Hochschulen",1,"Kreis 1",12,"Wohngemeinschaft ohne Kinder",16,66
2024,12,"Hochschulen",1,"Kreis 1",13,"Wohngemeinschaft mit Kind(ern)",2,8
2024,12,"Hochschulen",1,"Kreis 1",14,"Generationenhaushalt",1,3
2024,13,"Lindenhof",1,"Kreis 1",1,"Einpersonenhaushalt",365,365
2024,13,"Lindenhof",1,"Kreis 1",4,"Zweipersonenhaushalt",99,198
2024,13,"Lindenhof",1,"Kreis 1",5,"Ehepaar ohne Kinder",53,106
2024,13,"Lindenhof",1,"Kreis 1",6,"Eingetragenes Paar ohne Kinder",3,6
2024,13,"Lindenhof",1,"Kreis 1",7,"Ein-Elternhaushalt",30,70
2024,13,"Lindenhof",1,"Kreis 1",8,"Ehepaar mit Kind(ern)",37,137
2024,13,"Lindenhof",1,"Kreis 1",10,"Paar mit Kind(ern)",5,16
2024,13,"Lindenhof",1,"Kreis 1",11,"Patchwork-Haushalt",1,5
2024,13,"Lindenhof",1,"Kreis 1",12,"Wohngemeinschaft ohne Kinder",22,81
2024,13,"Lindenhof",1,"Kreis 1",13,"Wohngemeinschaft mit Kind(ern)",9,40
2024,13,"Lindenhof",1,"Kreis 1",14,"Generationenhaushalt",1,3
2024,14,"City",1,"Kreis 1",1,"Einpersonenhaushalt",107,107
2024,14,"City",1,"Kreis 1",4,"Zweipersonenhaushalt",52,104
2024,14,"City",1,"Kreis 1",5,"Ehepaar ohne Kinder",29,58
2024,14,"City",1,"Kreis 1",6,"Eingetragenes Paar ohne Kinder",2,4
2024,14,"City",1,"Kreis 1",7,"Ein-Elternhaushalt",13,36
2024,14,"City",1,"Kreis 1",8,"Ehepaar mit Kind(ern)",48,183
2024,14,"City",1,"Kreis 1",10,"Paar mit Kind(ern)",10,35
2024,14,"City",1,"Kreis 1",11,"Patchwork-Haushalt",3,12
2024,14,"City",1,"Kreis 1",12,"Wohngemeinschaft ohne Kinder",27,103
2024,14,"City",1,"Kreis 1",13,"Wohngemeinschaft mit Kind(ern)",10,45
2024,14,"City",1,"Kreis 1",14,"Generationenhaushalt",2,13
2024,21,"Wollishofen",2,"Kreis 2",1,"Einpersonenhaushalt",4246,4246
2024,21,"Wollishofen",2,"Kreis 2",4,"Zweipersonenhaushalt",1445,2890
2024,21,"Wollishofen",2,"Kreis 2",5,"Ehepaar ohne Kinder",1174,2348
2024,21,"Wollishofen",2,"Kreis 2",6,"Eingetragenes Paar ohne Kinder",21,42
2024,21,"Wollishofen",2,"Kreis 2",7,"Ein-Elternhaushalt",579,1408
2024,21,"Wollishofen",2,"Kreis 2",8,"Ehepaar mit Kind(ern)",1705,6486
2024,21,"Wollishofen",2,"Kreis 2",9,"Eingetragenes Paar mit Kind(ern)",1,3
2024,21,"Wollishofen",2,"Kreis 2",10,"Paar mit Kind(ern)",437,1576
2024,21,"Wollishofen",2,"Kreis 2",11,"Patchwork-Haushalt",50,160
2024,21,"Wollishofen",2,"Kreis 2",12,"Wohngemeinschaft ohne Kinder",309,1040
2024,21,"Wollishofen",2,"Kreis 2",13,"Wohngemeinschaft mit Kind(ern)",175,823
2024,21,"Wollishofen",2,"Kreis 2",14,"Generationenhaushalt",37,189
2024,23,"Leimbach",2,"Kreis 2",1,"Einpersonenhaushalt",933,933
2024,23,"Leimbach",2,"Kreis 2",4,"Zweipersonenhaushalt",268,536
2024,23,"Leimbach",2,"Kreis 2",5,"Ehepaar ohne Kinder",354,708
2024,23,"Leimbach",2,"Kreis 2",6,"Eingetragenes Paar ohne Kinder",3,6
2024,23,"Leimbach",2,"Kreis 2",7,"Ein-Elternhaushalt",179,508
2024,23,"Leimbach",2,"Kreis 2",8,"Ehepaar mit Kind(ern)",610,2415
2024,23,"Leimbach",2,"Kreis 2",10,"Paar mit Kind(ern)",94,358
2024,23,"Leimbach",2,"Kreis 2",11,"Patchwork-Haushalt",17,63
2024,23,"Leimbach",2,"Kreis 2",12,"Wohngemeinschaft ohne Kinder",95,322
2024,23,"Leimbach",2,"Kreis 2",13,"Wohngemeinschaft mit Kind(ern)",69,352
2024,23,"Leimbach",2,"Kreis 2",14,"Generationenhaushalt",19,99
2024,24,"Enge",2,"Kreis 2",1,"Einpersonenhaushalt",2019,2019
2024,24,"Enge",2,"Kreis 2",4,"Zweipersonenhaushalt",814,1628
2024,24,"Enge",2,"Kreis 2",5,"Ehepaar ohne Kinder",502,1004
2024,24,"Enge",2,"Kreis 2",6,"Eingetragenes Paar ohne Kinder",12,24
2024,24,"Enge",2,"Kreis 2",7,"Ein-Elternhaushalt",158,383
2024,24,"Enge",2,"Kreis 2",8,"Ehepaar mit Kind(ern)",680,2651
2024,24,"Enge",2,"Kreis 2",9,"Eingetragenes Paar mit Kind(ern)",3,10
2024,24,"Enge",2,"Kreis 2",10,"Paar mit Kind(ern)",164,564
2024,24,"Enge",2,"Kreis 2",11,"Patchwork-Haushalt",21,70
2024,24,"Enge",2,"Kreis 2",12,"Wohngemeinschaft ohne Kinder",232,809
2024,24,"Enge",2,"Kreis 2",13,"Wohngemeinschaft mit Kind(ern)",79,395
2024,24,"Enge",2,"Kreis 2",14,"Generationenhaushalt",19,105
2024,31,"Alt-Wiedikon",3,"Kreis 3",1,"Einpersonenhaushalt",4481,4481
2024,31,"Alt-Wiedikon",3,"Kreis 3",4,"Zweipersonenhaushalt",1802,3604
2024,31,"Alt-Wiedikon",3,"Kreis 3",5,"Ehepaar ohne Kinder",761,1522
2024,31,"Alt-Wiedikon",3,"Kreis 3",6,"Eingetragenes Paar ohne Kinder",19,38
2024,31,"Alt-Wiedikon",3,"Kreis 3",7,"Ein-Elternhaushalt",277,669
2024,31,"Alt-Wiedikon",3,"Kreis 3",8,"Ehepaar mit Kind(ern)",1052,4241
2024,31,"Alt-Wiedikon",3,"Kreis 3",9,"Eingetragenes Paar mit Kind(ern)",1,4
2024,31,"Alt-Wiedikon",3,"Kreis 3",10,"Paar mit Kind(ern)",274,954
2024,31,"Alt-Wiedikon",3,"Kreis 3",11,"Patchwork-Haushalt",38,121
2024,31,"Alt-Wiedikon",3,"Kreis 3",12,"Wohngemeinschaft ohne Kinder",410,1378
2024,31,"Alt-Wiedikon",3,"Kreis 3",13,"Wohngemeinschaft mit Kind(ern)",143,768
2024,31,"Alt-Wiedikon",3,"Kreis 3",14,"Generationenhaushalt",30,199
2024,33,"Friesenberg",3,"Kreis 3",1,"Einpersonenhaushalt",1391,1391
2024,33,"Friesenberg",3,"Kreis 3",4,"Zweipersonenhaushalt",373,746
2024,33,"Friesenberg",3,"Kreis 3",5,"Ehepaar ohne Kinder",624,1248
2024,33,"Friesenberg",3,"Kreis 3",6,"Eingetragenes Paar ohne Kinder",2,4
2024,33,"Friesenberg",3,"Kreis 3",7,"Ein-Elternhaushalt",396,1046
2024,33,"Friesenberg",3,"Kreis 3",8,"Ehepaar mit Kind(ern)",1117,4555
2024,33,"Friesenberg",3,"Kreis 3",10,"Paar mit Kind(ern)",210,804
2024,33,"Friesenberg",3,"Kreis 3",11,"Patchwork-Haushalt",14,52
2024,33,"Friesenberg",3,"Kreis 3",12,"Wohngemeinschaft ohne Kinder",59,199
2024,33,"Friesenberg",3,"Kreis 3",13,"Wohngemeinschaft mit Kind(ern)",62,289
2024,33,"Friesenberg",3,"Kreis 3",14,"Generationenhaushalt",22,116
2024,34,"Sihlfeld",3,"Kreis 3",1,"Einpersonenhaushalt",5736,5736
2024,34,"Sihlfeld",3,"Kreis 3",4,"Zweipersonenhaushalt",2310,4620
2024,34,"Sihlfeld",3,"Kreis 3",5,"Ehepaar ohne Kinder",844,1688
2024,34,"Sihlfeld",3,"Kreis 3",6,"Eingetragenes Paar ohne Kinder",22,44
2024,34,"Sihlfeld",3,"Kreis 3",7,"Ein-Elternhaushalt",470,1133
2024,34,"Sihlfeld",3,"Kreis 3",8,"Ehepaar mit Kind(ern)",1011,3972
2024,34,"Sihlfeld",3,"Kreis 3",9,"Eingetragenes Paar mit Kind(ern)",2,8
2024,34,"Sihlfeld",3,"Kreis 3",10,"Paar mit Kind(ern)",335,1160
2024,34,"Sihlfeld",3,"Kreis 3",11,"Patchwork-Haushalt",49,157
2024,34,"Sihlfeld",3,"Kreis 3",12,"Wohngemeinschaft ohne Kinder",514,1680
2024,34,"Sihlfeld",3,"Kreis 3",13,"Wohngemeinschaft mit Kind(ern)",138,714
2024,34,"Sihlfeld",3,"Kreis 3",14,"Generationenhaushalt",50,322
2024,41,"Werd",4,"Kreis 4",1,"Einpersonenhaushalt",1014,1014
2024,41,"Werd",4,"Kreis 4",4,"Zweipersonenhaushalt",508,1016
2024,41,"Werd",4,"Kreis 4",5,"Ehepaar ohne Kinder",139,278
2024,41,"Werd",4,"Kreis 4",6,"Eingetragenes Paar ohne Kinder",8,16
2024,41,"Werd",4,"Kreis 4",7,"Ein-Elternhaushalt",47,113
2024,41,"Werd",4,"Kreis 4",8,"Ehepaar mit Kind(ern)",187,762
2024,41,"Werd",4,"Kreis 4",10,"Paar mit Kind(ern)",71,236
2024,41,"Werd",4,"Kreis 4",11,"Patchwork-Haushalt",10,30
2024,41,"Werd",4,"Kreis 4",12,"Wohngemeinschaft ohne Kinder",149,520
2024,41,"Werd",4,"Kreis 4",13,"Wohngemeinschaft mit Kind(ern)",34,204
2024,41,"Werd",4,"Kreis 4",14,"Generationenhaushalt",23,160
2024,41,"Werd",4,"Kreis 4",15,"Familien-Verbund",1,4
2024,42,"Langstrasse",4,"Kreis 4",1,"Einpersonenhaushalt",3535,3535
2024,42,"Langstrasse",4,"Kreis 4",4,"Zweipersonenhaushalt",1567,3134
2024,42,"Langstrasse",4,"Kreis 4",5,"Ehepaar ohne Kinder",414,828
2024,42,"Langstrasse",4,"Kreis 4",6,"Eingetragenes Paar ohne Kinder",28,56
2024,42,"Langstrasse",4,"Kreis 4",7,"Ein-Elternhaushalt",108,240
2024,42,"Langstrasse",4,"Kreis 4",8,"Ehepaar mit Kind(ern)",291,1030
2024,42,"Langstrasse",4,"Kreis 4",10,"Paar mit Kind(ern)",123,415
2024,42,"Langstrasse",4,"Kreis 4",11,"Patchwork-Haushalt",17,54
2024,42,"Langstrasse",4,"Kreis 4",12,"Wohngemeinschaft ohne Kinder",487,1660
2024,42,"Langstrasse",4,"Kreis 4",13,"Wohngemeinschaft mit Kind(ern)",54,262
2024,42,"Langstrasse",4,"Kreis 4",14,"Generationenhaushalt",17,76
2024,44,"Hard",4,"Kreis 4",1,"Einpersonenhaushalt",3133,3133
2024,44,"Hard",4,"Kreis 4",4,"Zweipersonenhaushalt",1373,2746
2024,44,"Hard",4,"Kreis 4",5,"Ehepaar ohne Kinder",457,914
2024,44,"Hard",4,"Kreis 4",6,"Eingetragenes Paar ohne Kinder",13,26
2024,44,"Hard",4,"Kreis 4",7,"Ein-Elternhaushalt",405,978
2024,44,"Hard",4,"Kreis 4",8,"Ehepaar mit Kind(ern)",623,2360
2024,44,"Hard",4,"Kreis 4",10,"Paar mit Kind(ern)",203,722
2024,44,"Hard",4,"Kreis 4",11,"Patchwork-Haushalt",27,87
2024,44,"Hard",4,"Kreis 4",12,"Wohngemeinschaft ohne Kinder",414,1427
2024,44,"Hard",4,"Kreis 4",13,"Wohngemeinschaft mit Kind(ern)",75,340
2024,44,"Hard",4,"Kreis 4",14,"Generationenhaushalt",32,161
2024,51,"Gewerbeschule",5,"Kreis 5",1,"Einpersonenhaushalt",2530,2530
2024,51,"Gewerbeschule",5,"Kreis 5",4,"Zweipersonenhaushalt",1100,2200
2024,51,"Gewerbeschule",5,"Kreis 5",5,"Ehepaar ohne Kinder",321,642
2024,51,"Gewerbeschule",5,"Kreis 5",6,"Eingetragenes Paar ohne Kinder",12,24
2024,51,"Gewerbeschule",5,"Kreis 5",7,"Ein-Elternhaushalt",208,509
2024,51,"Gewerbeschule",5,"Kreis 5",8,"Ehepaar mit Kind(ern)",386,1447
2024,51,"Gewerbeschule",5,"Kreis 5",9,"Eingetragenes Paar mit Kind(ern)",1,3
2024,51,"Gewerbeschule",5,"Kreis 5",10,"Paar mit Kind(ern)",158,552
2024,51,"Gewerbeschule",5,"Kreis 5",11,"Patchwork-Haushalt",22,68
2024,51,"Gewerbeschule",5,"Kreis 5",12,"Wohngemeinschaft ohne Kinder",279,960
2024,51,"Gewerbeschule",5,"Kreis 5",13,"Wohngemeinschaft mit Kind(ern)",73,348
2024,51,"Gewerbeschule",5,"Kreis 5",14,"Generationenhaushalt",19,103
2024,52,"Escher Wyss",5,"Kreis 5",1,"Einpersonenhaushalt",1084,1084
2024,52,"Escher Wyss",5,"Kreis 5",4,"Zweipersonenhaushalt",709,1418
2024,52,"Escher Wyss",5,"Kreis 5",5,"Ehepaar ohne Kinder",307,614
2024,52,"Escher Wyss",5,"Kreis 5",6,"Eingetragenes Paar ohne Kinder",23,46
2024,52,"Escher Wyss",5,"Kreis 5",7,"Ein-Elternhaushalt",81,193
2024,52,"Escher Wyss",5,"Kreis 5",8,"Ehepaar mit Kind(ern)",308,1100
2024,52,"Escher Wyss",5,"Kreis 5",9,"Eingetragenes Paar mit Kind(ern)",1,4
2024,52,"Escher Wyss",5,"Kreis 5",10,"Paar mit Kind(ern)",141,488
2024,52,"Escher Wyss",5,"Kreis 5",11,"Patchwork-Haushalt",18,58
2024,52,"Escher Wyss",5,"Kreis 5",12,"Wohngemeinschaft ohne Kinder",212,717
2024,52,"Escher Wyss",5,"Kreis 5",13,"Wohngemeinschaft mit Kind(ern)",63,295
2024,52,"Escher Wyss",5,"Kreis 5",14,"Generationenhaushalt",5,22
2024,61,"Unterstrass",6,"Kreis 6",1,"Einpersonenhaushalt",5141,5141
2024,61,"Unterstrass",6,"Kreis 6",4,"Zweipersonenhaushalt",2147,4294
2024,61,"Unterstrass",6,"Kreis 6",5,"Ehepaar ohne Kinder",1205,2410
2024,61,"Unterstrass",6,"Kreis 6",6,"Eingetragenes Paar ohne Kinder",22,44
2024,61,"Unterstrass",6,"Kreis 6",7,"Ein-Elternhaushalt",588,1445
2024,61,"Unterstrass",6,"Kreis 6",8,"Ehepaar mit Kind(ern)",1720,6605
2024,61,"Unterstrass",6,"Kreis 6",9,"Eingetragenes Paar mit Kind(ern)",2,6
2024,61,"Unterstrass",6,"Kreis 6",10,"Paar mit Kind(ern)",507,1812
2024,61,"Unterstrass",6,"Kreis 6",11,"Patchwork-Haushalt",51,166
2024,61,"Unterstrass",6,"Kreis 6",12,"Wohngemeinschaft ohne Kinder",576,1982
2024,61,"Unterstrass",6,"Kreis 6",13,"Wohngemeinschaft mit Kind(ern)",149,678
2024,61,"Unterstrass",6,"Kreis 6",14,"Generationenhaushalt",24,122
2024,63,"Oberstrass",6,"Kreis 6",1,"Einpersonenhaushalt",2430,2430
2024,63,"Oberstrass",6,"Kreis 6",4,"Zweipersonenhaushalt",804,1608
2024,63,"Oberstrass",6,"Kreis 6",5,"Ehepaar ohne Kinder",597,1194
2024,63,"Oberstrass",6,"Kreis 6",6,"Eingetragenes Paar ohne Kinder",14,28
2024,63,"Oberstrass",6,"Kreis 6",7,"Ein-Elternhaushalt",204,496
2024,63,"Oberstrass",6,"Kreis 6",8,"Ehepaar mit Kind(ern)",708,2652
2024,63,"Oberstrass",6,"Kreis 6",10,"Paar mit Kind(ern)",207,745
2024,63,"Oberstrass",6,"Kreis 6",11,"Patchwork-Haushalt",23,75
2024,63,"Oberstrass",6,"Kreis 6",12,"Wohngemeinschaft ohne Kinder",250,896
2024,63,"Oberstrass",6,"Kreis 6",13,"Wohngemeinschaft mit Kind(ern)",84,378
2024,63,"Oberstrass",6,"Kreis 6",14,"Generationenhaushalt",15,76
2024,71,"Fluntern",7,"Kreis 7",1,"Einpersonenhaushalt",1486,1486
2024,71,"Fluntern",7,"Kreis 7",4,"Zweipersonenhaushalt",476,952
2024,71,"Fluntern",7,"Kreis 7",5,"Ehepaar ohne Kinder",630,1260
2024,71,"Fluntern",7,"Kreis 7",6,"Eingetragenes Paar ohne Kinder",16,32
2024,71,"Fluntern",7,"Kreis 7",7,"Ein-Elternhaushalt",172,430
2024,71,"Fluntern",7,"Kreis 7",8,"Ehepaar mit Kind(ern)",714,2704
2024,71,"Fluntern",7,"Kreis 7",9,"Eingetragenes Paar mit Kind(ern)",1,4
2024,71,"Fluntern",7,"Kreis 7",10,"Paar mit Kind(ern)",126,448
2024,71,"Fluntern",7,"Kreis 7",11,"Patchwork-Haushalt",18,62
2024,71,"Fluntern",7,"Kreis 7",12,"Wohngemeinschaft ohne Kinder",133,511
2024,71,"Fluntern",7,"Kreis 7",13,"Wohngemeinschaft mit Kind(ern)",89,437
2024,71,"Fluntern",7,"Kreis 7",14,"Generationenhaushalt",14,62
2024,72,"Hottingen",7,"Kreis 7",1,"Einpersonenhaushalt",2521,2521
2024,72,"Hottingen",7,"Kreis 7",4,"Zweipersonenhaushalt",797,1594
2024,72,"Hottingen",7,"Kreis 7",5,"Ehepaar ohne Kinder",597,1194
2024,72,"Hottingen",7,"Kreis 7",6,"Eingetragenes Paar ohne Kinder",19,38
2024,72,"Hottingen",7,"Kreis 7",7,"Ein-Elternhaushalt",223,534
2024,72,"Hottingen",7,"Kreis 7",8,"Ehepaar mit Kind(ern)",810,3048
2024,72,"Hottingen",7,"Kreis 7",10,"Paar mit Kind(ern)",196,710
2024,72,"Hottingen",7,"Kreis 7",11,"Patchwork-Haushalt",25,85
2024,72,"Hottingen",7,"Kreis 7",12,"Wohngemeinschaft ohne Kinder",198,725
2024,72,"Hottingen",7,"Kreis 7",13,"Wohngemeinschaft mit Kind(ern)",105,503
2024,72,"Hottingen",7,"Kreis 7",14,"Generationenhaushalt",15,68
2024,73,"Hirslanden",7,"Kreis 7",1,"Einpersonenhaushalt",1739,1739
2024,73,"Hirslanden",7,"Kreis 7",4,"Zweipersonenhaushalt",560,1120
2024,73,"Hirslanden",7,"Kreis 7",5,"Ehepaar ohne Kinder",405,810
2024,73,"Hirslanden",7,"Kreis 7",6,"Eingetragenes Paar ohne Kinder",5,10
2024,73,"Hirslanden",7,"Kreis 7",7,"Ein-Elternhaushalt",158,376
2024,73,"Hirslanden",7,"Kreis 7",8,"Ehepaar mit Kind(ern)",460,1722
2024,73,"Hirslanden",7,"Kreis 7",9,"Eingetragenes Paar mit Kind(ern)",1,3
2024,73,"Hirslanden",7,"Kreis 7",10,"Paar mit Kind(ern)",125,436
2024,73,"Hirslanden",7,"Kreis 7",11,"Patchwork-Haushalt",17,53
2024,73,"Hirslanden",7,"Kreis 7",12,"Wohngemeinschaft ohne Kinder",180,633
2024,73,"Hirslanden",7,"Kreis 7",13,"Wohngemeinschaft mit Kind(ern)",57,268
2024,73,"Hirslanden",7,"Kreis 7",14,"Generationenhaushalt",14,72
2024,74,"Witikon",7,"Kreis 7",1,"Einpersonenhaushalt",2345,2345
2024,74,"Witikon",7,"Kreis 7",4,"Zweipersonenhaushalt",587,1174
2024,74,"Witikon",7,"Kreis 7",5,"Ehepaar ohne Kinder",851,1702
2024,74,"Witikon",7,"Kreis 7",6,"Eingetragenes Paar ohne Kinder",10,20
2024,74,"Witikon",7,"Kreis 7",7,"Ein-Elternhaushalt",276,691
2024,74,"Witikon",7,"Kreis 7",8,"Ehepaar mit Kind(ern)",988,3729
2024,74,"Witikon",7,"Kreis 7",9,"Eingetragenes Paar mit Kind(ern)",1,3
2024,74,"Witikon",7,"Kreis 7",10,"Paar mit Kind(ern)",162,574
2024,74,"Witikon",7,"Kreis 7",11,"Patchwork-Haushalt",21,71
2024,74,"Witikon",7,"Kreis 7",12,"Wohngemeinschaft ohne Kinder",171,595
2024,74,"Witikon",7,"Kreis 7",13,"Wohngemeinschaft mit Kind(ern)",77,365
2024,74,"Witikon",7,"Kreis 7",14,"Generationenhaushalt",15,70
2024,81,"Seefeld",8,"Kreis 8",1,"Einpersonenhaushalt",1770,1770
2024,81,"Seefeld",8,"Kreis 8",4,"Zweipersonenhaushalt",498,996
2024,81,"Seefeld",8,"Kreis 8",5,"Ehepaar ohne Kinder",290,580
2024,81,"Seefeld",8,"Kreis 8",6,"Eingetragenes Paar ohne Kinder",5,10
2024,81,"Seefeld",8,"Kreis 8",7,"Ein-Elternhaushalt",129,309
2024,81,"Seefeld",8,"Kreis 8",8,"Ehepaar mit Kind(ern)",322,1180
2024,81,"Seefeld",8,"Kreis 8",10,"Paar mit Kind(ern)",78,267
2024,81,"Seefeld",8,"Kreis 8",11,"Patchwork-Haushalt",21,68
2024,81,"Seefeld",8,"Kreis 8",12,"Wohngemeinschaft ohne Kinder",97,317
2024,81,"Seefeld",8,"Kreis 8",13,"Wohngemeinschaft mit Kind(ern)",51,242
2024,81,"Seefeld",8,"Kreis 8",14,"Generationenhaushalt",4,19
2024,82,"Mühlebach",8,"Kreis 8",1,"Einpersonenhaushalt",1758,1758
2024,82,"Mühlebach",8,"Kreis 8",4,"Zweipersonenhaushalt",539,1078
2024,82,"Mühlebach",8,"Kreis 8",5,"Ehepaar ohne Kinder",324,648
2024,82,"Mühlebach",8,"Kreis 8",6,"Eingetragenes Paar ohne Kinder",11,22
2024,82,"Mühlebach",8,"Kreis 8",7,"Ein-Elternhaushalt",130,308
2024,82,"Mühlebach",8,"Kreis 8",8,"Ehepaar mit Kind(ern)",390,1437
2024,82,"Mühlebach",8,"Kreis 8",9,"Eingetragenes Paar mit Kind(ern)",1,3
2024,82,"Mühlebach",8,"Kreis 8",10,"Paar mit Kind(ern)",72,246
2024,82,"Mühlebach",8,"Kreis 8",11,"Patchwork-Haushalt",8,26
2024,82,"Mühlebach",8,"Kreis 8",12,"Wohngemeinschaft ohne Kinder",123,414
2024,82,"Mühlebach",8,"Kreis 8",13,"Wohngemeinschaft mit Kind(ern)",47,221
2024,82,"Mühlebach",8,"Kreis 8",14,"Generationenhaushalt",9,47
2024,83,"Weinegg",8,"Kreis 8",1,"Einpersonenhaushalt",1177,1177
2024,83,"Weinegg",8,"Kreis 8",4,"Zweipersonenhaushalt",365,730
2024,83,"Weinegg",8,"Kreis 8",5,"Ehepaar ohne Kinder",307,614
2024,83,"Weinegg",8,"Kreis 8",6,"Eingetragenes Paar ohne Kinder",7,14
2024,83,"Weinegg",8,"Kreis 8",7,"Ein-Elternhaushalt",135,310
2024,83,"Weinegg",8,"Kreis 8",8,"Ehepaar mit Kind(ern)",371,1396
2024,83,"Weinegg",8,"Kreis 8",10,"Paar mit Kind(ern)",74,251
2024,83,"Weinegg",8,"Kreis 8",11,"Patchwork-Haushalt",14,45
2024,83,"Weinegg",8,"Kreis 8",12,"Wohngemeinschaft ohne Kinder",82,293
2024,83,"Weinegg",8,"Kreis 8",13,"Wohngemeinschaft mit Kind(ern)",57,279
2024,83,"Weinegg",8,"Kreis 8",14,"Generationenhaushalt",7,37
2024,91,"Albisrieden",9,"Kreis 9",1,"Einpersonenhaushalt",4801,4801
2024,91,"Albisrieden",9,"Kreis 9",4,"Zweipersonenhaushalt",1692,3384
2024,91,"Albisrieden",9,"Kreis 9",5,"Ehepaar ohne Kinder",1336,2672
2024,91,"Albisrieden",9,"Kreis 9",6,"Eingetragenes Paar ohne Kinder",21,42
2024,91,"Albisrieden",9,"Kreis 9",7,"Ein-Elternhaushalt",598,1441
2024,91,"Albisrieden",9,"Kreis 9",8,"Ehepaar mit Kind(ern)",1795,6721
2024,91,"Albisrieden",9,"Kreis 9",9,"Eingetragenes Paar mit Kind(ern)",2,6
2024,91,"Albisrieden",9,"Kreis 9",10,"Paar mit Kind(ern)",514,1844
2024,91,"Albisrieden",9,"Kreis 9",11,"Patchwork-Haushalt",60,199
2024,91,"Albisrieden",9,"Kreis 9",12,"Wohngemeinschaft ohne Kinder",350,1158
2024,91,"Albisrieden",9,"Kreis 9",13,"Wohngemeinschaft mit Kind(ern)",149,695
2024,91,"Albisrieden",9,"Kreis 9",14,"Generationenhaushalt",44,218
2024,92,"Altstetten",9,"Kreis 9",1,"Einpersonenhaushalt",8074,8074
2024,92,"Altstetten",9,"Kreis 9",4,"Zweipersonenhaushalt",2877,5754
2024,92,"Altstetten",9,"Kreis 9",5,"Ehepaar ohne Kinder",2045,4090
2024,92,"Altstetten",9,"Kreis 9",6,"Eingetragenes Paar ohne Kinder",28,56
2024,92,"Altstetten",9,"Kreis 9",7,"Ein-Elternhaushalt",845,2068
2024,92,"Altstetten",9,"Kreis 9",8,"Ehepaar mit Kind(ern)",2434,9141
2024,92,"Altstetten",9,"Kreis 9",9,"Eingetragenes Paar mit Kind(ern)",1,5
2024,92,"Altstetten",9,"Kreis 9",10,"Paar mit Kind(ern)",539,1875
2024,92,"Altstetten",9,"Kreis 9",11,"Patchwork-Haushalt",107,358
2024,92,"Altstetten",9,"Kreis 9",12,"Wohngemeinschaft ohne Kinder",720,2503
2024,92,"Altstetten",9,"Kreis 9",13,"Wohngemeinschaft mit Kind(ern)",247,1145
2024,92,"Altstetten",9,"Kreis 9",14,"Generationenhaushalt",88,451
2024,101,"Höngg",10,"Kreis 10",1,"Einpersonenhaushalt",4531,4531
2024,101,"Höngg",10,"Kreis 10",4,"Zweipersonenhaushalt",1590,3180
2024,101,"Höngg",10,"Kreis 10",5,"Ehepaar ohne Kinder",1489,2978
2024,101,"Höngg",10,"Kreis 10",6,"Eingetragenes Paar ohne Kinder",24,48
2024,101,"Höngg",10,"Kreis 10",7,"Ein-Elternhaushalt",671,1639
2024,101,"Höngg",10,"Kreis 10",8,"Ehepaar mit Kind(ern)",1870,7059
2024,101,"Höngg",10,"Kreis 10",10,"Paar mit Kind(ern)",427,1519
2024,101,"Höngg",10,"Kreis 10",11,"Patchwork-Haushalt",49,164
2024,101,"Höngg",10,"Kreis 10",12,"Wohngemeinschaft ohne Kinder",348,1226
2024,101,"Höngg",10,"Kreis 10",13,"Wohngemeinschaft mit Kind(ern)",181,890
2024,101,"Höngg",10,"Kreis 10",14,"Generationenhaushalt",26,119
2024,102,"Wipkingen",10,"Kreis 10",1,"Einpersonenhaushalt",4122,4122
2024,102,"Wipkingen",10,"Kreis 10",4,"Zweipersonenhaushalt",1635,3270
2024,102,"Wipkingen",10,"Kreis 10",5,"Ehepaar ohne Kinder",711,1422
2024,102,"Wipkingen",10,"Kreis 10",6,"Eingetragenes Paar ohne Kinder",24,48
2024,102,"Wipkingen",10,"Kreis 10",7,"Ein-Elternhaushalt",393,924
2024,102,"Wipkingen",10,"Kreis 10",8,"Ehepaar mit Kind(ern)",848,3152
2024,102,"Wipkingen",10,"Kreis 10",9,"Eingetragenes Paar mit Kind(ern)",1,3
2024,102,"Wipkingen",10,"Kreis 10",10,"Paar mit Kind(ern)",397,1391
2024,102,"Wipkingen",10,"Kreis 10",11,"Patchwork-Haushalt",29,95
2024,102,"Wipkingen",10,"Kreis 10",12,"Wohngemeinschaft ohne Kinder",371,1270
2024,102,"Wipkingen",10,"Kreis 10",13,"Wohngemeinschaft mit Kind(ern)",99,478
2024,102,"Wipkingen",10,"Kreis 10",14,"Generationenhaushalt",16,70
2024,111,"Affoltern",11,"Kreis 11",1,"Einpersonenhaushalt",4329,4329
2024,111,"Affoltern",11,"Kreis 11",4,"Zweipersonenhaushalt",1355,2710
2024,111,"Affoltern",11,"Kreis 11",5,"Ehepaar ohne Kinder",1557,3114
2024,111,"Affoltern",11,"Kreis 11",6,"Eingetragenes Paar ohne Kinder",7,14
2024,111,"Affoltern",11,"Kreis 11",7,"Ein-Elternhaushalt",840,2147
2024,111,"Affoltern",11,"Kreis 11",8,"Ehepaar mit Kind(ern)",2450,9421
2024,111,"Affoltern",11,"Kreis 11",9,"Eingetragenes Paar mit Kind(ern)",1,3
2024,111,"Affoltern",11,"Kreis 11",10,"Paar mit Kind(ern)",332,1194
2024,111,"Affoltern",11,"Kreis 11",11,"Patchwork-Haushalt",77,265
2024,111,"Affoltern",11,"Kreis 11",12,"Wohngemeinschaft ohne Kinder",472,1595
2024,111,"Affoltern",11,"Kreis 11",13,"Wohngemeinschaft mit Kind(ern)",225,1047
2024,111,"Affoltern",11,"Kreis 11",14,"Generationenhaushalt",106,553
2024,115,"Oerlikon",11,"Kreis 11",1,"Einpersonenhaushalt",5334,5334
2024,115,"Oerlikon",11,"Kreis 11",4,"Zweipersonenhaushalt",2069,4138
2024,115,"Oerlikon",11,"Kreis 11",5,"Ehepaar ohne Kinder",1233,2466
2024,115,"Oerlikon",11,"Kreis 11",6,"Eingetragenes Paar ohne Kinder",25,50
2024,115,"Oerlikon",11,"Kreis 11",7,"Ein-Elternhaushalt",478,1174
2024,115,"Oerlikon",11,"Kreis 11",8,"Ehepaar mit Kind(ern)",1401,5264
2024,115,"Oerlikon",11,"Kreis 11",9,"Eingetragenes Paar mit Kind(ern)",1,4
2024,115,"Oerlikon",11,"Kreis 11",10,"Paar mit Kind(ern)",288,1019
2024,115,"Oerlikon",11,"Kreis 11",11,"Patchwork-Haushalt",43,148
2024,115,"Oerlikon",11,"Kreis 11",12,"Wohngemeinschaft ohne Kinder",707,2401
2024,115,"Oerlikon",11,"Kreis 11",13,"Wohngemeinschaft mit Kind(ern)",156,738
2024,115,"Oerlikon",11,"Kreis 11",14,"Generationenhaushalt",30,141
2024,119,"Seebach",11,"Kreis 11",1,"Einpersonenhaushalt",5485,5485
2024,119,"Seebach",11,"Kreis 11",4,"Zweipersonenhaushalt",1836,3673
2024,119,"Seebach",11,"Kreis 11",5,"Ehepaar ohne Kinder",1570,3140
2024,119,"Seebach",11,"Kreis 11",6,"Eingetragenes Paar ohne Kinder",30,60
2024,119,"Seebach",11,"Kreis 11",7,"Ein-Elternhaushalt",705,1774
2024,119,"Seebach",11,"Kreis 11",8,"Ehepaar mit Kind(ern)",2211,8411
2024,119,"Seebach",11,"Kreis 11",9,"Eingetragenes Paar mit Kind(ern)",1,4
2024,119,"Seebach",11,"Kreis 11",10,"Paar mit Kind(ern)",303,1080
2024,119,"Seebach",11,"Kreis 11",11,"Patchwork-Haushalt",69,230
2024,119,"Seebach",11,"Kreis 11",12,"Wohngemeinschaft ohne Kinder",626,2187
2024,119,"Seebach",11,"Kreis 11",13,"Wohngemeinschaft mit Kind(ern)",233,1060
2024,119,"Seebach",11,"Kreis 11",14,"Generationenhaushalt",89,461
2024,119,"Seebach",11,"Kreis 11",15,"Familien-Verbund",1,4
2024,121,"Saatlen",12,"Kreis 12",1,"Einpersonenhaushalt",1048,1048
2024,121,"Saatlen",12,"Kreis 12",4,"Zweipersonenhaushalt",360,720
2024,121,"Saatlen",12,"Kreis 12",5,"Ehepaar ohne Kinder",401,802
2024,121,"Saatlen",12,"Kreis 12",6,"Eingetragenes Paar ohne Kinder",3,6
2024,121,"Saatlen",12,"Kreis 12",7,"Ein-Elternhaushalt",326,890
2024,121,"Saatlen",12,"Kreis 12",8,"Ehepaar mit Kind(ern)",861,3500
2024,121,"Saatlen",12,"Kreis 12",10,"Paar mit Kind(ern)",134,504
2024,121,"Saatlen",12,"Kreis 12",11,"Patchwork-Haushalt",20,68
2024,121,"Saatlen",12,"Kreis 12",12,"Wohngemeinschaft ohne Kinder",172,657
2024,121,"Saatlen",12,"Kreis 12",13,"Wohngemeinschaft mit Kind(ern)",77,371
2024,121,"Saatlen",12,"Kreis 12",14,"Generationenhaushalt",34,176
2024,122,"Schwamendingen-Mitte",12,"Kreis 12",1,"Einpersonenhaushalt",2481,2481
2024,122,"Schwamendingen-Mitte",12,"Kreis 12",4,"Zweipersonenhaushalt",822,1644
2024,122,"Schwamendingen-Mitte",12,"Kreis 12",5,"Ehepaar ohne Kinder",652,1304
2024,122,"Schwamendingen-Mitte",12,"Kreis 12",6,"Eingetragenes Paar ohne Kinder",10,20
2024,122,"Schwamendingen-Mitte",12,"Kreis 12",7,"Ein-Elternhaushalt",314,778
2024,122,"Schwamendingen-Mitte",12,"Kreis 12",8,"Ehepaar mit Kind(ern)",741,2750
2024,122,"Schwamendingen-Mitte",12,"Kreis 12",10,"Paar mit Kind(ern)",111,399
2024,122,"Schwamendingen-Mitte",12,"Kreis 12",11,"Patchwork-Haushalt",43,142
2024,122,"Schwamendingen-Mitte",12,"Kreis 12",12,"Wohngemeinschaft ohne Kinder",346,1141
2024,122,"Schwamendingen-Mitte",12,"Kreis 12",13,"Wohngemeinschaft mit Kind(ern)",76,349
2024,122,"Schwamendingen-Mitte",12,"Kreis 12",14,"Generationenhaushalt",36,166
2024,123,"Hirzenbach",12,"Kreis 12",1,"Einpersonenhaushalt",2315,2315
2024,123,"Hirzenbach",12,"Kreis 12",4,"Zweipersonenhaushalt",686,1372
2024,123,"Hirzenbach",12,"Kreis 12",5,"Ehepaar ohne Kinder",678,1356
2024,123,"Hirzenbach",12,"Kreis 12",6,"Eingetragenes Paar ohne Kinder",6,12
2024,123,"Hirzenbach",12,"Kreis 12",7,"Ein-Elternhaushalt",370,963
2024,123,"Hirzenbach",12,"Kreis 12",8,"Ehepaar mit Kind(ern)",1103,4238
2024,123,"Hirzenbach",12,"Kreis 12",9,"Eingetragenes Paar mit Kind(ern)",1,4
2024,123,"Hirzenbach",12,"Kreis 12",10,"Paar mit Kind(ern)",142,517
2024,123,"Hirzenbach",12,"Kreis 12",11,"Patchwork-Haushalt",36,124
2024,123,"Hirzenbach",12,"Kreis 12",12,"Wohngemeinschaft ohne Kinder",231,764
2024,123,"Hirzenbach",12,"Kreis 12",13,"Wohngemeinschaft mit Kind(ern)",117,542
2024,123,"Hirzenbach",12,"Kreis 12",14,"Generationenhaushalt",35,166
2024,123,"Hirzenbach",12,"Kreis 12",15,"Familien-Verbund",1,5
2025,11,"Rathaus",1,"Kreis 1",1,"Einpersonenhaushalt",1160,1160
2025,11,"Rathaus",1,"Kreis 1",4,"Zweipersonenhaushalt",301,602
2025,11,"Rathaus",1,"Kreis 1",5,"Ehepaar ohne Kinder",168,336
2025,11,"Rathaus",1,"Kreis 1",6,"Eingetragenes Paar ohne Kinder",7,14
2025,11,"Rathaus",1,"Kreis 1",7,"Ein-Elternhaushalt",54,123
2025,11,"Rathaus",1,"Kreis 1",8,"Ehepaar mit Kind(ern)",118,429
2025,11,"Rathaus",1,"Kreis 1",10,"Paar mit Kind(ern)",19,72
2025,11,"Rathaus",1,"Kreis 1",11,"Patchwork-Haushalt",5,15
2025,11,"Rathaus",1,"Kreis 1",12,"Wohngemeinschaft ohne Kinder",79,277
2025,11,"Rathaus",1,"Kreis 1",13,"Wohngemeinschaft mit Kind(ern)",14,66
2025,11,"Rathaus",1,"Kreis 1",14,"Generationenhaushalt",2,8
2025,12,"Hochschulen",1,"Kreis 1",1,"Einpersonenhaushalt",142,142
2025,12,"Hochschulen",1,"Kreis 1",4,"Zweipersonenhaushalt",34,68
2025,12,"Hochschulen",1,"Kreis 1",5,"Ehepaar ohne Kinder",29,58
2025,12,"Hochschulen",1,"Kreis 1",6,"Eingetragenes Paar ohne Kinder",1,2
2025,12,"Hochschulen",1,"Kreis 1",7,"Ein-Elternhaushalt",8,18
2025,12,"Hochschulen",1,"Kreis 1",8,"Ehepaar mit Kind(ern)",16,62
2025,12,"Hochschulen",1,"Kreis 1",10,"Paar mit Kind(ern)",9,31
2025,12,"Hochschulen",1,"Kreis 1",11,"Patchwork-Haushalt",1,3
2025,12,"Hochschulen",1,"Kreis 1",12,"Wohngemeinschaft ohne Kinder",16,64
2025,12,"Hochschulen",1,"Kreis 1",13,"Wohngemeinschaft mit Kind(ern)",3,14
2025,12,"Hochschulen",1,"Kreis 1",14,"Generationenhaushalt",1,3
2025,13,"Lindenhof",1,"Kreis 1",1,"Einpersonenhaushalt",358,358
2025,13,"Lindenhof",1,"Kreis 1",4,"Zweipersonenhaushalt",104,208
2025,13,"Lindenhof",1,"Kreis 1",5,"Ehepaar ohne Kinder",54,108
2025,13,"Lindenhof",1,"Kreis 1",6,"Eingetragenes Paar ohne Kinder",3,6
2025,13,"Lindenhof",1,"Kreis 1",7,"Ein-Elternhaushalt",27,66
2025,13,"Lindenhof",1,"Kreis 1",8,"Ehepaar mit Kind(ern)",39,142
2025,13,"Lindenhof",1,"Kreis 1",10,"Paar mit Kind(ern)",8,26
2025,13,"Lindenhof",1,"Kreis 1",11,"Patchwork-Haushalt",2,9
2025,13,"Lindenhof",1,"Kreis 1",12,"Wohngemeinschaft ohne Kinder",20,72
2025,13,"Lindenhof",1,"Kreis 1",13,"Wohngemeinschaft mit Kind(ern)",8,36
2025,14,"City",1,"Kreis 1",1,"Einpersonenhaushalt",108,108
2025,14,"City",1,"Kreis 1",4,"Zweipersonenhaushalt",46,92
2025,14,"City",1,"Kreis 1",5,"Ehepaar ohne Kinder",30,60
2025,14,"City",1,"Kreis 1",6,"Eingetragenes Paar ohne Kinder",2,4
2025,14,"City",1,"Kreis 1",7,"Ein-Elternhaushalt",13,34
2025,14,"City",1,"Kreis 1",8,"Ehepaar mit Kind(ern)",51,193
2025,14,"City",1,"Kreis 1",10,"Paar mit Kind(ern)",7,25
2025,14,"City",1,"Kreis 1",11,"Patchwork-Haushalt",3,12
2025,14,"City",1,"Kreis 1",12,"Wohngemeinschaft ohne Kinder",28,108
2025,14,"City",1,"Kreis 1",13,"Wohngemeinschaft mit Kind(ern)",8,33
2025,14,"City",1,"Kreis 1",14,"Generationenhaushalt",1,5
2025,21,"Wollishofen",2,"Kreis 2",1,"Einpersonenhaushalt",4223,4223
2025,21,"Wollishofen",2,"Kreis 2",4,"Zweipersonenhaushalt",1528,3056
2025,21,"Wollishofen",2,"Kreis 2",5,"Ehepaar ohne Kinder",1166,2332
2025,21,"Wollishofen",2,"Kreis 2",6,"Eingetragenes Paar ohne Kinder",16,32
2025,21,"Wollishofen",2,"Kreis 2",7,"Ein-Elternhaushalt",600,1477
2025,21,"Wollishofen",2,"Kreis 2",8,"Ehepaar mit Kind(ern)",1737,6591
2025,21,"Wollishofen",2,"Kreis 2",9,"Eingetragenes Paar mit Kind(ern)",1,3
2025,21,"Wollishofen",2,"Kreis 2",10,"Paar mit Kind(ern)",440,1597
2025,21,"Wollishofen",2,"Kreis 2",11,"Patchwork-Haushalt",51,169
2025,21,"Wollishofen",2,"Kreis 2",12,"Wohngemeinschaft ohne Kinder",293,1007
2025,21,"Wollishofen",2,"Kreis 2",13,"Wohngemeinschaft mit Kind(ern)",178,836
2025,21,"Wollishofen",2,"Kreis 2",14,"Generationenhaushalt",40,204
2025,23,"Leimbach",2,"Kreis 2",1,"Einpersonenhaushalt",956,956
2025,23,"Leimbach",2,"Kreis 2",4,"Zweipersonenhaushalt",265,530
2025,23,"Leimbach",2,"Kreis 2",5,"Ehepaar ohne Kinder",357,714
2025,23,"Leimbach",2,"Kreis 2",6,"Eingetragenes Paar ohne Kinder",2,4
2025,23,"Leimbach",2,"Kreis 2",7,"Ein-Elternhaushalt",192,539
2025,23,"Leimbach",2,"Kreis 2",8,"Ehepaar mit Kind(ern)",597,2376
2025,23,"Leimbach",2,"Kreis 2",10,"Paar mit Kind(ern)",92,344
2025,23,"Leimbach",2,"Kreis 2",11,"Patchwork-Haushalt",20,68
2025,23,"Leimbach",2,"Kreis 2",12,"Wohngemeinschaft ohne Kinder",93,309
2025,23,"Leimbach",2,"Kreis 2",13,"Wohngemeinschaft mit Kind(ern)",69,328
2025,23,"Leimbach",2,"Kreis 2",14,"Generationenhaushalt",19,103
2025,24,"Enge",2,"Kreis 2",1,"Einpersonenhaushalt",2026,2026
2025,24,"Enge",2,"Kreis 2",4,"Zweipersonenhaushalt",809,1618
2025,24,"Enge",2,"Kreis 2",5,"Ehepaar ohne Kinder",508,1016
2025,24,"Enge",2,"Kreis 2",6,"Eingetragenes Paar ohne Kinder",8,16
2025,24,"Enge",2,"Kreis 2",7,"Ein-Elternhaushalt",177,430
2025,24,"Enge",2,"Kreis 2",8,"Ehepaar mit Kind(ern)",665,2587
2025,24,"Enge",2,"Kreis 2",9,"Eingetragenes Paar mit Kind(ern)",3,10
2025,24,"Enge",2,"Kreis 2",10,"Paar mit Kind(ern)",169,582
2025,24,"Enge",2,"Kreis 2",11,"Patchwork-Haushalt",28,91
2025,24,"Enge",2,"Kreis 2",12,"Wohngemeinschaft ohne Kinder",240,826
2025,24,"Enge",2,"Kreis 2",13,"Wohngemeinschaft mit Kind(ern)",77,364
2025,24,"Enge",2,"Kreis 2",14,"Generationenhaushalt",15,93
2025,31,"Alt-Wiedikon",3,"Kreis 3",1,"Einpersonenhaushalt",4434,4434
2025,31,"Alt-Wiedikon",3,"Kreis 3",4,"Zweipersonenhaushalt",1887,3774
2025,31,"Alt-Wiedikon",3,"Kreis 3",5,"Ehepaar ohne Kinder",752,1504
2025,31,"Alt-Wiedikon",3,"Kreis 3",6,"Eingetragenes Paar ohne Kinder",19,38
2025,31,"Alt-Wiedikon",3,"Kreis 3",7,"Ein-Elternhaushalt",292,705
2025,31,"Alt-Wiedikon",3,"Kreis 3",8,"Ehepaar mit Kind(ern)",1035,4173
2025,31,"Alt-Wiedikon",3,"Kreis 3",9,"Eingetragenes Paar mit Kind(ern)",1,4
2025,31,"Alt-Wiedikon",3,"Kreis 3",10,"Paar mit Kind(ern)",300,1040
2025,31,"Alt-Wiedikon",3,"Kreis 3",11,"Patchwork-Haushalt",40,131
2025,31,"Alt-Wiedikon",3,"Kreis 3",12,"Wohngemeinschaft ohne Kinder",461,1574
2025,31,"Alt-Wiedikon",3,"Kreis 3",13,"Wohngemeinschaft mit Kind(ern)",131,691
2025,31,"Alt-Wiedikon",3,"Kreis 3",14,"Generationenhaushalt",33,207
2025,31,"Alt-Wiedikon",3,"Kreis 3",15,"Familien-Verbund",1,5
2025,33,"Friesenberg",3,"Kreis 3",1,"Einpersonenhaushalt",1485,1485
2025,33,"Friesenberg",3,"Kreis 3",4,"Zweipersonenhaushalt",362,724
2025,33,"Friesenberg",3,"Kreis 3",5,"Ehepaar ohne Kinder",614,1228
2025,33,"Friesenberg",3,"Kreis 3",6,"Eingetragenes Paar ohne Kinder",2,4
2025,33,"Friesenberg",3,"Kreis 3",7,"Ein-Elternhaushalt",403,1063
2025,33,"Friesenberg",3,"Kreis 3",8,"Ehepaar mit Kind(ern)",1102,4500
2025,33,"Friesenberg",3,"Kreis 3",10,"Paar mit Kind(ern)",228,879
2025,33,"Friesenberg",3,"Kreis 3",11,"Patchwork-Haushalt",17,59
2025,33,"Friesenberg",3,"Kreis 3",12,"Wohngemeinschaft ohne Kinder",63,219
2025,33,"Friesenberg",3,"Kreis 3",13,"Wohngemeinschaft mit Kind(ern)",58,267
2025,33,"Friesenberg",3,"Kreis 3",14,"Generationenhaushalt",18,94
2025,34,"Sihlfeld",3,"Kreis 3",1,"Einpersonenhaushalt",5657,5657
2025,34,"Sihlfeld",3,"Kreis 3",4,"Zweipersonenhaushalt",2306,4612
2025,34,"Sihlfeld",3,"Kreis 3",5,"Ehepaar ohne Kinder",821,1642
2025,34,"Sihlfeld",3,"Kreis 3",6,"Eingetragenes Paar ohne Kinder",18,36
2025,34,"Sihlfeld",3,"Kreis 3",7,"Ein-Elternhaushalt",483,1162
2025,34,"Sihlfeld",3,"Kreis 3",8,"Ehepaar mit Kind(ern)",1012,3965
2025,34,"Sihlfeld",3,"Kreis 3",9,"Eingetragenes Paar mit Kind(ern)",1,4
2025,34,"Sihlfeld",3,"Kreis 3",10,"Paar mit Kind(ern)",365,1269
2025,34,"Sihlfeld",3,"Kreis 3",11,"Patchwork-Haushalt",49,164
2025,34,"Sihlfeld",3,"Kreis 3",12,"Wohngemeinschaft ohne Kinder",500,1648
2025,34,"Sihlfeld",3,"Kreis 3",13,"Wohngemeinschaft mit Kind(ern)",112,583
2025,34,"Sihlfeld",3,"Kreis 3",14,"Generationenhaushalt",49,324
2025,41,"Werd",4,"Kreis 4",1,"Einpersonenhaushalt",1084,1084
2025,41,"Werd",4,"Kreis 4",4,"Zweipersonenhaushalt",503,1006
2025,41,"Werd",4,"Kreis 4",5,"Ehepaar ohne Kinder",155,310
2025,41,"Werd",4,"Kreis 4",6,"Eingetragenes Paar ohne Kinder",8,16
2025,41,"Werd",4,"Kreis 4",7,"Ein-Elternhaushalt",47,110
2025,41,"Werd",4,"Kreis 4",8,"Ehepaar mit Kind(ern)",183,761
2025,41,"Werd",4,"Kreis 4",10,"Paar mit Kind(ern)",81,274
2025,41,"Werd",4,"Kreis 4",11,"Patchwork-Haushalt",8,24
2025,41,"Werd",4,"Kreis 4",12,"Wohngemeinschaft ohne Kinder",147,522
2025,41,"Werd",4,"Kreis 4",13,"Wohngemeinschaft mit Kind(ern)",36,209
2025,41,"Werd",4,"Kreis 4",14,"Generationenhaushalt",20,150
2025,41,"Werd",4,"Kreis 4",15,"Familien-Verbund",1,4
2025,42,"Langstrasse",4,"Kreis 4",1,"Einpersonenhaushalt",3621,3621
2025,42,"Langstrasse",4,"Kreis 4",4,"Zweipersonenhaushalt",1615,3230
2025,42,"Langstrasse",4,"Kreis 4",5,"Ehepaar ohne Kinder",434,868
2025,42,"Langstrasse",4,"Kreis 4",6,"Eingetragenes Paar ohne Kinder",26,52
2025,42,"Langstrasse",4,"Kreis 4",7,"Ein-Elternhaushalt",108,239
2025,42,"Langstrasse",4,"Kreis 4",8,"Ehepaar mit Kind(ern)",280,989
2025,42,"Langstrasse",4,"Kreis 4",10,"Paar mit Kind(ern)",118,402
2025,42,"Langstrasse",4,"Kreis 4",11,"Patchwork-Haushalt",16,50
2025,42,"Langstrasse",4,"Kreis 4",12,"Wohngemeinschaft ohne Kinder",458,1577
2025,42,"Langstrasse",4,"Kreis 4",13,"Wohngemeinschaft mit Kind(ern)",66,309
2025,42,"Langstrasse",4,"Kreis 4",14,"Generationenhaushalt",12,56
2025,44,"Hard",4,"Kreis 4",1,"Einpersonenhaushalt",3100,3100
2025,44,"Hard",4,"Kreis 4",4,"Zweipersonenhaushalt",1313,2626
2025,44,"Hard",4,"Kreis 4",5,"Ehepaar ohne Kinder",491,982
2025,44,"Hard",4,"Kreis 4",6,"Eingetragenes Paar ohne Kinder",12,24
2025,44,"Hard",4,"Kreis 4",7,"Ein-Elternhaushalt",406,962
2025,44,"Hard",4,"Kreis 4",8,"Ehepaar mit Kind(ern)",608,2293
2025,44,"Hard",4,"Kreis 4",10,"Paar mit Kind(ern)",201,722
2025,44,"Hard",4,"Kreis 4",11,"Patchwork-Haushalt",27,87
2025,44,"Hard",4,"Kreis 4",12,"Wohngemeinschaft ohne Kinder",374,1294
2025,44,"Hard",4,"Kreis 4",13,"Wohngemeinschaft mit Kind(ern)",70,315
2025,44,"Hard",4,"Kreis 4",14,"Generationenhaushalt",32,154
2025,51,"Gewerbeschule",5,"Kreis 5",1,"Einpersonenhaushalt",2572,2572
2025,51,"Gewerbeschule",5,"Kreis 5",4,"Zweipersonenhaushalt",1028,2056
2025,51,"Gewerbeschule",5,"Kreis 5",5,"Ehepaar ohne Kinder",316,632
2025,51,"Gewerbeschule",5,"Kreis 5",6,"Eingetragenes Paar ohne Kinder",12,24
2025,51,"Gewerbeschule",5,"Kreis 5",7,"Ein-Elternhaushalt",221,533
2025,51,"Gewerbeschule",5,"Kreis 5",8,"Ehepaar mit Kind(ern)",375,1416
2025,51,"Gewerbeschule",5,"Kreis 5",10,"Paar mit Kind(ern)",164,576
2025,51,"Gewerbeschule",5,"Kreis 5",11,"Patchwork-Haushalt",13,41
2025,51,"Gewerbeschule",5,"Kreis 5",12,"Wohngemeinschaft ohne Kinder",287,970
2025,51,"Gewerbeschule",5,"Kreis 5",13,"Wohngemeinschaft mit Kind(ern)",74,361
2025,51,"Gewerbeschule",5,"Kreis 5",14,"Generationenhaushalt",19,101
2025,52,"Escher Wyss",5,"Kreis 5",1,"Einpersonenhaushalt",1140,1140
2025,52,"Escher Wyss",5,"Kreis 5",4,"Zweipersonenhaushalt",747,1494
2025,52,"Escher Wyss",5,"Kreis 5",5,"Ehepaar ohne Kinder",309,618
2025,52,"Escher Wyss",5,"Kreis 5",6,"Eingetragenes Paar ohne Kinder",24,48
2025,52,"Escher Wyss",5,"Kreis 5",7,"Ein-Elternhaushalt",78,192
2025,52,"Escher Wyss",5,"Kreis 5",8,"Ehepaar mit Kind(ern)",353,1256
2025,52,"Escher Wyss",5,"Kreis 5",10,"Paar mit Kind(ern)",173,599
2025,52,"Escher Wyss",5,"Kreis 5",11,"Patchwork-Haushalt",14,46
2025,52,"Escher Wyss",5,"Kreis 5",12,"Wohngemeinschaft ohne Kinder",194,667
2025,52,"Escher Wyss",5,"Kreis 5",13,"Wohngemeinschaft mit Kind(ern)",65,314
2025,52,"Escher Wyss",5,"Kreis 5",14,"Generationenhaushalt",7,32
2025,61,"Unterstrass",6,"Kreis 6",1,"Einpersonenhaushalt",5263,5263
2025,61,"Unterstrass",6,"Kreis 6",4,"Zweipersonenhaushalt",2170,4340
2025,61,"Unterstrass",6,"Kreis 6",5,"Ehepaar ohne Kinder",1217,2434
2025,61,"Unterstrass",6,"Kreis 6",6,"Eingetragenes Paar ohne Kinder",23,46
2025,61,"Unterstrass",6,"Kreis 6",7,"Ein-Elternhaushalt",584,1447
2025,61,"Unterstrass",6,"Kreis 6",8,"Ehepaar mit Kind(ern)",1758,6714
2025,61,"Unterstrass",6,"Kreis 6",9,"Eingetragenes Paar mit Kind(ern)",1,3
2025,61,"Unterstrass",6,"Kreis 6",10,"Paar mit Kind(ern)",523,1876
2025,61,"Unterstrass",6,"Kreis 6",11,"Patchwork-Haushalt",56,189
2025,61,"Unterstrass",6,"Kreis 6",12,"Wohngemeinschaft ohne Kinder",591,2039
2025,61,"Unterstrass",6,"Kreis 6",13,"Wohngemeinschaft mit Kind(ern)",163,760
2025,61,"Unterstrass",6,"Kreis 6",14,"Generationenhaushalt",27,135
2025,63,"Oberstrass",6,"Kreis 6",1,"Einpersonenhaushalt",2358,2358
2025,63,"Oberstrass",6,"Kreis 6",4,"Zweipersonenhaushalt",812,1624
2025,63,"Oberstrass",6,"Kreis 6",5,"Ehepaar ohne Kinder",596,1192
2025,63,"Oberstrass",6,"Kreis 6",6,"Eingetragenes Paar ohne Kinder",11,22
2025,63,"Oberstrass",6,"Kreis 6",7,"Ein-Elternhaushalt",222,526
2025,63,"Oberstrass",6,"Kreis 6",8,"Ehepaar mit Kind(ern)",709,2650
2025,63,"Oberstrass",6,"Kreis 6",10,"Paar mit Kind(ern)",203,742
2025,63,"Oberstrass",6,"Kreis 6",11,"Patchwork-Haushalt",19,64
2025,63,"Oberstrass",6,"Kreis 6",12,"Wohngemeinschaft ohne Kinder",248,872
2025,63,"Oberstrass",6,"Kreis 6",13,"Wohngemeinschaft mit Kind(ern)",84,382
2025,63,"Oberstrass",6,"Kreis 6",14,"Generationenhaushalt",17,80
2025,71,"Fluntern",7,"Kreis 7",1,"Einpersonenhaushalt",1531,1531
2025,71,"Fluntern",7,"Kreis 7",4,"Zweipersonenhaushalt",473,946
2025,71,"Fluntern",7,"Kreis 7",5,"Ehepaar ohne Kinder",624,1248
2025,71,"Fluntern",7,"Kreis 7",6,"Eingetragenes Paar ohne Kinder",14,28
2025,71,"Fluntern",7,"Kreis 7",7,"Ein-Elternhaushalt",193,479
2025,71,"Fluntern",7,"Kreis 7",8,"Ehepaar mit Kind(ern)",719,2717
2025,71,"Fluntern",7,"Kreis 7",10,"Paar mit Kind(ern)",124,438
2025,71,"Fluntern",7,"Kreis 7",11,"Patchwork-Haushalt",12,39
2025,71,"Fluntern",7,"Kreis 7",12,"Wohngemeinschaft ohne Kinder",140,517
2025,71,"Fluntern",7,"Kreis 7",13,"Wohngemeinschaft mit Kind(ern)",95,476
2025,71,"Fluntern",7,"Kreis 7",14,"Generationenhaushalt",14,61
2025,72,"Hottingen",7,"Kreis 7",1,"Einpersonenhaushalt",2559,2559
2025,72,"Hottingen",7,"Kreis 7",4,"Zweipersonenhaushalt",832,1664
2025,72,"Hottingen",7,"Kreis 7",5,"Ehepaar ohne Kinder",598,1196
2025,72,"Hottingen",7,"Kreis 7",6,"Eingetragenes Paar ohne Kinder",16,32
2025,72,"Hottingen",7,"Kreis 7",7,"Ein-Elternhaushalt",226,538
2025,72,"Hottingen",7,"Kreis 7",8,"Ehepaar mit Kind(ern)",802,3016
2025,72,"Hottingen",7,"Kreis 7",10,"Paar mit Kind(ern)",193,697
2025,72,"Hottingen",7,"Kreis 7",11,"Patchwork-Haushalt",24,77
2025,72,"Hottingen",7,"Kreis 7",12,"Wohngemeinschaft ohne Kinder",217,818
2025,72,"Hottingen",7,"Kreis 7",13,"Wohngemeinschaft mit Kind(ern)",96,442
2025,72,"Hottingen",7,"Kreis 7",14,"Generationenhaushalt",22,104
2025,73,"Hirslanden",7,"Kreis 7",1,"Einpersonenhaushalt",1756,1756
2025,73,"Hirslanden",7,"Kreis 7",4,"Zweipersonenhaushalt",581,1162
2025,73,"Hirslanden",7,"Kreis 7",5,"Ehepaar ohne Kinder",407,814
2025,73,"Hirslanden",7,"Kreis 7",6,"Eingetragenes Paar ohne Kinder",3,6
2025,73,"Hirslanden",7,"Kreis 7",7,"Ein-Elternhaushalt",157,377
2025,73,"Hirslanden",7,"Kreis 7",8,"Ehepaar mit Kind(ern)",452,1697
2025,73,"Hirslanden",7,"Kreis 7",9,"Eingetragenes Paar mit Kind(ern)",1,3
2025,73,"Hirslanden",7,"Kreis 7",10,"Paar mit Kind(ern)",150,523
2025,73,"Hirslanden",7,"Kreis 7",11,"Patchwork-Haushalt",11,36
2025,73,"Hirslanden",7,"Kreis 7",12,"Wohngemeinschaft ohne Kinder",185,634
2025,73,"Hirslanden",7,"Kreis 7",13,"Wohngemeinschaft mit Kind(ern)",49,229
2025,73,"Hirslanden",7,"Kreis 7",14,"Generationenhaushalt",13,72
2025,74,"Witikon",7,"Kreis 7",1,"Einpersonenhaushalt",2375,2375
2025,74,"Witikon",7,"Kreis 7",4,"Zweipersonenhaushalt",587,1174
2025,74,"Witikon",7,"Kreis 7",5,"Ehepaar ohne Kinder",846,1692
2025,74,"Witikon",7,"Kreis 7",6,"Eingetragenes Paar ohne Kinder",8,16
2025,74,"Witikon",7,"Kreis 7",7,"Ein-Elternhaushalt",295,723
2025,74,"Witikon",7,"Kreis 7",8,"Ehepaar mit Kind(ern)",1008,3810
2025,74,"Witikon",7,"Kreis 7",9,"Eingetragenes Paar mit Kind(ern)",1,3
2025,74,"Witikon",7,"Kreis 7",10,"Paar mit Kind(ern)",183,651
2025,74,"Witikon",7,"Kreis 7",11,"Patchwork-Haushalt",15,54
2025,74,"Witikon",7,"Kreis 7",12,"Wohngemeinschaft ohne Kinder",203,722
2025,74,"Witikon",7,"Kreis 7",13,"Wohngemeinschaft mit Kind(ern)",73,343
2025,74,"Witikon",7,"Kreis 7",14,"Generationenhaushalt",12,53
2025,81,"Seefeld",8,"Kreis 8",1,"Einpersonenhaushalt",1766,1766
2025,81,"Seefeld",8,"Kreis 8",4,"Zweipersonenhaushalt",525,1050
2025,81,"Seefeld",8,"Kreis 8",5,"Ehepaar ohne Kinder",299,598
2025,81,"Seefeld",8,"Kreis 8",6,"Eingetragenes Paar ohne Kinder",5,10
2025,81,"Seefeld",8,"Kreis 8",7,"Ein-Elternhaushalt",128,311
2025,81,"Seefeld",8,"Kreis 8",8,"Ehepaar mit Kind(ern)",320,1184
2025,81,"Seefeld",8,"Kreis 8",10,"Paar mit Kind(ern)",70,244
2025,81,"Seefeld",8,"Kreis 8",11,"Patchwork-Haushalt",22,71
2025,81,"Seefeld",8,"Kreis 8",12,"Wohngemeinschaft ohne Kinder",93,309
2025,81,"Seefeld",8,"Kreis 8",13,"Wohngemeinschaft mit Kind(ern)",36,180
2025,81,"Seefeld",8,"Kreis 8",14,"Generationenhaushalt",2,7
2025,82,"Mühlebach",8,"Kreis 8",1,"Einpersonenhaushalt",1744,1744
2025,82,"Mühlebach",8,"Kreis 8",4,"Zweipersonenhaushalt",560,1120
2025,82,"Mühlebach",8,"Kreis 8",5,"Ehepaar ohne Kinder",330,660
2025,82,"Mühlebach",8,"Kreis 8",6,"Eingetragenes Paar ohne Kinder",9,18
2025,82,"Mühlebach",8,"Kreis 8",7,"Ein-Elternhaushalt",125,301
2025,82,"Mühlebach",8,"Kreis 8",8,"Ehepaar mit Kind(ern)",381,1406
2025,82,"Mühlebach",8,"Kreis 8",9,"Eingetragenes Paar mit Kind(ern)",1,3
2025,82,"Mühlebach",8,"Kreis 8",10,"Paar mit Kind(ern)",72,242
2025,82,"Mühlebach",8,"Kreis 8",11,"Patchwork-Haushalt",12,42
2025,82,"Mühlebach",8,"Kreis 8",12,"Wohngemeinschaft ohne Kinder",107,361
2025,82,"Mühlebach",8,"Kreis 8",13,"Wohngemeinschaft mit Kind(ern)",52,233
2025,82,"Mühlebach",8,"Kreis 8",14,"Generationenhaushalt",11,54
2025,83,"Weinegg",8,"Kreis 8",1,"Einpersonenhaushalt",1222,1222
2025,83,"Weinegg",8,"Kreis 8",4,"Zweipersonenhaushalt",392,784
2025,83,"Weinegg",8,"Kreis 8",5,"Ehepaar ohne Kinder",301,602
2025,83,"Weinegg",8,"Kreis 8",6,"Eingetragenes Paar ohne Kinder",6,12
2025,83,"Weinegg",8,"Kreis 8",7,"Ein-Elternhaushalt",152,353
2025,83,"Weinegg",8,"Kreis 8",8,"Ehepaar mit Kind(ern)",371,1387
2025,83,"Weinegg",8,"Kreis 8",10,"Paar mit Kind(ern)",77,271
2025,83,"Weinegg",8,"Kreis 8",11,"Patchwork-Haushalt",13,43
2025,83,"Weinegg",8,"Kreis 8",12,"Wohngemeinschaft ohne Kinder",94,316
2025,83,"Weinegg",8,"Kreis 8",13,"Wohngemeinschaft mit Kind(ern)",45,226
2025,83,"Weinegg",8,"Kreis 8",14,"Generationenhaushalt",9,48
2025,91,"Albisrieden",9,"Kreis 9",1,"Einpersonenhaushalt",4794,4794
2025,91,"Albisrieden",9,"Kreis 9",4,"Zweipersonenhaushalt",1775,3550
2025,91,"Albisrieden",9,"Kreis 9",5,"Ehepaar ohne Kinder",1334,2668
2025,91,"Albisrieden",9,"Kreis 9",6,"Eingetragenes Paar ohne Kinder",17,34
2025,91,"Albisrieden",9,"Kreis 9",7,"Ein-Elternhaushalt",625,1503
2025,91,"Albisrieden",9,"Kreis 9",8,"Ehepaar mit Kind(ern)",1858,6950
2025,91,"Albisrieden",9,"Kreis 9",9,"Eingetragenes Paar mit Kind(ern)",2,6
2025,91,"Albisrieden",9,"Kreis 9",10,"Paar mit Kind(ern)",572,2035
2025,91,"Albisrieden",9,"Kreis 9",11,"Patchwork-Haushalt",63,201
2025,91,"Albisrieden",9,"Kreis 9",12,"Wohngemeinschaft ohne Kinder",308,1033
2025,91,"Albisrieden",9,"Kreis 9",13,"Wohngemeinschaft mit Kind(ern)",140,663
2025,91,"Albisrieden",9,"Kreis 9",14,"Generationenhaushalt",41,206
2025,92,"Altstetten",9,"Kreis 9",1,"Einpersonenhaushalt",8197,8197
2025,92,"Altstetten",9,"Kreis 9",4,"Zweipersonenhaushalt",2989,5978
2025,92,"Altstetten",9,"Kreis 9",5,"Ehepaar ohne Kinder",2070,4140
2025,92,"Altstetten",9,"Kreis 9",6,"Eingetragenes Paar ohne Kinder",29,58
2025,92,"Altstetten",9,"Kreis 9",7,"Ein-Elternhaushalt",862,2123
2025,92,"Altstetten",9,"Kreis 9",8,"Ehepaar mit Kind(ern)",2515,9455
2025,92,"Altstetten",9,"Kreis 9",9,"Eingetragenes Paar mit Kind(ern)",1,5
2025,92,"Altstetten",9,"Kreis 9",10,"Paar mit Kind(ern)",556,1961
2025,92,"Altstetten",9,"Kreis 9",11,"Patchwork-Haushalt",91,302
2025,92,"Altstetten",9,"Kreis 9",12,"Wohngemeinschaft ohne Kinder",714,2445
2025,92,"Altstetten",9,"Kreis 9",13,"Wohngemeinschaft mit Kind(ern)",233,1079
2025,92,"Altstetten",9,"Kreis 9",14,"Generationenhaushalt",83,424
2025,101,"Höngg",10,"Kreis 10",1,"Einpersonenhaushalt",4606,4606
2025,101,"Höngg",10,"Kreis 10",4,"Zweipersonenhaushalt",1566,3132
2025,101,"Höngg",10,"Kreis 10",5,"Ehepaar ohne Kinder",1461,2922
2025,101,"Höngg",10,"Kreis 10",6,"Eingetragenes Paar ohne Kinder",23,46
2025,101,"Höngg",10,"Kreis 10",7,"Ein-Elternhaushalt",673,1657
2025,101,"Höngg",10,"Kreis 10",8,"Ehepaar mit Kind(ern)",1889,7101
2025,101,"Höngg",10,"Kreis 10",10,"Paar mit Kind(ern)",461,1643
2025,101,"Höngg",10,"Kreis 10",11,"Patchwork-Haushalt",45,145
2025,101,"Höngg",10,"Kreis 10",12,"Wohngemeinschaft ohne Kinder",364,1314
2025,101,"Höngg",10,"Kreis 10",13,"Wohngemeinschaft mit Kind(ern)",179,850
2025,101,"Höngg",10,"Kreis 10",14,"Generationenhaushalt",26,113
2025,102,"Wipkingen",10,"Kreis 10",1,"Einpersonenhaushalt",4173,4173
2025,102,"Wipkingen",10,"Kreis 10",4,"Zweipersonenhaushalt",1652,3304
2025,102,"Wipkingen",10,"Kreis 10",5,"Ehepaar ohne Kinder",705,1410
2025,102,"Wipkingen",10,"Kreis 10",6,"Eingetragenes Paar ohne Kinder",22,44
2025,102,"Wipkingen",10,"Kreis 10",7,"Ein-Elternhaushalt",390,922
2025,102,"Wipkingen",10,"Kreis 10",8,"Ehepaar mit Kind(ern)",865,3210
2025,102,"Wipkingen",10,"Kreis 10",10,"Paar mit Kind(ern)",394,1385
2025,102,"Wipkingen",10,"Kreis 10",11,"Patchwork-Haushalt",21,72
2025,102,"Wipkingen",10,"Kreis 10",12,"Wohngemeinschaft ohne Kinder",354,1222
2025,102,"Wipkingen",10,"Kreis 10",13,"Wohngemeinschaft mit Kind(ern)",106,488
2025,102,"Wipkingen",10,"Kreis 10",14,"Generationenhaushalt",14,64
2025,111,"Affoltern",11,"Kreis 11",1,"Einpersonenhaushalt",4358,4358
2025,111,"Affoltern",11,"Kreis 11",4,"Zweipersonenhaushalt",1398,2796
2025,111,"Affoltern",11,"Kreis 11",5,"Ehepaar ohne Kinder",1551,3102
2025,111,"Affoltern",11,"Kreis 11",6,"Eingetragenes Paar ohne Kinder",8,16
2025,111,"Affoltern",11,"Kreis 11",7,"Ein-Elternhaushalt",846,2169
2025,111,"Affoltern",11,"Kreis 11",8,"Ehepaar mit Kind(ern)",2428,9342
2025,111,"Affoltern",11,"Kreis 11",9,"Eingetragenes Paar mit Kind(ern)",2,6
2025,111,"Affoltern",11,"Kreis 11",10,"Paar mit Kind(ern)",335,1214
2025,111,"Affoltern",11,"Kreis 11",11,"Patchwork-Haushalt",73,248
2025,111,"Affoltern",11,"Kreis 11",12,"Wohngemeinschaft ohne Kinder",476,1615
2025,111,"Affoltern",11,"Kreis 11",13,"Wohngemeinschaft mit Kind(ern)",230,1065
2025,111,"Affoltern",11,"Kreis 11",14,"Generationenhaushalt",107,539
2025,115,"Oerlikon",11,"Kreis 11",1,"Einpersonenhaushalt",5536,5536
2025,115,"Oerlikon",11,"Kreis 11",4,"Zweipersonenhaushalt",2149,4298
2025,115,"Oerlikon",11,"Kreis 11",5,"Ehepaar ohne Kinder",1201,2402
2025,115,"Oerlikon",11,"Kreis 11",6,"Eingetragenes Paar ohne Kinder",24,48
2025,115,"Oerlikon",11,"Kreis 11",7,"Ein-Elternhaushalt",484,1177
2025,115,"Oerlikon",11,"Kreis 11",8,"Ehepaar mit Kind(ern)",1442,5406
2025,115,"Oerlikon",11,"Kreis 11",9,"Eingetragenes Paar mit Kind(ern)",1,4
2025,115,"Oerlikon",11,"Kreis 11",10,"Paar mit Kind(ern)",303,1074
2025,115,"Oerlikon",11,"Kreis 11",11,"Patchwork-Haushalt",42,141
2025,115,"Oerlikon",11,"Kreis 11",12,"Wohngemeinschaft ohne Kinder",688,2320
2025,115,"Oerlikon",11,"Kreis 11",13,"Wohngemeinschaft mit Kind(ern)",129,588
2025,115,"Oerlikon",11,"Kreis 11",14,"Generationenhaushalt",30,139
2025,119,"Seebach",11,"Kreis 11",1,"Einpersonenhaushalt",5592,5592
2025,119,"Seebach",11,"Kreis 11",4,"Zweipersonenhaushalt",1917,3834
2025,119,"Seebach",11,"Kreis 11",5,"Ehepaar ohne Kinder",1561,3122
2025,119,"Seebach",11,"Kreis 11",6,"Eingetragenes Paar ohne Kinder",28,56
2025,119,"Seebach",11,"Kreis 11",7,"Ein-Elternhaushalt",770,1963
2025,119,"Seebach",11,"Kreis 11",8,"Ehepaar mit Kind(ern)",2396,9117
2025,119,"Seebach",11,"Kreis 11",9,"Eingetragenes Paar mit Kind(ern)",1,4
2025,119,"Seebach",11,"Kreis 11",10,"Paar mit Kind(ern)",331,1160
2025,119,"Seebach",11,"Kreis 11",11,"Patchwork-Haushalt",71,233
2025,119,"Seebach",11,"Kreis 11",12,"Wohngemeinschaft ohne Kinder",615,2138
2025,119,"Seebach",11,"Kreis 11",13,"Wohngemeinschaft mit Kind(ern)",229,1041
2025,119,"Seebach",11,"Kreis 11",14,"Generationenhaushalt",85,427
2025,121,"Saatlen",12,"Kreis 12",1,"Einpersonenhaushalt",1087,1087
2025,121,"Saatlen",12,"Kreis 12",4,"Zweipersonenhaushalt",365,730
2025,121,"Saatlen",12,"Kreis 12",5,"Ehepaar ohne Kinder",389,778
2025,121,"Saatlen",12,"Kreis 12",6,"Eingetragenes Paar ohne Kinder",2,4
2025,121,"Saatlen",12,"Kreis 12",7,"Ein-Elternhaushalt",354,963
2025,121,"Saatlen",12,"Kreis 12",8,"Ehepaar mit Kind(ern)",858,3496
2025,121,"Saatlen",12,"Kreis 12",10,"Paar mit Kind(ern)",125,464
2025,121,"Saatlen",12,"Kreis 12",11,"Patchwork-Haushalt",20,66
2025,121,"Saatlen",12,"Kreis 12",12,"Wohngemeinschaft ohne Kinder",188,699
2025,121,"Saatlen",12,"Kreis 12",13,"Wohngemeinschaft mit Kind(ern)",76,388
2025,121,"Saatlen",12,"Kreis 12",14,"Generationenhaushalt",24,124
2025,122,"Schwamendingen-Mitte",12,"Kreis 12",1,"Einpersonenhaushalt",2527,2527
2025,122,"Schwamendingen-Mitte",12,"Kreis 12",4,"Zweipersonenhaushalt",864,1728
2025,122,"Schwamendingen-Mitte",12,"Kreis 12",5,"Ehepaar ohne Kinder",633,1266
2025,122,"Schwamendingen-Mitte",12,"Kreis 12",6,"Eingetragenes Paar ohne Kinder",7,14
2025,122,"Schwamendingen-Mitte",12,"Kreis 12",7,"Ein-Elternhaushalt",327,809
2025,122,"Schwamendingen-Mitte",12,"Kreis 12",8,"Ehepaar mit Kind(ern)",721,2692
2025,122,"Schwamendingen-Mitte",12,"Kreis 12",10,"Paar mit Kind(ern)",124,440
2025,122,"Schwamendingen-Mitte",12,"Kreis 12",11,"Patchwork-Haushalt",41,136
2025,122,"Schwamendingen-Mitte",12,"Kreis 12",12,"Wohngemeinschaft ohne Kinder",341,1138
2025,122,"Schwamendingen-Mitte",12,"Kreis 12",13,"Wohngemeinschaft mit Kind(ern)",76,339
2025,122,"Schwamendingen-Mitte",12,"Kreis 12",14,"Generationenhaushalt",31,137
2025,122,"Schwamendingen-Mitte",12,"Kreis 12",15,"Familien-Verbund",1,4
2025,123,"Hirzenbach",12,"Kreis 12",1,"Einpersonenhaushalt",2361,2361
2025,123,"Hirzenbach",12,"Kreis 12",4,"Zweipersonenhaushalt",638,1276
2025,123,"Hirzenbach",12,"Kreis 12",5,"Ehepaar ohne Kinder",704,1408
2025,123,"Hirzenbach",12,"Kreis 12",6,"Eingetragenes Paar ohne Kinder",6,12
2025,123,"Hirzenbach",12,"Kreis 12",7,"Ein-Elternhaushalt",372,947
2025,123,"Hirzenbach",12,"Kreis 12",8,"Ehepaar mit Kind(ern)",1094,4202
2025,123,"Hirzenbach",12,"Kreis 12",9,"Eingetragenes Paar mit Kind(ern)",2,7
2025,123,"Hirzenbach",12,"Kreis 12",10,"Paar mit Kind(ern)",134,495
2025,123,"Hirzenbach",12,"Kreis 12",11,"Patchwork-Haushalt",31,107
2025,123,"Hirzenbach",12,"Kreis 12",12,"Wohngemeinschaft ohne Kinder",220,749
2025,123,"Hirzenbach",12,"Kreis 12",13,"Wohngemeinschaft mit Kind(ern)",107,495
2025,123,"Hirzenbach",12,"Kreis 12",14,"Generationenhaushalt",35,161
2025,123,"Hirzenbach",12,"Kreis 12",15,"Familien-Verbund",1,5
